{"type":"FeatureCollection","crs":{"type":"name","properties":{"name":"urn:ogc:def:crs:OGC:1.3:CRS84"}},"features":[{"type":"Feature","properties":{"Id":895,"Title":"Aigyptiake"},"geometry":{"type":"MultiPolygon","coordinates":[[[[29.002936738886117,30.834237259833483],[29.021102889046514,30.828739547105343],[28.994107066201874,30.833424901118065],[29.002936738886117,30.834237259833483]]],[[[28.976588164054636,30.841742172580556],[28.976820064054518,30.83852446984344],[28.975715864054578,30.840348471395153],[28.976588164054636,30.841742172580556]]],[[[28.97854557548873,30.844334438313375],[28.983349227216422,30.838567296094283],[28.978100764054656,30.842635573340605],[28.97854557548873,30.844334438313375]]],[[[28.96591216405454,30.844218474687366],[28.969146664054602,30.842112572895868],[28.964976564054577,30.84217587294968],[28.96591216405454,30.844218474687366]]],[[[28.9660011640545,30.848587778404806],[28.969272764054594,30.848280978143645],[28.965374064054558,30.847054777100414],[28.9660011640545,30.848587778404806]]],[[[28.96374706405456,30.851012280467593],[28.96630966405463,30.849097278838165],[28.96361806405453,30.848623978435374],[28.96374706405456,30.851012280467593]]],[[[28.958893664054525,30.85075238024638],[28.960576264054534,30.84564907590429],[28.957469164054643,30.846660276764784],[28.958893664054525,30.85075238024638]]],[[[33.250765223384406,31.089246452298482],[33.25688547637048,31.08614241102247],[33.24917875113269,31.08851011204827],[33.250765223384406,31.089246452298482]]],[[[33.27507653232013,31.091989597857363],[33.27017082274225,31.089254054937978],[33.26794614049175,31.090279892762332],[33.27507653232013,31.091989597857363]]],[[[33.387451982896664,31.098085667300968],[33.396559409415836,31.095289257567117],[33.387451982896664,31.095236324557924],[33.387451982896664,31.098085667300968]]],[[[33.28981505222969,31.096870229549832],[33.285940872669606,31.096320713070106],[33.307892075407516,31.10543958720097],[33.28981505222969,31.096870229549832]]],[[[33.132133205889104,31.10597813940712],[33.127449890235276,31.101304999511182],[33.12180261990706,31.104235563544155],[33.132133205889104,31.10597813940712]]],[[[33.361687500423145,31.107284390424827],[33.37144714833149,31.106417778439617],[33.37861029702932,31.1058191667558],[33.37054530507799,31.102809395849864],[33.361687500423145,31.107284390424827]]],[[[33.35279412223564,31.11064589527232],[33.35180002375417,31.106714583906694],[33.34931560799945,31.108291068898176],[33.35279412223564,31.11064589527232]]],[[[32.88752646797157,31.110682689579647],[32.88329576881989,31.10030390625686],[32.881679546672196,31.109705911273178],[32.88752646797157,31.110682689579647]]],[[[33.33997022835132,31.109365783176546],[33.329060728853655,31.106191172906467],[33.30599391128861,31.107015360773705],[33.315619940256965,31.11101409664445],[33.33997022835132,31.109365783176546]]],[[[33.36919817981571,31.112738079816054],[33.36283059823603,31.111082587907887],[33.362914247722024,31.112093234896907],[33.36919817981571,31.112738079816054]]],[[[33.37794479379212,31.110621759934954],[33.37496488919739,31.112083231964064],[33.380605170170185,31.110788231911148],[33.37794479379212,31.110621759934954]]],[[[33.44658669912767,31.11314505899979],[33.439076019734905,31.10720298970305],[33.442783823485854,31.11371482692609],[33.44658669912767,31.11314505899979]]],[[[33.13997807835643,31.11396342183018],[33.1376606113336,31.11112203304546],[33.13731835252588,31.115370882077297],[33.13997807835643,31.11396342183018]]],[[[32.87958796506914,31.11654314837745],[32.87894284206185,31.110977617932114],[32.878704769531026,31.1163968025518],[32.87958796506914,31.11654314837745]]],[[[33.42652653011688,31.119982048402814],[33.43650907867676,31.113877617133863],[33.42700188957204,31.113959012133222],[33.42652653011688,31.119982048402814]]],[[[33.11978666790351,31.12149069524924],[33.126993545158285,31.116103423034644],[33.12175943143132,31.114540682026874],[33.11978666790351,31.12149069524924]]],[[[33.127025393009774,31.12454933934106],[33.12419660187606,31.123245999973673],[33.121395211168384,31.12335026736768],[33.127025393009774,31.12454933934106]]],[[[33.46213964176284,31.145244620273967],[33.47146818749016,31.13878752631839],[33.46073524843674,31.14396003086677],[33.46213964176284,31.145244620273967]]],[[[33.43052972025256,31.149476280329253],[33.42818758460335,31.147773543472923],[33.426523826510156,31.15057045696091],[33.43052972025256,31.149476280329253]]],[[[33.34781477203963,31.16817559471339],[33.34498383462252,31.163461635600093],[33.34327254058362,31.1677935565733],[33.34781477203963,31.16817559471339]]],[[[33.01048116076447,31.180701401581114],[32.92865273394237,31.14188704233311],[32.95848153975818,31.160641204533583],[33.01048116076447,31.180701401581114]]],[[[33.017307272343245,31.183865184219403],[33.01187273167527,31.181398089756755],[33.01968193790218,31.185307758747744],[33.017307272343245,31.183865184219403]]],[[[33.02187072311351,31.18614253580514],[33.01968441715649,31.185308999983036],[33.025252646365765,31.188096726730368],[33.02187072311351,31.18614253580514]]],[[[33.31316049975901,31.193651646668776],[33.31925494549543,31.192130797080278],[33.32492941386429,31.187707993032323],[33.31316049975901,31.193651646668776]]],[[[29.907914666700083,31.1982456667002],[29.881376363705634,31.195553623676687],[29.888983754101776,31.2002447231121],[29.907914666700083,31.1982456667002]]],[[[33.269683264054564,31.207567485442656],[33.32588765497352,31.200027179573134],[33.387701416550385,31.18391966922856],[33.41628913937239,31.172231621098362],[33.45939454870213,31.146949461728163],[33.404525364054564,31.173206455915146],[33.269683264054564,31.207567485442656]]],[[[33.09770952306536,31.20906214630016],[33.10374658814691,31.20959068131976],[33.09256182260779,31.207986061438604],[33.09770952306536,31.20906214630016]]],[[[33.117320619998935,31.214019383780503],[33.11904484381487,31.211111727638873],[33.12320899264274,31.211924839592154],[33.11792299550054,31.210770218533874],[33.11613471504971,31.212802299513424],[33.117320619998935,31.214019383780503]]],[[[33.13923538807908,31.229835380156917],[33.194400852858756,31.227498107321477],[33.26876755268727,31.21373721795818],[33.11672870240521,31.22647510884948],[33.02683705647161,31.188889959599393],[33.08277859250315,31.22221761825625],[33.13923538807908,31.229835380156917]]],[[[32.33434113907826,31.245014982582976],[32.212027664054574,31.289072955599988],[32.329264164054614,31.27534454377152],[32.33434113907826,31.245014982582976]]],[[[30.019815164054616,31.294015559859986],[30.022654364054546,31.291542557728384],[30.02158516405452,31.29091615718849],[30.019815164054616,31.294015559859986]]],[[[30.038406664054637,31.3065133706336],[30.03711926405458,31.304533368926478],[30.037937804135524,31.30744817774714],[30.038406664054637,31.3065133706336]]],[[[30.418795735495113,31.469146810137094],[30.41805906405454,31.467759409982907],[30.416575842762498,31.46932971930507],[30.418795735495113,31.469146810137094]]],[[[30.410507203117362,31.469829747892867],[30.41082356405463,31.46915541119205],[30.410059664054547,31.469654011624044],[30.410507203117362,31.469829747892867]]],[[[25.162566300000062,31.605649700000114],[25.16224950000006,31.6056263],[25.162184100000058,31.605821700000096],[25.162566300000062,31.605649700000114]]],[[[25.161905,31.60630290000002],[25.162381,31.606063100000046],[25.162296400000024,31.60594780000007],[25.161905,31.60630290000002]]],[[[24.013635200000078,32.05037430000002],[24.01443188718512,32.049651846469345],[24.01298380000011,32.049876700000034],[24.013635200000078,32.05037430000002]]],[[[24.015010100000037,32.05108060000019],[24.02035130000005,32.05110430000008],[24.023272298339233,32.04843250262467],[24.015010100000037,32.05108060000019]]],[[[20.04399480000003,32.08435810000005],[20.04398050000007,32.08424410000009],[20.043806797162855,32.08431712073859],[20.04399480000003,32.08435810000005]]],[[[23.1071990036573,32.400962199347084],[23.10338344238737,32.39904047222665],[23.101833789753663,32.39913408420416],[23.1071990036573,32.400962199347084]]],[[[23.1175998685378,32.404261277043446],[23.134618925433955,32.396524107520705],[23.133791717771853,32.38960978961638],[23.119463277602375,32.39411080980347],[23.1175998685378,32.404261277043446]]],[[[23.15491249593725,32.41500110695745],[23.153963929758085,32.41402783571157],[23.153786275875333,32.41481331419852],[23.15491249593725,32.41500110695745]]],[[[23.12074416648322,32.499166352435495],[23.12203106226527,32.4967152667663],[23.12048313708054,32.499211511109145],[23.12074416648322,32.499166352435495]]],[[[23.128802148614227,32.60247065445359],[23.129111704952024,32.6019496864074],[23.12869841471774,32.60239644253711],[23.128802148614227,32.60247065445359]]],[[[20.949406600000035,32.71800960000007],[20.948494693774297,32.71725400732195],[20.94849450000002,32.717752200000035],[20.949406600000035,32.71800960000007]]],[[[21.337859771765405,32.77740890638046],[21.33860290000005,32.77695040000014],[21.337991451225463,32.776952007357394],[21.337859771765405,32.77740890638046]]],[[[21.344082713809687,32.77746681592637],[21.3446899,32.7770617],[21.34408170000002,32.77719250000004],[21.344082713809687,32.77746681592637]]],[[[21.34317070000004,32.7777092],[21.343471900000015,32.77693690000012],[21.34256,32.77719660000003],[21.34317070000004,32.7777092]]],[[[21.41563954840563,32.79169348426504],[21.4156645,32.79162940000008],[21.415555930486995,32.79166036373948],[21.41563954840563,32.79169348426504]]],[[[21.437926,32.80029429999998],[21.4379222,32.79952320000008],[21.437315670465573,32.799965848207755],[21.437926,32.80029429999998]]],[[[21.4855427,32.824284800000065],[21.486452,32.82350990000007],[21.48523270000005,32.82325760000012],[21.4855427,32.824284800000065]]],[[[21.489203400000026,32.825555900000104],[21.49042,32.82529410000006],[21.4892006,32.8250418000001],[21.489203400000026,32.825555900000104]]],[[[21.50601530000002,32.837057800000046],[21.5069246,32.83628290000007],[21.50616130000006,32.8360289],[21.50601530000002,32.837057800000046]]],[[[21.947965368974288,32.89967401231188],[21.9488386,32.89926630000005],[21.948161290763633,32.89927141218729],[21.947965368974288,32.89967401231188]]],[[[21.93086920000002,32.9001725],[21.93052697857278,32.89957101071423],[21.930257,32.89992],[21.93086920000002,32.9001725]]],[[[21.928741600000027,32.90070250000009],[21.92903840000005,32.89992910000003],[21.928399843978756,32.90011388625889],[21.928741600000027,32.90070250000009]]],[[[21.9388185,32.90268380000012],[21.938620371102523,32.901502099411836],[21.938204346495798,32.9024363041387],[21.9388185,32.90268380000012]]],[[[21.9409428361572,32.90286979593212],[21.94150809470972,32.9021170153536],[21.94063880000003,32.9018988000001],[21.9409428361572,32.90286979593212]]],[[[21.970031240107794,32.9059999003415],[21.96993,32.905274],[21.969015800000044,32.90528120000008],[21.970031240107794,32.9059999003415]]],[[[21.97208406631749,32.90603909178383],[21.9723732,32.90576919999999],[21.97176390000006,32.905773900000014],[21.97208406631749,32.90603909178383]]],[[[22.010057569267634,32.90787276020796],[22.009876900000044,32.90752840000001],[22.00970064531512,32.907680887236566],[22.010057569267634,32.90787276020796]]],[[[29.907914666700083,31.1982456667002],[30.069737964054568,31.329448790415423],[30.085403664054503,31.282788450184878],[30.1242063640545,31.271057540078814],[30.179363164054593,31.267926537382046],[30.252509135294204,31.298990316181396],[30.313249135293315,31.350720316182713],[30.36154913529357,31.44741031618281],[30.388741964054535,31.465236507797826],[30.532253264054585,31.45857400202758],[30.973045464054554,31.584693311439253],[31.098111138093195,31.60132740695029],[31.29497186405464,31.552117983141724],[31.52060913529392,31.44903031618189],[31.570969135294813,31.44154031618217],[31.767267164054605,31.485284525166804],[31.845264638071782,31.526445627186348],[31.94180786405461,31.515230751130282],[31.995281557420462,31.469138318176103],[32.00257976405462,31.456099299884702],[31.998239364054562,31.443436888922314],[31.997093364054585,31.464591907239534],[31.990790911237855,31.449799359420346],[31.989765982966574,31.47067615641154],[31.951692264054625,31.50311244062093],[32.02626913529426,31.39021031618161],[32.211126364054586,31.289284355782222],[32.34159275469443,31.241915151335185],[32.5965485469354,31.059623664575003],[32.751663926645975,31.07099188410913],[32.92365712449727,31.145087507386734],[32.79292805474836,31.08057320533128],[32.66823532764826,31.048118676057992],[32.71619909668122,31.048912823550857],[32.698943548456334,31.031725177441917],[32.71539098560728,31.018343547055206],[32.7099481198449,31.027774024020484],[32.787513964054654,31.043451644676473],[32.86953506405457,31.090298484789948],[32.93022969139974,31.087390489070774],[32.90641418269252,31.077273796883897],[32.92640304778498,31.075034544428963],[32.93876239362109,31.089751574096617],[32.92008859065494,31.09615207532295],[32.931045626098005,31.103702573938616],[32.9708632640545,31.08398687938248],[32.983802702004326,31.086759499517672],[32.970373797393975,31.078373046969634],[32.979025339479215,31.060864960931784],[32.96198370300917,31.057749812549606],[33.0079707640546,31.04929764967923],[33.02661206405452,31.064043362301902],[33.00992070013519,31.06706343661235],[33.01212746405455,31.07941327546468],[33.052706055040225,31.08861174727093],[33.06299758724595,31.12139666040097],[33.02572940595571,31.11154813050391],[33.02339065390496,31.088735448646954],[32.95455621152092,31.100814986134882],[32.989328755671295,31.106187645502768],[33.02752388789912,31.152473531424445],[33.09338494042159,31.181515286289592],[33.107722764054586,31.174528357050594],[33.15724691597407,31.112452307757952],[33.11405456747303,31.14307779404951],[33.095385948421395,31.12620110696919],[33.11570647083689,31.115396206470884],[33.09453030140205,31.10916987941709],[33.11581452101016,31.110818196286317],[33.11777712174762,31.09219543531575],[33.151108732549275,31.079977518614374],[33.13793335298168,31.03867161021429],[33.219205162910036,31.05749316103414],[33.19666569724054,31.067160248894133],[33.24750310905294,31.087014066990125],[33.242089913326446,31.07326719035301],[33.28790268082433,31.09273201713048],[33.30011585362795,31.074094717445867],[33.31913023183724,31.075153290189338],[33.30171590788473,31.097836377129518],[33.357399837046515,31.10094217948891],[33.37037715017446,31.085412692173684],[33.379575355633094,31.09815397883706],[33.38100143399881,31.080405265256008],[33.40776417132845,31.084048906919087],[33.41426290026761,31.0959337832344],[33.390877496795476,31.111375758081522],[33.43565343165734,31.097271578095555],[33.46792388138464,31.108471947387876],[33.44965976942644,31.115204479870858],[33.446377473233895,31.142676721631844],[33.591638164054594,31.113325304527173],[33.828719135293625,31.150330316182608],[33.84047947042325,31.059114477041],[33.95945252071475,30.90444951166211],[33.928519527638954,30.85686029154542],[33.459765709490405,30.806891610423033],[33.07667248755171,30.842583525510392],[32.92676644418442,30.878275440597914],[32.800655010875374,30.85686029154542],[32.62992471793864,29.981813506651367],[32.59178151556185,29.90324496329825],[32.560919135294256,29.926220316181634],[32.58152913529369,29.940440316182254],[32.576649135294765,29.95310031618263],[32.56946913529451,29.938730316182006],[32.559889135294654,29.933600316182343],[32.55862419999998,29.959387699999972],[32.47653290000003,29.93650230000006],[32.458529135294086,29.889470316182287],[32.473419135294534,29.86522031618168],[32.50624913529449,29.858780316182678],[32.49980724123407,29.844278421970074],[32.42217810000001,29.76957470000006],[32.36271360000003,29.68213340000004],[32.36172316556387,29.64901644846568],[32.349097,29.6554342],[32.363139135293636,29.642420316182214],[32.34351860000003,29.589081100000083],[32.372446900000014,29.535679499999983],[32.420160439649365,29.50016569437366],[31.452138687548562,29.53145727348542],[31.292877698986256,28.324144298184425],[33.13695997850458,26.396780883462064],[33.160754588562824,24.826336619614008],[33.064216159639955,24.285721417645394],[32.55310525282892,24.43679046998999],[31.496624566240254,24.86033452902782],[31.07781023537233,26.47756148035128],[30.460340104359357,26.845188205752095],[29.444265978330556,28.15582120821022],[27.228248778802783,29.05893502643056],[25.51658030252395,28.941147153560348],[24.568362475386078,30.35802791858141],[23.73472503947471,30.887829857793502],[23.086999433107536,31.496242198572716],[22.272863993638328,31.63843632672341],[20.932254409381013,31.765062216535124],[20.515848733360716,31.6758324288164],[19.95596913529508,31.67336031618294],[19.924219135294972,31.744720316182615],[19.928107082311527,31.8327106278435],[19.94943913529442,31.88831031618259],[19.945499135293677,31.95673031618205],[19.95945020713185,31.99037003229663],[20.033826500000032,32.06037030000006],[20.04524049999998,32.07915380000011],[20.051646662978282,32.103996706593314],[20.071741493616063,32.105910206960004],[20.0554970745657,32.11959882797002],[20.101188600000036,32.18122540000007],[20.359625121698432,32.404733939651315],[20.574027400000023,32.545044],[21.054240164329038,32.756966143091724],[21.350808706659997,32.774028367138826],[21.432160438428124,32.7956299703036],[21.482857524328644,32.81856353069493],[21.500374723014417,32.833738415694434],[21.509501421794518,32.835300493850454],[21.627329135293245,32.92270031618112],[21.70146913529378,32.93795031618162],[21.92282646811901,32.894074549441704],[22.164019925482254,32.93066609283174],[22.177829627031052,32.92035383147973],[22.16782829779614,32.90438420927213],[22.194266870600135,32.880589110828495],[22.375669868350457,32.872348181839286],[22.493557197523582,32.81129823598444],[22.556886199999987,32.80320620000006],[22.58591706384482,32.785795598667555],[22.58100723513595,32.769498209037586],[22.649191348078208,32.7684756095729],[22.925788616428136,32.666143261526244],[23.107429400000093,32.63425480000003],[23.1273770735388,32.60413516030458],[23.099392059052157,32.5702925165335],[23.102423060543057,32.52500666024973],[23.108686443812612,32.507727562168085],[23.157422208210914,32.452133637487016],[23.13528440000005,32.42533739999997],[23.13761369000193,32.40459137885141],[23.094446075325617,32.432191997927454],[23.0998046883189,32.39112442375974],[23.08165912852627,32.3633138790164],[23.095021500000087,32.309063700000074],[23.09991438455606,32.31825350104073],[23.120417903636987,32.29455850336298],[23.220664428150883,32.25611963639258],[23.27201285788745,32.18565054495966],[23.285822250989302,32.20012047061099],[23.293810600000068,32.198685],[23.29734580000007,32.19502240000006],[23.31592340000009,32.15278860000005],[23.326413100000025,32.15542350000007],[23.30569770000002,32.202581100000124],[23.315951900000062,32.21357370000005],[23.45377936372304,32.1505439881012],[23.69383789063895,32.156208581491555],[23.78497136081121,32.14290969220997],[23.948637941531146,32.083143024322105],[24.003927136268015,32.07749856693323],[23.965444500000082,32.07484050000002],[24.08634154720174,31.99733985191234],[24.149729420646306,31.983604793662966],[24.2954308090052,31.990230611516584],[24.310998213923607,31.97429621293026],[24.556529765030056,31.95902442773162],[24.693992385487125,32.002545278668315],[24.764404340159317,32.00103319101979],[24.85888137833771,31.96602001691108],[25.015722771609354,31.938894677100514],[25.04093458789935,31.920472022543372],[25.026995200000062,31.85450750000003],[25.091265562887006,31.769959839892532],[25.088346100000077,31.750914400000067],[25.113751042172613,31.745905856188834],[25.10662689024718,31.733376150418493],[25.131054500000072,31.718334800000125],[25.121207900000062,31.708032200000037],[25.147008500000037,31.675003000000114],[25.15058590000007,31.615808700000056],[25.179967900000076,31.57026790000005],[25.16015090000007,31.552992],[25.206844734785992,31.50665444480098],[25.410402525831838,31.487090796466546],[25.913600260673437,31.612087094916504],[26.508961501738074,31.483261936960947],[26.670410700000055,31.488317],[26.85103837817096,31.42906142844086],[26.99064977702447,31.433362364231908],[27.011208,31.411713],[27.0635919000001,31.406669700000087],[27.092780163726932,31.371859455024293],[27.35192205314856,31.360715054412953],[27.34753380000007,31.33915820000006],[27.385763200000056,31.262130300000134],[27.450973251572538,31.208041329794025],[27.6970951492599,31.17077655866239],[27.866782185070935,31.2313216161706],[27.895841900000022,31.118160300000106],[27.94235060241025,31.08833875608472],[28.161878307437565,31.088394694654184],[28.214520267495097,31.06999230950364],[28.31606436405454,31.067288365080238],[28.419185883885394,31.08359571011624],[28.56166470967258,31.048259131820814],[28.633249675677913,31.0067528477526],[28.707855000040386,31.00231627624783],[28.779937159024684,30.95951068656058],[28.82695347511782,30.94975014356451],[28.85525613296877,30.907895551123342],[28.912233164054527,30.87201789834688],[28.9497273522692,30.859941918858365],[28.950692964054547,30.85781778625913],[28.959494802281633,30.855168412512324],[28.977980285389293,30.845013111244725],[28.969800264054562,30.844930775293133],[28.97327276405452,30.84719157721667],[28.968044464054543,30.846500076628267],[28.971943364054518,30.847726077671428],[28.963984164054608,30.851960681274562],[28.955927664054627,30.851439380830985],[28.952561164054504,30.854447283390783],[28.951378664054523,30.84752347749917],[28.962839164054618,30.839637470790198],[29.066230073042465,30.815082482089075],[29.138826050628655,30.815805956764365],[29.398029135294482,30.897580316182843],[29.552329135294485,30.972920316182226],[29.907914666700083,31.1982456667002]]]]}},{"type":"Feature","properties":{"Id":708,"Title":"Anatolike"},"geometry":{"type":"MultiPolygon","coordinates":[[[[34.243637200000045,27.7307085],[34.2419759,27.725656],[34.24255040000001,27.73136630000007],[34.243637200000045,27.7307085]]],[[[34.8608931,29.46262260000006],[34.859110900000026,29.463045499999954],[34.86056920000002,29.46445490000007],[34.8608931,29.46262260000006]]],[[[34.98778090000004,29.53614190000006],[34.98728020000004,29.53553],[34.98644060000004,29.53595480000001],[34.98778090000004,29.53614190000006]]],[[[32.59201817400957,29.903732439659734],[32.592141436727815,29.89975718049943],[32.59178151556185,29.9032449632983],[32.59201817400957,29.903732439659734]]],[[[34.750272900000056,32.056637900000084],[34.75012810000002,32.056237800000055],[34.74991910000002,32.05651060000002],[34.750272900000056,32.056637900000084]]],[[[34.75102930000008,32.05757420000003],[34.75090050000006,32.057178600000064],[34.750943400000025,32.05749690000005],[34.75102930000008,32.05757420000003]]],[[[34.903323,32.55538639999999],[34.90315949596803,32.55531409244069],[34.90320416496343,32.55548657595339],[34.903323,32.55538639999999]]],[[[34.90358510000005,32.55666570000007],[34.90349237568398,32.55659946414377],[34.90355580613511,32.55684439257618],[34.90358510000005,32.55666570000007]]],[[[34.914293200000024,32.60610810000005],[34.91462040000003,32.60552970000005],[34.913960600000074,32.60581890000005],[34.914293200000024,32.60610810000005]]],[[[34.91418590000005,32.60749540000004],[34.914759900000064,32.60812350000004],[34.91538750000006,32.60742760000004],[34.91418590000005,32.60749540000004]]],[[[34.913467021415926,32.6084141318529],[34.91504420000003,32.6090002],[34.914239500000036,32.60827720000001],[34.913467021415926,32.6084141318529]]],[[[34.91416980000005,32.611472],[34.914759900000064,32.61083030000005],[34.913886339023094,32.61059895647109],[34.91416980000005,32.611472]]],[[[34.9270042377901,32.67883691426902],[34.926978225231984,32.678813299960126],[34.927010265495525,32.67898024347861],[34.9270042377901,32.67883691426902]]],[[[35.07223780000003,32.91867859999996],[35.072152,32.91847140000007],[35.07194490000003,32.918557],[35.07223780000003,32.91867859999996]]],[[[35.19930129082164,33.26760229000836],[35.20054327626685,33.26700996527367],[35.198028861620955,33.26782998449037],[35.19930129082164,33.26760229000836]]],[[[35.19238481074801,33.27571399918734],[35.19784211407093,33.26785826226028],[35.192577965227436,33.2672046825072],[35.19238481074801,33.27571399918734]]],[[[35.808632939863834,34.45721819732295],[35.81014003986387,34.45649449753532],[35.80842713986389,34.45684999743092],[35.808632939863834,34.45721819732295]]],[[[35.81225483986386,34.45759519721236],[35.81205643986384,34.457557597223314],[35.812311239863874,34.457659297193466],[35.81225483986386,34.45759519721236]]],[[[35.81155483986393,34.45745809725264],[35.81138313986381,34.45774559716819],[35.81171843986391,34.45755979722268],[35.81155483986393,34.45745809725264]]],[[[35.80642773986387,34.457621297204646],[35.80749203986385,34.45744579725615],[35.80633013986385,34.457409197266855],[35.80642773986387,34.457621297204646]]],[[[35.80551453986389,34.460721896294935],[35.80551453986389,34.46040469638798],[35.80522263986382,34.4605632963415],[35.80551453986389,34.460721896294935]]],[[[35.80495623986382,34.465269294960606],[35.805499839863884,34.46443949520415],[35.804713939863866,34.464836395087644],[35.80495623986382,34.465269294960606]]],[[[35.80428793986384,34.466157494699914],[35.80472373986383,34.46560759486135],[35.80421143986387,34.465789294808005],[35.80428793986384,34.466157494699914]]],[[[35.803607239863915,34.46744019432354],[35.804140639863896,34.467803794216906],[35.80420463986391,34.467464794316335],[35.803607239863915,34.46744019432354]]],[[[35.80301423986391,34.46908949383949],[35.803502839863874,34.46879649392563],[35.80269953986382,34.468840993912444],[35.80301423986391,34.46908949383949]]],[[[32.93845216576268,34.599683435030684],[32.99616080362787,34.60320494469564],[33.034427066132054,34.56734673831882],[32.93428434330835,34.566546036330536],[32.93845216576268,34.599683435030684]]],[[[32.63427290000002,34.66319850000003],[32.63475690000002,34.66305469999997],[32.63440640000004,34.6628887],[32.63427290000002,34.66319850000003]]],[[[32.857729,34.667676],[32.856798,34.666904],[32.856485,34.667674],[32.857729,34.667676]]],[[[35.85621413986391,34.8586445789509],[35.85586643986385,34.85834987903822],[35.85577523986384,34.85848707899752],[35.85621413986391,34.8586445789509]]],[[[35.86224573986387,34.85448168018455],[35.860577339863916,34.858628678955576],[35.86122583986378,34.858236779071746],[35.86224573986387,34.85448168018455]]],[[[32.322449,34.888052],[32.322457,34.887153],[32.321515,34.887919],[32.322449,34.888052]]],[[[32.310636100000025,34.899794800000066],[32.312502900000034,34.89914980000006],[32.31033030000001,34.899281800000054],[32.310636100000025,34.899794800000066]]],[[[33.967476439863866,34.9861685410961],[33.96873813986391,34.98529654135532],[33.96714173986386,34.98559894126534],[33.967476439863866,34.9861685410961]]],[[[34.06918923986392,35.00096033669735],[34.06992323986391,35.001196236627216],[34.069425839863904,35.000554436818135],[34.06918923986392,35.00096033669735]]],[[[34.05979613986385,35.01369613290878],[34.060074904628486,35.01414633314428],[34.060021426689815,35.013654809689115],[34.05979613986385,35.01369613290878]]],[[[34.056138739863876,35.01554763235796],[34.05600313986387,35.01549423237386],[34.05615213986392,35.01558053234814],[34.056138739863876,35.01554763235796]]],[[[32.35291670000005,35.05563480000007],[32.35256570000007,35.05524790000004],[32.35259160000003,35.055595],[32.35291670000005,35.05563480000007]]],[[[32.34816050000005,35.05870760000003],[32.347823400000046,35.05845929999997],[32.34792440000005,35.05890640000002],[32.34816050000005,35.05870760000003]]],[[[32.333411,35.075075],[32.334511,35.07431],[32.333732,35.074049],[32.333411,35.075075]]],[[[32.30798890000001,35.08376570000003],[32.30721830000008,35.0833922],[32.30774590000005,35.08416350000002],[32.30798890000001,35.08376570000003]]],[[[33.32487020000006,35.34114],[33.32483760000005,35.341074],[33.324789300000035,35.3411221],[33.32487020000006,35.34114]]],[[[33.32780410000005,35.34118120000005],[33.32774280000008,35.34112910000004],[33.32773710000002,35.341189899999975],[33.32780410000005,35.34118120000005]]],[[[33.32500120000004,35.341192099999965],[33.324969,35.34114840000002],[33.324955600000045,35.341179],[33.32500120000004,35.341192099999965]]],[[[33.32751440000007,35.34125990000002],[33.32753360000004,35.3412101],[33.32750410000004,35.34123629999995],[33.32751440000007,35.34125990000002]]],[[[33.25134560000006,35.34687380000005],[33.25123030000005,35.3468016],[33.25120030000002,35.346922],[33.25134560000006,35.34687380000005]]],[[[33.251990300000045,35.34720920000002],[33.25148440000005,35.34688450000005],[33.25154809999999,35.347104800000054],[33.251990300000045,35.34720920000002]]],[[[33.23534440000004,35.34831419999997],[33.2353205,35.34785770000001],[33.23490530000002,35.3480925],[33.23534440000004,35.34831419999997]]],[[[33.22132330000005,35.35375860000002],[33.22117,35.35355340000003],[33.221111,35.353584],[33.22132330000005,35.35375860000002]]],[[[33.2078289,35.35752110000003],[33.20787720000004,35.357136100000034],[33.207764500000025,35.3572105],[33.2078289,35.35752110000003]]],[[[33.62226125467426,35.35773446289632],[33.621938,35.357479],[33.62194,35.357736],[33.62226125467426,35.35773446289632]]],[[[34.17090113986387,35.557078070148926],[34.17160073986389,35.557484570026304],[34.17151323986388,35.55680117023246],[34.17090113986387,35.557078070148926]]],[[[34.18487043986384,35.56371786814658],[34.184482239863925,35.563536868201254],[34.18436704193557,35.563546562389874],[34.18487043986384,35.56371786814658]]],[[[34.4023029398639,35.63695424603992],[34.40185493986391,35.6369237460491],[34.402230539863865,35.63710034599573],[34.4023029398639,35.63695424603992]]],[[[35.79731158849203,35.68609597817606],[35.79755443986383,35.68570473130237],[35.79724873465349,35.68577485706434],[35.79731158849203,35.68609597817606]]],[[[34.58863193986387,35.69490762851843],[34.564714067844655,35.64526750880873],[34.437519639863865,35.60183875664463],[34.410110462424875,35.5577959339931],[34.286205251441295,35.48078597078521],[34.13433083986388,35.41596721262559],[34.08095783986391,35.36814722698689],[34.07028913529381,35.332030316181495],[33.966366839863916,35.32157824095624],[33.90667523986383,35.25734626019778],[33.91022983986389,35.16628628742363],[33.988016839863896,35.07645671422156],[34.02497660317667,35.051420443236864],[34.05458083986388,35.0162738321418],[34.05995743986384,35.01189853344359],[34.06384913529444,35.01296031618218],[34.08537533986388,34.956146250018826],[33.97075553986386,34.98810154052137],[33.899405139863894,34.97139554548745],[33.86513474563218,34.943163312833896],[33.77615333986387,34.98040054281086],[33.68669730000003,34.975256299999984],[33.64443763068704,34.941615447315606],[33.62414590000006,34.84886],[33.631337912499454,34.894143698244555],[33.60363913529357,34.910070316182214],[33.61806913529434,34.875440316182015],[33.602766633665574,34.81583207330299],[33.55137660000004,34.81915780000002],[33.49589913529379,34.77751031618207],[33.326092,34.71911],[33.118311766300934,34.705720234211185],[32.944194892216146,34.62290691296736],[32.87472920000001,34.66688010000003],[32.85050001849296,34.67048355327088],[32.791122200000025,34.664291],[32.70319325370841,34.64044507713733],[32.555040500000025,34.697957400000035],[32.49435610000005,34.70285450000008],[32.39980410000005,34.75490880000006],[32.387829095519656,34.841133350072155],[32.34757760000003,34.85693130000004],[32.316033,34.8993971],[32.32529740000007,34.92600050000004],[32.301522400000074,34.95608510000007],[32.313779200000084,34.995944],[32.271468300000045,35.0485961],[32.276235520146116,35.09941455143505],[32.281301,35.099962],[32.28220629843201,35.10424803861886],[32.287929852124314,35.10537543950194],[32.304838,35.083344599999975],[32.35849170000002,35.047873300000056],[32.402566,35.03952410000002],[32.47672470000008,35.072803],[32.55142040000004,35.17575230000004],[32.65175512417682,35.19565274743447],[32.73828013242248,35.18001107437977],[32.824557,35.140836],[32.85285580000007,35.14848],[32.90056160000009,35.178635],[32.93343120000006,35.25765539999997],[32.93943930000007,35.30754150000007],[32.92032640000006,35.40395710000005],[32.99387160000001,35.368133600000036],[33.063747,35.3552077],[33.097222,35.353807],[33.11310529000366,35.36844427306489],[33.17062230000006,35.35127629999997],[33.19639360000005,35.358914799999965],[33.24196380000008,35.34468190000003],[33.29189340000002,35.350561600000084],[33.302046700000055,35.34198340000003],[33.348215900000035,35.334868299999975],[33.480711100000114,35.332186100000015],[33.647479287246874,35.35689184987693],[33.77159583986384,35.41407421319443],[33.849994739863845,35.41278551358168],[33.97758483986385,35.44586020363952],[34.12600673120165,35.50514136571864],[34.169386161581265,35.5455536873072],[34.17280894923845,35.559515601589744],[34.232748696874005,35.55707564921253],[34.31274683986387,35.587603160941136],[34.3470134559721,35.620270568368696],[34.490829639863904,35.65865543948168],[34.554438839863906,35.690972129709024],[34.58863193986387,35.69490762851843]]],[[[34.589214639863854,35.695554728322556],[34.59152183986382,35.69610802815525],[34.588921739863856,35.6948888285241],[34.589214639863854,35.695554728322556]]],[[[34.593249939863846,35.6971769278318],[34.59252673986388,35.697075927862386],[34.59297333986389,35.69751082773072],[34.593249939863846,35.6971769278318]]],[[[34.59668577282523,35.69818436863547],[34.5965688398638,35.69811282754863],[34.596594239863826,35.69819522752368],[34.59668577282523,35.69818436863547]]],[[[34.59670333986387,35.69837242747011],[34.59676116444126,35.698328455667216],[34.596705939863824,35.698337427480645],[34.59670333986387,35.69837242747011]]],[[[34.59685457116319,35.69850697282902],[34.59684250246909,35.69848390736902],[34.59684543986389,35.698502227430794],[34.59685457116319,35.69850697282902]]],[[[35.88657719343192,35.90442471347594],[35.887035278750126,35.903568822358814],[35.88632897511993,35.903928276851865],[35.88657719343192,35.90442471347594]]],[[[33.37793727271193,36.11408954210496],[33.37758730161866,36.113880646255026],[33.377461263681475,36.11408583067533],[33.37793727271193,36.11408954210496]]],[[[32.469385,36.124946],[32.468755,36.12443],[32.468752,36.124943],[32.469385,36.124946]]],[[[33.532359900000074,36.125092700000074],[33.53372440000007,36.12074720000002],[33.529403200000075,36.1203501],[33.532359900000074,36.125092700000074]]],[[[33.532099500000044,36.126578500000036],[33.530176,36.126313900000014],[33.52989040000003,36.12892590000006],[33.532099500000044,36.126578500000036]]],[[[33.365263200000086,36.1388907],[33.36520490000006,36.13802360000005],[33.36427130000004,36.138476],[33.365263200000086,36.1388907]]],[[[32.42865220000008,36.14679370000004],[32.42815710000004,36.14638790000003],[32.428025400000024,36.1466736],[32.42865220000008,36.14679370000004]]],[[[32.4237302,36.149617100000064],[32.42323650000007,36.149278200000026],[32.42325289999999,36.150215],[32.4237302,36.149617100000064]]],[[[33.692536,36.159962],[33.69734410000004,36.160469],[33.69781680000002,36.159755100000055],[33.692536,36.159962]]],[[[33.77496178546822,36.199920304674954],[33.77650788546827,36.184460860709095],[33.75782418546821,36.18181397030106],[33.77496178546822,36.199920304674954]]],[[[33.810752839863895,36.243777961353146],[33.80998503167079,36.24374520271171],[33.810303211867215,36.24456254633311],[33.810752839863895,36.243777961353146]]],[[[33.828783553084754,36.2674086670581],[33.82583395308477,36.26715056787975],[33.82745765308475,36.26912106160739],[33.828783553084754,36.2674086670581]]],[[[39.69359885223194,38.426088169639726],[39.857781661634185,38.4011038290785],[40.00768770500151,38.418949786622235],[40.15402455686008,38.351135147956136],[40.17900889742126,38.24762859420249],[40.14688617384263,38.186952338553844],[40.22897757854374,38.16553718950131],[40.18257808893002,37.95495489048552],[40.37174523889355,37.91569378388929],[40.42885230303347,37.92997054992423],[40.62158864450572,37.90141701785429],[40.73223358127687,37.93710893294175],[40.89641639067915,37.90855540087177],[40.9642310293453,37.65871199525963],[41.04275324253772,37.46597565378736],[41.13555222176506,37.39459182361243],[41.07487596611638,37.2696701208063],[41.032045668011456,36.95915045954548],[40.98921536990649,36.93059692747554],[40.98921536990649,36.89490501238809],[40.93924668878412,36.8520747142831],[40.93567749727533,36.76641411807326],[40.82146336899549,36.737860586003336],[40.785771453908005,36.70930705393331],[40.73580277278556,36.71287624544205],[40.703680049206895,36.65933837281089],[40.62158864450572,36.65933837281089],[40.71867065354378,36.508242598940534],[40.66632251141552,36.43685876876588],[40.633010057333884,36.42972038574839],[40.642527901357205,36.391649009655104],[40.583041376211476,36.21794835622952],[40.633010057333884,36.18463590214788],[40.637768979345545,36.11325207197297],[40.71867065354378,36.08707800090886],[40.70201442650297,35.99903794369317],[40.754362568631265,35.95858710659401],[40.74722418561372,35.925274652512435],[40.61159490828145,35.85151136133162],[40.61159490828145,35.80154268020922],[40.45930940390825,35.38989592620061],[40.39506395675089,35.36610131614232],[40.29600501219386,35.276948860905975],[39.86199132473056,34.95714930172227],[38.653225133768714,34.27828907675919],[37.749902420588555,33.16732468178944],[36.57974298444646,31.327366801347218],[35.44144849694077,29.72420494866933],[34.94865761078069,29.331049644510063],[34.963954899999976,29.39741930000002],[34.97958750000005,29.4084043],[34.96750960000004,29.4465524],[35.00128830000001,29.517392100000077],[34.98826380000004,29.540373],[34.9586222,29.5543015],[34.91371870000001,29.498437300000056],[34.85907230000004,29.47216830000003],[34.77834670000004,29.340225400000023],[34.742562,29.3126883],[34.73422840000004,29.198632200000034],[34.69173360000001,29.1616752],[34.6639573,29.04526050000005],[34.68535970000004,29.0106771],[34.682020301049974,28.977025887601894],[34.63929270000002,28.949325099999967],[34.648384,28.86505630000001],[34.62088809999999,28.83607920000004],[34.621498782388905,28.722847774683512],[34.57490320000002,28.65159329999998],[34.575466700000035,28.623819799999982],[34.5518687,28.61092960000005],[34.519091600000024,28.55301139999998],[34.5094339158804,28.473054846731845],[34.4884818,28.4782648],[34.4730682,28.460555400000096],[34.4416207,28.359176799999986],[34.409674900000034,28.320212899999948],[34.410608800000034,28.233370600000054],[34.44953469999999,28.172596200000022],[34.42747329999999,28.0829329],[34.4407734,28.0555127],[34.427271424416396,27.974470582218874],[34.384639,27.951533900000015],[34.3664286,27.91581280000007],[34.32829519999998,27.91178150000003],[34.31584520000002,27.84765340000002],[34.294432300000025,27.86216610000006],[34.288506400000045,27.8483877],[34.273081799999986,27.853858399999975],[34.25784950000004,27.7884504],[34.20547829999999,27.78871540000004],[34.223402900000046,27.762249900000036],[34.255746,27.7656543],[34.256329135294415,27.728640316181647],[34.18701140000004,27.784223499999985],[34.093770816302474,27.78922020644714],[33.9857466,27.883690899999987],[33.9524501,27.886406199999964],[33.9136679,27.93654349999999],[33.87960240000001,27.9306039],[33.763639135293374,28.019950316181962],[33.7599366,28.048406400000047],[33.70866782298874,28.07300243693648],[33.66673090000001,28.163082400000018],[33.628372100000014,28.180440699999945],[33.623055500000014,28.2274726],[33.59314510000002,28.244134800000044],[33.5672957,28.293381100000055],[33.4046069,28.38923180000001],[33.3644991,28.454916399999963],[33.306775900000034,28.488993800000042],[33.25904850000005,28.542414700000045],[33.27090760000005,28.55013890000001],[33.25994750000004,28.580123699999966],[33.234590799999985,28.579051800000062],[33.2542956,28.54954410000007],[33.24172019999998,28.5551387],[33.219435,28.6180392],[33.2074944,28.618976300000067],[33.2064712,28.620144199999967],[33.2227398,28.62886680000003],[33.1983451,28.6706988],[33.2311282,28.768573199999967],[33.173560468772806,28.872710734705993],[33.18868530000006,28.919699799999982],[33.170371,28.944810800000027],[33.179513,29.003662200000075],[33.09780660000004,29.04737230000001],[33.003625300000046,29.1575521],[32.97591370000004,29.1677415],[32.95134460000004,29.203071500000036],[32.919112085164514,29.21141031949128],[32.8689716,29.289634499999977],[32.830404,29.314870200000076],[32.8187321,29.403479300000065],[32.74926664052536,29.444165477894426],[32.7347942,29.4780924],[32.73212780000004,29.469712299999987],[32.72651237555869,29.468177599563646],[32.7267936,29.550251200000027],[32.710887200000045,29.58450370000006],[32.68196382348534,29.602746972857947],[32.6959806,29.73083210000001],[32.612035190904024,29.81920716359021],[32.63464820000003,29.866847500000013],[32.59285247558352,29.90545095974462],[32.62992471793867,29.981813506651367],[32.800655010875346,30.85686029154542],[32.92676644418438,30.87827544059785],[33.07667248755171,30.842583525510392],[33.45976570949036,30.806891610423033],[33.928519527638954,30.85686029154542],[33.959452520714706,30.904449511662047],[33.84047947042321,31.059114477041],[33.828719135293625,31.150330316182608],[34.03853513902086,31.21874124610378],[34.22231240000009,31.3263508],[34.451432361836964,31.54386657211468],[34.6176254459088,31.774626942124904],[34.71453431311977,31.95731978329672],[34.81918320000003,32.22806050000005],[34.91117840000006,32.572559199999986],[34.93227390000008,32.7061819],[34.945665300000044,32.72318950000003],[34.95426913529411,32.82103031618139],[34.98130913529331,32.83642031618187],[35.031965047421,32.8089388952563],[35.06339913529302,32.851140316182615],[35.08340913529331,32.906530316182526],[35.07745140000003,32.91995110000007],[35.067973667945616,32.91932214594291],[35.106182952733796,33.101237951062],[35.19140420000004,33.178985799999985],[35.21429913529367,33.249110316183],[35.201271064920896,33.26668357612208],[35.244875,33.33367910000002],[35.280876325635795,33.45023713678551],[35.354833300000045,33.51620519999999],[35.397921800000056,33.61251560000005],[35.39789380000005,33.64702820000004],[35.415588600000035,33.655244],[35.41618532240618,33.688389156021046],[35.43650450000005,33.69861930000002],[35.47839173986386,33.79247089069552],[35.483192137159115,33.86088078116858],[35.46786958625568,33.892747921089835],[35.572300039863876,33.90461345830602],[35.61398763986389,33.98486953506812],[35.643497839863876,33.9978356313092],[35.62246276536546,34.02660413026924],[35.65089799518917,34.09507140759956],[35.627491380783674,34.14427508106859],[35.63222055137708,34.191794718322804],[35.65995993093728,34.24045114997822],[35.65261543986389,34.27512445062236],[35.68036718321055,34.31187237133058],[35.720354349724474,34.31516119945202],[35.736311342992785,34.375641237075996],[35.81991838762284,34.4099472602981],[35.80669783986389,34.45486789801238],[35.90234763986383,34.46645059461392],[35.987177239863875,34.53127227557622],[35.98725442305346,34.60503000177064],[35.93238773986383,34.73616531519455],[35.92707033986388,34.78386230109339],[35.8641907924192,34.907216762953865],[35.87986967236431,34.920100063491],[35.87801577048884,34.989352698115475],[35.898426339863896,35.00941133418353],[35.887952539863875,35.10650590526393],[35.92708483986385,35.15617149044395],[35.92674011465018,35.17778102131755],[35.952952639863895,35.19353417928323],[35.92026215367392,35.279082069978976],[35.91469866544978,35.41834604780134],[35.81085639245436,35.49994721923407],[35.76373733986385,35.505696785632544],[35.77548846058645,35.54068484419483],[35.73292068303678,35.561386765110804],[35.74099163986392,35.58255356246473],[35.719096172279066,35.582890300130536],[35.775235439863906,35.60797845479106],[35.7851252398639,35.63296744724438],[35.76821983986389,35.66995993606402],[35.799137139863824,35.68550793136204],[35.84449618133551,35.741920427252],[35.82262303986386,35.8249825891021],[35.79984183986383,35.85327828051126],[35.844273939863825,35.850460181367104],[35.87687283986388,35.86864607584296],[35.92250683986384,35.95538704946127],[35.981748839863876,36.01017803276852],[35.899181839863836,36.155011988537375],[35.79051718153631,36.28091656373899],[35.77980971343577,36.31926698927109],[35.81775527832115,36.35849498747481],[35.85475283986387,36.37028992250992],[35.90229365131251,36.43867091602451],[35.98291583986383,36.47451289042241],[36.03821423986385,36.53416437202187],[36.1455964000001,36.58929120000003],[36.19062723500521,36.59448295580231],[36.215323199999986,36.6597098],[36.193383570048795,36.70645098923005],[36.20456,36.784868],[36.11941667094277,36.88074001254778],[36.005752,36.93045549999997],[35.792505,36.766885],[35.666729,36.766948],[35.59313347003183,36.71577000937847],[35.562741768628776,36.71328544426228],[35.577090088417734,36.64190544145375],[35.557956870344604,36.60489886766139],[35.54797432178476,36.620256844744745],[35.54277221231474,36.59723423026159],[35.417893700000086,36.589954200000065],[35.339809498026405,36.538650514492026],[35.33344772582067,36.55824562275951],[35.351616959803366,36.596462852904835],[35.31788377885957,36.634532675949224],[35.155828284179655,36.689789932070454],[34.988412626040116,36.76932054578433],[34.91765423075985,36.771114865861215],[34.79599504121969,36.807300831018765],[34.65478997419699,36.808736987471065],[34.562059,36.768094],[34.432367166804895,36.66798508517115],[34.263031,36.573698],[34.16731350741797,36.46648112155408],[34.13292125083189,36.45948496644737],[34.110517157741654,36.42611918603786],[34.082081839863825,36.41441490893471],[34.0727946754119,36.31890702326915],[34.04603861480051,36.293336261075915],[34.01099570996013,36.30808170299867],[33.999610851007304,36.30559652317282],[33.98012111334278,36.28609540836391],[33.976294469728124,36.27446521363827],[34.016704389074086,36.301496576894564],[34.018744069080405,36.29979267341261],[33.96308913529322,36.23384031618286],[33.93603152386997,36.28772388050241],[33.869559135293045,36.31721031618136],[33.832094178983375,36.28507999088855],[33.8404635398639,36.2753686516646],[33.81486983986387,36.273682952181886],[33.80894715839433,36.24078298358435],[33.695489,36.17138],[33.68722450000008,36.15944250000004],[33.699549422214176,36.14570782310919],[33.689783,36.135055],[33.64720930000008,36.194207099999986],[33.5925691352946,36.17647031618252],[33.560799,36.125836],[33.538948,36.126194],[33.54352290000004,36.142846],[33.46087685320049,36.1598511530844],[33.393525256555606,36.124961131682916],[33.35203913529396,36.154660316182145],[33.303327,36.13139],[33.143032840091315,36.13776017214908],[33.081227,36.06995],[33.05140730509477,36.09534685545796],[32.94761390000008,36.1034215],[32.86783887911948,36.07031014299406],[32.79969720000006,36.017653100000025],[32.682685419484265,36.04242930374314],[32.564479500000104,36.10045780000004],[32.537607907511344,36.09262347988638],[32.487799135294715,36.11069031618166],[32.460452,36.134541],[32.416196400000054,36.15352030000001],[32.412729,36.16271],[32.37989634293896,36.17411158644017],[32.34292408991316,36.21399234434513],[32.296969135293224,36.235630316181194],[32.275091500000045,36.28881189999998],[32.214784039046584,36.338272559170086],[32.20554876371937,36.39519849504596],[32.135295563112564,36.47190778333957],[32.09865834055476,36.81059763547865],[32.15543822880633,37.02162608343329],[32.26608316557741,37.12513263718694],[32.5230649542071,37.210793233396764],[32.81448317774274,37.216104681387044],[33.26188759651745,37.142978594730586],[33.462785885816615,37.01745221139788],[35.00467661759444,37.53141578865721],[35.612930302978185,37.69548359077839],[35.94772046649874,37.72760631435703],[36.51165272488054,37.83825125112818],[38.00714396704471,37.931050230355595],[38.92442618479227,38.130924954845284],[39.001663489041555,38.22715035792114],[38.88887703736527,38.25855924319803],[38.878883301140725,38.33850913299397],[38.78037361549933,38.348502869218464],[38.75610311323993,38.391333167323474],[38.66330413401256,38.40703760996184],[39.1832044664813,38.600978553568204],[39.458032212654686,38.55100987244578],[39.69359885223194,38.426088169639726]],[[35.3083373540228,36.66328613921852],[35.30992502820156,36.65891793289385],[35.309755932708605,36.66280575215494],[35.3083373540228,36.66328613921852]]]]}},{"type":"Feature","properties":{"Id":279,"Title":"Asiane"},"geometry":{"type":"MultiPolygon","coordinates":[[[[26.884950900000057,35.342858100000086],[26.88491520000017,35.34261370000013],[26.884861699999988,35.34283190000008],[26.884950900000057,35.342858100000086]]],[[[26.860354899999965,35.3455447],[26.86022380000002,35.34405970000012],[26.859631499999985,35.345000100000114],[26.860354899999965,35.3455447]]],[[[26.8600932,35.34572750000007],[26.8600007,35.34549580000003],[26.859980200000095,35.3456437],[26.8600932,35.34572750000007]]],[[[26.860102,35.3460486999999],[26.8591872,35.34577229999993],[26.85955240000003,35.34696139999993],[26.860102,35.3460486999999]]],[[[26.89116510000017,35.3493468],[26.890981400000058,35.34914029999993],[26.89084949999993,35.34933720000007],[26.89116510000017,35.3493468]]],[[[26.89518720000007,35.351002700000016],[26.894974300000012,35.3507432000001],[26.89512440000002,35.351021],[26.89518720000007,35.351002700000016]]],[[[26.8982459,35.35292070000015],[26.899332600000037,35.35280139999996],[26.898556000000124,35.35236540000005],[26.8982459,35.35292070000015]]],[[[26.84163990000014,35.35545320000009],[26.844257700000057,35.35567870000011],[26.845062699999968,35.35488470000006],[26.84163990000014,35.35545320000009]]],[[[26.849840700000126,35.356514],[26.849588600000043,35.3564852],[26.849568400000145,35.356588],[26.849840700000126,35.356514]]],[[[26.841492000000123,35.35699110000004],[26.84236490000011,35.3570986000001],[26.842498200000087,35.35686260000015],[26.841492000000123,35.35699110000004]]],[[[26.84107330000015,35.35773430000018],[26.841036400000156,35.35765160000009],[26.84100180000007,35.357681700000036],[26.84107330000015,35.35773430000018]]],[[[26.841077899999945,35.35845260000002],[26.840932700000053,35.357871600000095],[26.840858900000036,35.35829469999992],[26.841077899999945,35.35845260000002]]],[[[26.90356840000004,35.35885240000014],[26.903309800000116,35.358781100000094],[26.903188600000043,35.358827699999985],[26.90356840000004,35.35885240000014]]],[[[26.837834500000078,35.358397700000104],[26.84070440000001,35.359753100000056],[26.840887,35.359407100000055],[26.837834500000078,35.358397700000104]]],[[[26.844115499999933,35.360820800000035],[26.844113699999962,35.36057069999997],[26.844053100000107,35.36076260000008],[26.844115499999933,35.360820800000035]]],[[[26.823916300000054,35.362487500000086],[26.827708400000112,35.3600232],[26.823038300000068,35.3605986],[26.823916300000054,35.362487500000086]]],[[[26.83262560000015,35.36323870000015],[26.83378830000009,35.3630658],[26.832092200000105,35.36293800000012],[26.83262560000015,35.36323870000015]]],[[[26.847302400000082,35.36429789999996],[26.84707800000013,35.364291700000074],[26.847294800000142,35.36435130000017],[26.847302400000082,35.36429789999996]]],[[[26.84836080000005,35.367289900000166],[26.84795070000004,35.367272400000104],[26.84800780000016,35.367496400000014],[26.84836080000005,35.367289900000166]]],[[[26.852233800000036,35.374691200000036],[26.8520056,35.374083499999976],[26.851488599999968,35.37422309999997],[26.852233800000036,35.374691200000036]]],[[[26.862157300000106,35.38051300000017],[26.861897,35.380341499999965],[26.86177400000017,35.38046789999991],[26.862157300000106,35.38051300000017]]],[[[26.86285800000018,35.38120380000013],[26.86323619999999,35.381286],[26.86331940000018,35.38090980000013],[26.86285800000018,35.38120380000013]]],[[[26.9559409000001,35.385203700000126],[26.95622729999996,35.38489640000002],[26.955722299999916,35.3848166],[26.9559409000001,35.385203700000126]]],[[[26.961755800000024,35.39335290000015],[26.962011800000028,35.39308970000015],[26.961677200000096,35.393182099999954],[26.961755800000024,35.39335290000015]]],[[[26.983253900000086,35.397111600000066],[26.98293990000011,35.39685460000007],[26.98293990000011,35.397111400000014],[26.983253900000086,35.397111600000066]]],[[[27.1053253,35.423007],[27.105513800000075,35.42224729999997],[27.10474020000007,35.42237370000003],[27.1053253,35.423007]]],[[[26.855083,35.428216900000166],[26.85540710000007,35.4281865000001],[26.855111300000072,35.427960100000014],[26.855083,35.428216900000166]]],[[[26.824767800000174,35.43123390000005],[26.82359080000011,35.42987719999997],[26.821882000000162,35.43146830000006],[26.824767800000174,35.43123390000005]]],[[[26.833333900000127,35.43143080000015],[26.838179600000014,35.43031459999993],[26.8323208,35.42954070000003],[26.833333900000127,35.43143080000015]]],[[[26.84073410000012,35.43250810000006],[26.84350760000017,35.43195780000002],[26.84097150000012,35.43148689999993],[26.84073410000012,35.43250810000006]]],[[[26.903384500000087,35.42177920000001],[27.015098900000098,35.431415300000104],[27.001377800000085,35.40919810000014],[26.958618200000142,35.39365590000016],[26.9314981000001,35.363272300000034],[26.906271,35.36253069999997],[26.88695220000015,35.34704570000004],[26.884030200000147,35.34317820000011],[26.88429910000013,35.33963210000002],[26.85324510000003,35.3517777],[26.850460500000043,35.34807230000014],[26.847377100000053,35.34765700000011],[26.853198900000134,35.35260129999997],[26.84924660000015,35.371905700000084],[26.86701720000001,35.382471700000025],[26.871426700000015,35.39272840000014],[26.889745700000113,35.4025015],[26.903384500000087,35.42177920000001]]],[[[27.0110444,35.437536900000175],[27.010966600000152,35.436782800000074],[27.010686600000028,35.436761500000145],[27.0110444,35.437536900000175]]],[[[26.969233,35.43821109999996],[26.96886490000009,35.4376852],[26.968723700000126,35.43798100000011],[26.969233,35.43821109999996]]],[[[27.01275420000007,35.43810270000003],[27.015826700000133,35.439335500000084],[27.015994300000116,35.43911180000014],[27.01275420000007,35.43810270000003]]],[[[27.161971299999962,35.44295490000004],[27.1627919,35.44337200000013],[27.16268830000014,35.442616800000025],[27.161971299999962,35.44295490000004]]],[[[26.865086000000122,35.44401840000008],[26.86517730000001,35.443839300000036],[26.864949099999972,35.44395080000007],[26.865086000000122,35.44401840000008]]],[[[26.86440140000014,35.44401840000008],[26.864247900000034,35.44385620000008],[26.864347500000104,35.4440894],[26.86440140000014,35.44401840000008]]],[[[26.842078300000143,35.441406500000014],[26.87620980000013,35.431566300000085],[26.840931699999928,35.43752330000008],[26.842078300000143,35.441406500000014]]],[[[26.86720760000017,35.44490530000015],[26.867508600000036,35.44481460000007],[26.86737640000009,35.44475580000007],[26.86720760000017,35.44490530000015]]],[[[26.885749500000035,35.446874700000016],[26.885393900000096,35.445230800000026],[26.883833200000176,35.4465248],[26.885749500000035,35.446874700000016]]],[[[26.89099030000007,35.447147900000076],[26.890811,35.44711720000007],[26.890924199999898,35.447201700000036],[26.89099030000007,35.447147900000076]]],[[[26.890134100000143,35.447142200000215],[26.890473700000197,35.44708840000011],[26.890582200000075,35.44684050000005],[26.890134100000143,35.447142200000215]]],[[[26.891270900000023,35.44756110000018],[26.891112900000095,35.44711910000002],[26.890928899999967,35.44762830000004],[26.891270900000023,35.44756110000018]]],[[[27.084685600000014,35.45387530000002],[27.0881396,35.453101899999936],[27.08437080000009,35.45310459999993],[27.084685600000014,35.45387530000002]]],[[[27.179734100000136,35.4560112],[27.179156200000065,35.454392100000135],[27.17812,35.45530790000002],[27.179734100000136,35.4560112]]],[[[26.89777590000001,35.45651260000002],[26.896325700000084,35.4511034000002],[26.890336299999984,35.45027810000009],[26.89777590000001,35.45651260000002]]],[[[26.910030099999965,35.458828200000035],[26.909831700000176,35.45882530000014],[26.909904800000152,35.458944400000014],[26.910030099999965,35.458828200000035]]],[[[26.91054820000006,35.45778880000013],[26.911610700000036,35.45935840000001],[26.913055500000052,35.458573],[26.91054820000006,35.45778880000013]]],[[[26.91128,35.45975260000006],[26.910973600000123,35.45971289999998],[26.911387900000108,35.45981780000002],[26.91128,35.45975260000006]]],[[[26.91065330000008,35.45999649999997],[26.910618500000044,35.4599001000001],[26.910555799999933,35.4599681],[26.91065330000008,35.45999649999997]]],[[[26.910771700000097,35.46070260000002],[26.910695100000154,35.460484200000046],[26.91066370000001,35.4605891],[26.910771700000097,35.46070260000002]]],[[[27.207907800000143,35.51179200000023],[27.207961400000062,35.511704700000045],[27.20785850000014,35.511766699999946],[27.207907800000143,35.51179200000023]]],[[[27.207751600000115,35.51185289999999],[27.207761700000066,35.51178040000011],[27.207723400000123,35.511829099999986],[27.207751600000115,35.51185289999999]]],[[[27.207413,35.512036400000085],[27.207310100000065,35.51205010000002],[27.207327,35.51208110000007],[27.207413,35.512036400000085]]],[[[27.20779080000004,35.51209490000017],[27.207740100000123,35.51194229999997],[27.207700600000013,35.51209490000017],[27.20779080000004,35.51209490000017]]],[[[27.2081298,35.51211790000014],[27.208262799999947,35.512576900000106],[27.208500800000152,35.512280400000044],[27.2081298,35.51211790000014]]],[[[27.211800100000104,35.51393150000008],[27.212548900000048,35.513349500000096],[27.21206620000006,35.513221],[27.211800100000104,35.51393150000008]]],[[[27.108688300000047,35.550023700000104],[27.10848280000015,35.5495523],[27.10813150000002,35.550028000000204],[27.108688300000047,35.550023700000104]]],[[[27.056410499999973,35.59472630000008],[27.058202799999926,35.59778130000011],[27.0602756000001,35.59685840000015],[27.056410499999973,35.59472630000008]]],[[[25.574261686525258,35.60034918652536],[25.576909386525294,35.600062686525305],[25.57798828652538,35.599879886525244],[25.574261686525258,35.60034918652536]]],[[[27.109025600000102,35.6407159],[27.109527400000058,35.64067810000007],[27.1086435000001,35.64053950000011],[27.109025600000102,35.6407159]]],[[[27.168349000000152,35.80444179999997],[27.167663400000077,35.80445740000007],[27.167823100000074,35.80491300000012],[27.168349000000152,35.80444179999997]]],[[[27.191046499999903,35.805288700000126],[27.19199149999998,35.80477310000006],[27.1910446,35.80451770000005],[27.191046499999903,35.805288700000126]]],[[[27.204162600000014,35.82158120000008],[27.205134699999984,35.82137160000019],[27.2047829,35.82083479999993],[27.204162600000014,35.82158120000008]]],[[[27.205976700000026,35.8219085],[27.207650400000123,35.82293270000003],[27.207751899999966,35.822636400000064],[27.205976700000026,35.8219085]]],[[[27.234951199999973,35.82499680000005],[27.235894,35.823710100000014],[27.23463120000018,35.82345570000011],[27.234951199999973,35.82499680000005]]],[[[26.454490000000103,35.826585700000095],[26.45332730000013,35.82075230000014],[26.450668200000102,35.822664400000036],[26.454490000000103,35.826585700000095]]],[[[26.46572169999999,35.82169010000008],[26.467062,35.8263994000002],[26.47122110000008,35.825294400000054],[26.46688710000019,35.821416799999966],[26.46572169999999,35.82169010000008]]],[[[27.2062368,35.82427860000003],[27.233687600000053,35.82448540000007],[27.209565900000175,35.770310800000104],[27.219388,35.730463800000024],[27.162673100000134,35.6565854000001],[27.163204500000063,35.6226393],[27.15078610000005,35.61647539999995],[27.219046300000134,35.54750230000005],[27.20175290000008,35.51380790000016],[27.242624200000208,35.494006400000096],[27.23141260000014,35.473984300000176],[27.201786,35.48138010000003],[27.193215900000038,35.46248770000008],[27.173924500000055,35.46251229999996],[27.156815100000067,35.4420695],[27.151181700000095,35.425182500000055],[27.17051510000006,35.42191940000002],[27.134840800000116,35.396523400000056],[27.141157100000036,35.419130500000065],[27.080435600000094,35.444113100000045],[27.118516300000017,35.480785300000015],[27.103293300000068,35.53583979999994],[27.113489100000116,35.54609680000007],[27.061269200000037,35.596720500000096],[27.12045710000002,35.642463700000015],[27.125878800000105,35.68717049999996],[27.16280750000004,35.724643499999985],[27.162966200000042,35.802503400000056],[27.188830500000154,35.801951500000044],[27.222634499999984,35.82090900000016],[27.2062368,35.82427860000003]]],[[[27.206294700000036,35.83538150000015],[27.206939500000097,35.83494469999997],[27.206108900000107,35.83513880000018],[27.206294700000036,35.83538150000015]]],[[[27.223225099999986,35.83758980000004],[27.2231825,35.83746260000002],[27.223157300000082,35.837475100000105],[27.223225099999986,35.83758980000004]]],[[[27.239557700000088,35.83798750000008],[27.239436700000056,35.83783440000005],[27.239354299999942,35.83795420000014],[27.239557700000088,35.83798750000008]]],[[[27.238475200000064,35.84077720000002],[27.238421,35.84072570000008],[27.2383993,35.840745800000036],[27.238475200000064,35.84077720000002]]],[[[27.238306299999937,35.84112020000008],[27.23819630000007,35.84101340000013],[27.238152900000042,35.84116160000013],[27.238306299999937,35.84112020000008]]],[[[27.238715100000043,35.84324190000012],[27.238942699999978,35.84303769999992],[27.238690899999984,35.8430436000001],[27.238715100000043,35.84324190000012]]],[[[27.240272700000084,35.854592],[27.24035950000005,35.854556900000084],[27.240265,35.854577],[27.240272700000084,35.854592]]],[[[27.188097600000024,35.8555277],[27.1877063,35.85543510000009],[27.188024,35.85559680000008],[27.188097600000024,35.8555277]]],[[[27.239322800000064,35.85564070000003],[27.23929960000006,35.855522700000044],[27.239234500000013,35.85560060000013],[27.239322800000064,35.85564070000003]]],[[[26.22783070000009,35.864967300000075],[26.2381874000001,35.86328190000002],[26.22199750000005,35.854694],[26.22783070000009,35.864967300000075]]],[[[27.23149280000006,35.87455510000002],[27.23143080000002,35.87442169999997],[27.231283600000147,35.874486],[27.23149280000006,35.87455510000002]]],[[[26.822375000000147,35.87555570000002],[26.82767510000006,35.875285500000075],[26.82308890000015,35.87306070000006],[26.822375000000147,35.87555570000002]]],[[[27.233876600000105,35.8820476],[27.233735200000098,35.88195350000005],[27.2337487,35.882044500000056],[27.233876600000105,35.8820476]]],[[[27.234279299999987,35.88715030000017],[27.2342669,35.88709759999996],[27.234225100000234,35.8871465],[27.234279299999987,35.88715030000017]]],[[[27.2347740000001,35.887147500000104],[27.2346287,35.8869395000001],[27.234735300000075,35.887167100000156],[27.2347740000001,35.887147500000104]]],[[[27.234652900000064,35.88730830000008],[27.234362400000172,35.88722010000004],[27.234510100000076,35.88743580000008],[27.234652900000064,35.88730830000008]]],[[[27.235084300000032,35.88787970000017],[27.235032000000125,35.88781070000009],[27.235001,35.887887600000035],[27.235084300000032,35.88787970000017]]],[[[27.74995440000013,35.88430410000005],[27.770024599999985,35.8824314999999],[27.749704600000047,35.87761810000012],[27.74995440000013,35.88430410000005]]],[[[27.23616160000016,35.89023920000011],[27.235971700000125,35.8902235],[27.236070500000082,35.890393],[27.23616160000016,35.89023920000011]]],[[[27.235414500000147,35.89091520000005],[27.2353738,35.89086180000009],[27.2353738,35.89096379999997],[27.235414500000147,35.89091520000005]]],[[[27.235431900000016,35.891089400000176],[27.235389300000026,35.89100780000007],[27.2353738,35.89111450000005],[27.235431900000016,35.891089400000176]]],[[[27.235272899999927,35.891216800000024],[27.23525180000001,35.8911647000001],[27.235236300000153,35.891211800000065],[27.235272899999927,35.891216800000024]]],[[[27.23650390000007,35.89365230000005],[27.236405100000045,35.8935566000001],[27.236451600000155,35.89367740000009],[27.23650390000007,35.89365230000005]]],[[[26.824020000000157,35.893743800000024],[26.822768100000147,35.8799239],[26.813392700000133,35.888782],[26.824020000000157,35.893743800000024]]],[[[27.23835960000011,35.894828900000064],[27.23831,35.894764900000176],[27.23833320000009,35.89483520000001],[27.23835960000011,35.894828900000064]]],[[[27.237616200000108,35.895391800000105],[27.237601300000083,35.895362600000055],[27.237579,35.8953747000001],[27.237616200000108,35.895391800000105]]],[[[27.237421600000104,35.895512300000185],[27.23737570000006,35.89546],[27.237399300000085,35.8955283],[27.237421600000104,35.895512300000185]]],[[[26.814699600000075,35.89380310000006],[26.815876700000146,35.8934987000001],[26.814688500000035,35.8934300000001],[26.814699600000075,35.89380310000006]]],[[[26.81752050000002,35.89576210000009],[26.8173441000001,35.89568970000009],[26.817589700000102,35.89585440000006],[26.81752050000002,35.89576210000009]]],[[[27.24009929999997,35.89581149999994],[27.240612100000227,35.89596740000015],[27.240496000000142,35.89527080000011],[27.24009929999997,35.89581149999994]]],[[[27.240158,35.89703220000013],[27.240924800000098,35.89691140000005],[27.240204400000017,35.89679130000015],[27.240158,35.89703220000013]]],[[[27.226805100000135,35.90366330000008],[27.2268232,35.90353819999998],[27.226723300000124,35.903631400000116],[27.226805100000135,35.90366330000008]]],[[[27.226757000000102,35.90284820000009],[27.24137639999993,35.90219040000006],[27.235143000000114,35.895531300000066],[27.23078,35.87503690000004],[27.239400300000092,35.8298549000001],[27.1854089,35.8604843],[27.214505100000075,35.87578779999998],[27.21706950000005,35.901250100000055],[27.22330470000007,35.90115770000005],[27.226757000000102,35.90284820000009]]],[[[27.22786070000011,35.90617080000007],[27.227790500000104,35.90608060000003],[27.227785600000118,35.906163],[27.22786070000011,35.90617080000007]]],[[[26.836846600000065,35.91036680000015],[26.83676260000003,35.91034510000006],[26.83676080000003,35.9103741],[26.836846600000065,35.91036680000015]]],[[[26.834576700000117,35.909176600000066],[26.836553600000165,35.91058530000008],[26.836948600000138,35.90982600000018],[26.834576700000117,35.909176600000066]]],[[[26.510672200000037,35.92569650000002],[26.51048550000009,35.92362470000006],[26.509346300000168,35.92527310000014],[26.510672200000037,35.92569650000002]]],[[[27.700505500000027,35.9362569],[27.701825100000136,35.93471680000012],[27.69966240000005,35.9358942],[27.700505500000027,35.9362569]]],[[[27.707313,35.99030370000004],[27.70289740000007,35.98853179999996],[27.70800740000004,35.99118690000019],[27.707313,35.99030370000004]]],[[[26.43645670000012,35.99474460000001],[26.436012500000114,35.99364880000014],[26.43574160000008,35.99389430000013],[26.43645670000012,35.99474460000001]]],[[[26.43652710000014,36.001137],[26.43505720000018,35.99966460000011],[26.4358,36.001808],[26.43652710000014,36.001137]]],[[[28.093932199999973,36.02166529999999],[28.093004200000145,36.021003000000114],[28.093004200000145,36.02170950000014],[28.093932199999973,36.02166529999999]]],[[[27.970536900000045,36.0478137000001],[27.97049930000008,36.04772480000009],[27.9704511,36.047779],[27.970536900000045,36.0478137000001]]],[[[27.970651300000032,36.0487702],[27.970613800000173,36.0486531000001],[27.97053869999998,36.048687799999946],[27.970651300000032,36.0487702]]],[[[26.408182899999986,36.046372],[26.4100931,36.0502677000001],[26.41125330000006,36.04457390000012],[26.408182899999986,36.046372]]],[[[28.075912400000103,36.05752390000013],[28.07651510000007,36.05739180000006],[28.076395900000172,36.0571551],[28.075912400000103,36.05752390000013]]],[[[26.403559700000145,36.057935200000024],[26.4060428,36.057280500000104],[26.4031936,36.05706680000007],[26.403559700000145,36.057935200000024]]],[[[28.087801300000024,36.06031930000018],[28.088008800000036,36.06019970000001],[28.08784640000009,36.06010049999998],[28.087801300000024,36.06031930000018]]],[[[28.088806,36.060536],[28.090061,36.05975400000011],[28.088799,36.060022],[28.088806,36.060536]]],[[[28.086488699999986,36.059461],[28.08794780000009,36.059230300000046],[28.08858920000009,36.05889980000008],[28.086488699999986,36.059461]]],[[[26.397697700000045,36.06938030000008],[26.39745970000011,36.069367199999974],[26.3975382,36.0694643000001],[26.397697700000045,36.06938030000008]]],[[[28.047936700000026,36.07410210000012],[28.04785280000003,36.07394210000001],[28.04779230000008,36.074111],[28.047936700000026,36.07410210000012]]],[[[28.0949905,36.07417310000014],[28.0953877,36.07294250000008],[28.093761100000087,36.07419730000005],[28.0949905,36.07417310000014]]],[[[28.04680120000005,36.07535550000013],[28.046666400000056,36.07525550000008],[28.04667060000007,36.0753877000001],[28.04680120000005,36.07535550000013]]],[[[26.394647800000083,36.0786224],[26.394565,36.0786056],[26.39458720000006,36.0786559000001],[26.394647800000083,36.0786224]]],[[[26.400246800000108,36.07886860000014],[26.40021910000011,36.078813299999986],[26.400193200000086,36.0788611000001],[26.400246800000108,36.07886860000014]]],[[[26.401532100000075,36.079002900000106],[26.401535699999947,36.07892919999994],[26.4015037,36.079],[26.401532100000075,36.079002900000106]]],[[[26.40164089999997,36.07941019999998],[26.4014671,36.07943410000007],[26.401574399999973,36.07954020000012],[26.40164089999997,36.07941019999998]]],[[[26.408562800000027,36.06513070000014],[26.39819960000004,36.07905690000002],[26.40564830000009,36.0775486000001],[26.408562800000027,36.06513070000014]]],[[[28.08928280000009,36.087671399999955],[28.08899600000014,36.08728919999997],[28.088991400000108,36.08787850000002],[28.08928280000009,36.087671399999955]]],[[[28.09473010000011,36.096965599999955],[28.095114599999945,36.09694550000009],[28.095190400000014,36.09650260000011],[28.09473010000011,36.096965599999955]]],[[[28.095634300000135,36.099027400000104],[28.095708700000085,36.09825],[28.095076000000127,36.09861710000007],[28.095634300000135,36.099027400000104]]],[[[27.73991,36.10378439999994],[27.739505600000154,36.10371860000009],[27.739942500000037,36.103954800000054],[27.73991,36.10378439999994]]],[[[25.27007740000004,36.10935130000009],[25.267624700000095,36.10860069999993],[25.267274300000057,36.10911180000004],[25.27007740000004,36.10935130000009]]],[[[27.701147,36.11262660000009],[27.70334630000005,36.111180499999975],[27.70056920000016,36.110877300000034],[27.701147,36.11262660000009]]],[[[29.636555399999985,36.119408600000014],[29.64509790000004,36.11588980000003],[29.62870410000002,36.10793180000005],[29.636555399999985,36.119408600000014]]],[[[25.33161538652534,36.12875028652523],[25.329623186525307,36.128185286525174],[25.329592786525254,36.12861518652529],[25.33161538652534,36.12875028652523]]],[[[29.650477,36.132755],[29.651998,36.130923],[29.649784,36.130972],[29.650477,36.132755]]],[[[29.661352,36.13598],[29.659904,36.130619],[29.654625,36.13369],[29.661352,36.13598]]],[[[29.677545300000038,36.13704340000004],[29.677618400000043,36.136768],[29.67737240000005,36.137067],[29.677545300000038,36.13704340000004]]],[[[29.749054,36.135668],[29.76618,36.131935],[29.738307,36.122558],[29.749054,36.135668]]],[[[27.69048450000008,36.142322300000174],[27.693081800000012,36.14113989999992],[27.692763399999983,36.14021290000009],[27.69048450000008,36.142322300000174]]],[[[29.655569,36.142756200000036],[29.653917300000042,36.143542899999986],[29.655577,36.14359889999998],[29.655569,36.142756200000036]]],[[[29.606826199999986,36.148635699999964],[29.60705390000003,36.148374300000015],[29.606771300000027,36.148322],[29.606826199999986,36.148635699999964]]],[[[29.601610800000017,36.1492851],[29.60303329999998,36.1492899],[29.60171669999998,36.14876539999998],[29.601610800000017,36.1492851]]],[[[29.498813900000087,36.150366500000125],[29.49873470000016,36.15024840000011],[29.498692000000105,36.150381300000106],[29.498813900000087,36.150366500000125]]],[[[29.607126900000033,36.15048380000005],[29.6072902,36.1503799],[29.607158300000012,36.15040140000006],[29.607126900000033,36.15048380000005]]],[[[29.61612010000004,36.15076060000004],[29.615927,36.15057],[29.616083100000047,36.1509399],[29.61612010000004,36.15076060000004]]],[[[29.604169899999988,36.1506787],[29.6028899,36.15060839999999],[29.6038301,36.151527799999975],[29.604169899999988,36.1506787]]],[[[29.674502,36.15168660000007],[29.675104699999988,36.1513864],[29.674443,36.151332],[29.674502,36.15168660000007]]],[[[29.627046,36.151766],[29.62767,36.151495],[29.627037,36.151509],[29.627046,36.151766]]],[[[29.508976400000016,36.1517885000002],[29.51017150000016,36.15180920000009],[29.51037190000003,36.151388200000085],[29.508976400000016,36.1517885000002]]],[[[29.59521410000003,36.152361],[29.59719390000002,36.152203900000075],[29.59729950000003,36.15195590000003],[29.59521410000003,36.152361]]],[[[29.630228,36.152209],[29.631485,36.151925],[29.630211,36.151696],[29.630228,36.152209]]],[[[29.600684,36.15296519999998],[29.60083360000004,36.15275720000002],[29.600507399999987,36.152779],[29.600684,36.15296519999998]]],[[[29.623607,36.153125],[29.625759,36.151151],[29.622273,36.1511],[29.623607,36.153125]]],[[[29.601232799999984,36.15341730000007],[29.600889300000013,36.15305350000004],[29.60096880000002,36.1534289],[29.601232799999984,36.15341730000007]]],[[[29.6084677,36.1539471],[29.609101499999987,36.15362870000001],[29.608304799999985,36.15367619999996],[29.6084677,36.1539471]]],[[[29.718161100000017,36.15671210000004],[29.71718480000004,36.1564741],[29.7171424,36.15680720000002],[29.718161100000017,36.15671210000004]]],[[[29.51495820000005,36.15745460000005],[29.516824600000135,36.15703],[29.51509210000016,36.15657810000015],[29.51495820000005,36.15745460000005]]],[[[29.624103,36.158509],[29.624403,36.157988],[29.624086,36.157995],[29.624103,36.158509]]],[[[29.622431300000034,36.159413],[29.621226600000046,36.158375],[29.621555200000028,36.15934],[29.622431300000034,36.159413]]],[[[29.494467700000023,36.15026810000011],[29.494705500000116,36.15670710000017],[29.51445590000003,36.15747629999995],[29.494467700000023,36.15026810000011]]],[[[29.624535,36.161966],[29.625746,36.160271],[29.624206,36.161589],[29.624535,36.161966]]],[[[29.629174300000024,36.163167699999974],[29.62949340000003,36.162038],[29.629736,36.16121],[29.627688,36.161512],[29.629174300000024,36.163167699999974]]],[[[28.09476630000006,36.16533480000007],[28.09492390000017,36.16513050000011],[28.09456720000013,36.16521280000017],[28.09476630000006,36.16533480000007]]],[[[29.595450600000053,36.165626300000014],[29.58900370000001,36.1498735],[29.604558299999987,36.14264690000002],[29.55949770000003,36.121580800000025],[29.595450600000053,36.165626300000014]]],[[[29.875585,36.166856],[29.876823,36.166056],[29.875221,36.165581],[29.875585,36.166856]]],[[[29.871853,36.168744],[29.873072,36.16743],[29.871452,36.166442],[29.871853,36.168744]]],[[[29.5574088,36.16884270000005],[29.55762320000004,36.16875840000004],[29.557374200000037,36.16879720000005],[29.5574088,36.16884270000005]]],[[[29.834161,36.168872],[29.834775,36.168344],[29.834143,36.168359],[29.834161,36.168872]]],[[[29.557204700000018,36.168852],[29.5571622,36.168883],[29.557232100000025,36.168870800000015],[29.557204700000018,36.168852]]],[[[29.861427,36.169507],[29.862027,36.168593],[29.861556,36.168733],[29.861427,36.169507]]],[[[29.836125,36.170623],[29.837284,36.167642],[29.835408,36.168329],[29.836125,36.170623]]],[[[29.831675,36.170215],[29.833211,36.168894],[29.832103,36.168921],[29.831675,36.170215]]],[[[29.816583,36.173397],[29.816891,36.173133],[29.816574,36.17314],[29.816583,36.173397]]],[[[29.817896,36.17465],[29.817249,36.174279],[29.816946,36.174672],[29.817896,36.17465]]],[[[29.551759,36.183962],[29.551267,36.183459],[29.550825,36.184496],[29.551759,36.183962]]],[[[29.546709,36.184583],[29.550042,36.184769],[29.549513,36.18311],[29.546709,36.184583]]],[[[29.907406,36.187919],[29.907695,36.187141],[29.907061,36.187157],[29.907406,36.187919]]],[[[29.849166,36.189577],[29.849473,36.189313],[29.849157,36.189321],[29.849166,36.189577]]],[[[29.855218,36.19046],[29.854874,36.189698],[29.853943,36.190234],[29.855218,36.19046]]],[[[29.853002,36.190513],[29.852355,36.190143],[29.852053,36.190536],[29.853002,36.190513]]],[[[29.60959510000004,36.190725],[29.6100459,36.190779],[29.61005830000004,36.19043920000004],[29.60959510000004,36.190725]]],[[[29.874563,36.190895],[29.874856,36.190247],[29.874242,36.190775],[29.874563,36.190895]]],[[[29.913367,36.190599],[29.909977,36.188884],[29.911655,36.191411],[29.913367,36.190599]]],[[[29.853384,36.192302],[29.852737,36.191932],[29.852434,36.192325],[29.853384,36.192302]]],[[[29.58534150000003,36.1941998],[29.585229700000024,36.19411360000004],[29.585283100000034,36.194259],[29.58534150000003,36.1941998]]],[[[29.914104,36.197644],[29.880766,36.169941],[29.840863,36.170254],[29.870539,36.184828],[29.914104,36.197644]]],[[[27.66980110000005,36.19901029999997],[27.67376190000009,36.199035200000075],[27.674221600000056,36.19872190000011],[27.66980110000005,36.19901029999997]]],[[[28.14716480000002,36.19933770000011],[28.14819540000002,36.19893830000002],[28.14651640000002,36.1979286],[28.14716480000002,36.19933770000011]]],[[[28.145133100000148,36.20028020000012],[28.144658200000137,36.199230300000025],[28.144114100000046,36.20013330000001],[28.145133100000148,36.20028020000012]]],[[[29.900325,36.202088],[29.903562,36.203937],[29.903543,36.203423],[29.900325,36.202088]]],[[[29.89921,36.206225],[29.900117,36.205047],[29.898582,36.206369],[29.89921,36.206225]]],[[[29.893321,36.209835],[29.892674,36.209465],[29.892372,36.209858],[29.893321,36.209835]]],[[[27.666495700000144,36.211597499999975],[27.666767300000018,36.21086560000001],[27.666094100000155,36.2108481],[27.666495700000144,36.211597499999975]]],[[[29.442042000000175,36.2119390000001],[29.443294,36.2114],[29.442176,36.211166],[29.442042000000175,36.2119390000001]]],[[[29.899418,36.21187],[29.9037,36.207657],[29.89551,36.209012],[29.899418,36.21187]]],[[[27.61884680000011,36.21460980000006],[27.620455100000072,36.21456439999997],[27.617797500000098,36.213979900000176],[27.61884680000011,36.21460980000006]]],[[[27.67269580000011,36.213801800000105],[27.67553350000009,36.214012],[27.672842700000036,36.213410900000156],[27.67269580000011,36.213801800000105]]],[[[29.363609,36.217882],[29.35939231106796,36.214632773819645],[29.35121633097621,36.215180259251866],[29.363609,36.217882]]],[[[29.444436,36.217542],[29.44782,36.214261],[29.442684,36.212183],[29.444436,36.217542]]],[[[25.228686200000084,36.221095],[25.228803199999952,36.22086180000011],[25.2285245,36.220985800000015],[25.228686200000084,36.221095]]],[[[25.2285933,36.22112740000011],[25.228407500000138,36.22105430000012],[25.228358200000134,36.22124489999998],[25.2285933,36.22112740000011]]],[[[25.22851300000018,36.22121740000008],[25.228769600000017,36.22137470000012],[25.22880120000004,36.221301800000155],[25.22851300000018,36.22121740000008]]],[[[27.624573000000122,36.220076],[27.632794,36.217206000000104],[27.62644,36.215569000000116],[27.624573000000122,36.220076]]],[[[27.64052440000014,36.222777900000054],[27.641281400000025,36.22325440000008],[27.641618300000054,36.222535700000016],[27.64052440000014,36.222777900000054]]],[[[29.368856,36.2236860000001],[29.373829,36.220376],[29.368122,36.22036100000019],[29.368856,36.2236860000001]]],[[[27.70221410000003,36.22380380000009],[27.707568600000013,36.22102950000011],[27.701547400000045,36.22031920000011],[27.70221410000003,36.22380380000009]]],[[[25.215912200000133,36.23615080000006],[25.2113853,36.23300040000009],[25.20924920000002,36.23630830000007],[25.215912200000133,36.23615080000006]]],[[[27.66873190000006,36.23831060000007],[27.66904140000008,36.2378709000002],[27.66864860000013,36.237921400000104],[27.66873190000006,36.23831060000007]]],[[[27.766868,36.244299],[27.770954,36.240548],[27.766222,36.24314800000014],[27.766868,36.244299]]],[[[27.517827000000164,36.237543],[27.622032,36.239616000000154],[27.617876,36.215229],[27.518739000000103,36.20773400000012],[27.517827000000164,36.237543]]],[[[27.792451600000028,36.24846220000008],[27.79207860000009,36.24812029999998],[27.792167700000018,36.24852090000014],[27.792451600000028,36.24846220000008]]],[[[27.656690600000097,36.249487400000135],[27.65552790000002,36.24682860000004],[27.6551415,36.24876739999998],[27.656690600000097,36.249487400000135]]],[[[27.752651000000117,36.250171],[27.752013,36.249789],[27.751699,36.25017700000017],[27.752651000000117,36.250171]]],[[[27.638242400000124,36.25056840000002],[27.641070800000033,36.25095639999993],[27.637979,36.24924020000009],[27.638242400000124,36.25056840000002]]],[[[27.667206299999926,36.25726840000003],[27.667161600000018,36.25721200000016],[27.6671168,36.257238100000016],[27.667206299999926,36.25726840000003]]],[[[27.66737009999999,36.25731],[27.66739550000002,36.25723940000011],[27.667270300000144,36.25727210000013],[27.66737009999999,36.25731]]],[[[27.666886000000115,36.2578282000001],[27.66769940000008,36.25735760000005],[27.66656510000004,36.25746389999998],[27.666886000000115,36.2578282000001]]],[[[25.200254,36.25518430000014],[25.209698700000065,36.244406900000115],[25.196682200000055,36.244982200000074],[25.200254,36.25518430000014]]],[[[27.64848110000014,36.25926990000003],[27.659820500000063,36.257780200000035],[27.65216210000007,36.25139320000007],[27.64848110000014,36.25926990000003]]],[[[27.769288,36.26471100000013],[27.767128,36.254704],[27.760291,36.252949],[27.769288,36.26471100000013]]],[[[27.67455990000017,36.26411870000011],[27.67774060000006,36.262962600000044],[27.67466729999998,36.26349110000009],[27.67455990000017,36.26411870000011]]],[[[25.878585886525215,36.27226338652528],[25.89696118652522,36.27423278652521],[25.887545586525295,36.26695158652534],[25.878585886525215,36.27226338652528]]],[[[25.824563386525224,36.2777817865253],[25.836946286525155,36.27726108652533],[25.8394203865253,36.27086198652514],[25.828227986525278,36.26612808652527],[25.824563386525224,36.2777817865253]]],[[[26.6912224,36.2815037000001],[26.691190800000115,36.28145040000012],[26.691163100000086,36.28148460000007],[26.6912224,36.2815037000001]]],[[[26.69138290000004,36.281681],[26.691377900000088,36.281652300000104],[26.6913602000001,36.28168020000012],[26.69138290000004,36.281681]]],[[[26.69047980000005,36.2824555],[26.691457400000097,36.2823762],[26.69109300000015,36.281712600000134],[26.69047980000005,36.2824555]]],[[[27.71522600000011,36.285729],[27.723489,36.269878],[27.701840000000157,36.243928],[27.694671,36.25823000000015],[27.709517,36.26867700000016],[27.68421600000014,36.259832],[27.684607000000153,36.268309],[27.71522600000011,36.285729]]],[[[26.740586200000074,36.28925719999999],[26.74027040000002,36.28874270000004],[26.740268700000126,36.28925660000015],[26.740586200000074,36.28925719999999]]],[[[26.738381700000083,36.28411360000002],[26.749809800000147,36.28311029999988],[26.752670500000214,36.2817027],[26.738381700000083,36.28411360000002]]],[[[26.760861500000104,36.30137570000012],[26.75991670000004,36.29893250000018],[26.75482640000007,36.302648199999986],[26.760861500000104,36.30137570000012]]],[[[26.736583700000065,36.2995261],[26.744211399999987,36.2933863],[26.74343160000013,36.29260360000017],[26.736583700000065,36.2995261]]],[[[25.794524186525248,36.31216748652533],[25.79740638652519,36.31052698652527],[25.793581786525223,36.311516286525304],[25.794524186525248,36.31216748652533]]],[[[25.798037286525343,36.31079028652531],[25.80213588652515,36.31262998652523],[25.80249658652535,36.30980748652529],[25.798037286525343,36.31079028652531]]],[[[29.240483700000087,36.314523400000134],[29.239358700000086,36.31383450000016],[29.24023050000014,36.31483930000011],[29.240483700000087,36.314523400000134]]],[[[26.725659800000166,36.323893299999924],[26.72670979999995,36.323617],[26.72621379999996,36.32334160000005],[26.725659800000166,36.323893299999924]]],[[[26.73080310000012,36.326043200000086],[26.72910650000004,36.32520440000007],[26.730275600000116,36.32661850000008],[26.73080310000012,36.326043200000086]]],[[[28.20811990000008,36.3379744000002],[28.207643600000058,36.33753070000006],[28.2073894,36.337842],[28.20811990000008,36.3379744000002]]],[[[26.675229800000043,36.36001269999998],[26.69769210000012,36.3426],[26.683632900000042,36.32444900000013],[26.654604400000057,36.354816200000094],[26.675229800000043,36.36001269999998]]],[[[27.46663200000016,36.375473],[27.457167,36.359837],[27.451759,36.358572],[27.46663200000016,36.375473]]],[[[27.379587,36.378094],[27.380221000000134,36.37783500000012],[27.37958500000012,36.37758],[27.379587,36.378094]]],[[[27.468560000000164,36.379063],[27.46919100000016,36.378289000000116],[27.46855500000011,36.378292],[27.468560000000164,36.379063]]],[[[27.405929700000087,36.3796524000001],[27.40590320000006,36.379612200000054],[27.405897,36.37963960000021],[27.405929700000087,36.3796524000001]]],[[[27.378665300000065,36.38048700000015],[27.378630800000046,36.380440500000084],[27.37862240000003,36.3804655000001],[27.378665300000065,36.38048700000015]]],[[[27.405032400000128,36.38037380000017],[27.4059826000001,36.38005950000014],[27.404897,36.37963060000009],[27.405032400000128,36.38037380000017]]],[[[27.378521500000087,36.38142110000009],[27.379626700000188,36.381517500000065],[27.37862020000007,36.38051760000013],[27.378521500000087,36.38142110000009]]],[[[27.413289,36.38209300000016],[27.41392100000021,36.381577],[27.413286,36.381579],[27.413289,36.38209300000016]]],[[[27.378991,36.382154400000104],[27.378870400000142,36.38216710000003],[27.378983100000095,36.38218710000013],[27.378991,36.382154400000104]]],[[[27.379803900000088,36.382226600000195],[27.379604300000132,36.382049500000115],[27.379683200000105,36.38237730000003],[27.379803900000088,36.382226600000195]]],[[[25.349888186525376,36.38251578652537],[25.345107486525368,36.38322018652543],[25.350792186525158,36.38484028652532],[25.349888186525376,36.38251578652537]]],[[[27.379595,36.3888114],[27.379026700000107,36.3881766],[27.37860600000012,36.38818360000017],[27.379595,36.3888114]]],[[[25.37210778652525,36.39874878652517],[25.380055686525207,36.39860008652537],[25.385258486525352,36.39288958652521],[25.37210778652525,36.39874878652517]]],[[[25.7676645865253,36.405028186525186],[25.831277886525303,36.35942168652537],[25.857743886525224,36.352483886525256],[25.769286686525223,36.34183968652537],[25.73285778652537,36.35636288652527],[25.727905986525272,36.36787168652535],[25.7676645865253,36.405028186525186]]],[[[27.31874670000018,36.4080453000002],[27.319733500000062,36.407788900000114],[27.318636700000116,36.40593840000015],[27.31874670000018,36.4080453000002]]],[[[28.231327700000048,36.4094649],[28.230794800000133,36.40851460000007],[28.230509700000017,36.40935970000007],[28.231327700000048,36.4094649]]],[[[25.386573086525175,36.3984314865253],[25.41000688652525,36.41030658652531],[25.40519848652531,36.39675428652518],[25.386573086525175,36.3984314865253]]],[[[26.589219899999943,36.415518],[26.5894675,36.41545219999992],[26.589529,36.41546920000021],[26.58936960000006,36.41538260000009],[26.589219899999943,36.415518]]],[[[26.595825,36.41912290000014],[26.599964300000106,36.4178520000001],[26.594875300000044,36.41834869999998],[26.595825,36.41912290000014]]],[[[26.6164722000001,36.422531100000015],[26.6244336,36.41973010000008],[26.615205500000105,36.421499200000056],[26.6164722000001,36.422531100000015]]],[[[27.292397000000125,36.428442],[27.2930300000001,36.427669],[27.292394,36.427671],[27.292397000000125,36.428442]]],[[[32.146683240617364,36.43135186943595],[32.14673077656293,36.43081642434036],[32.14551860995206,36.431533537468546],[32.146683240617364,36.43135186943595]]],[[[27.398022,36.441497],[27.401025,36.438146],[27.39512200000011,36.43405500000012],[27.398022,36.441497]]],[[[27.38859410000004,36.44729050000015],[27.388588100000028,36.44724780000018],[27.388562700000065,36.4472515000001],[27.38859410000004,36.44729050000015]]],[[[27.388627900000152,36.44751340000015],[27.388597200000085,36.4474619000001],[27.38857240000016,36.447475400000144],[27.388627900000152,36.44751340000015]]],[[[27.388648700000086,36.44727950000006],[27.389950300000123,36.4476855],[27.389606900000153,36.446948500000104],[27.388648700000086,36.44727950000006]]],[[[27.389438400000117,36.4490338000001],[27.389262500000058,36.44880520000005],[27.38942850000018,36.449148500000035],[27.389438400000117,36.4490338000001]]],[[[25.3725695865253,36.45720938652536],[25.372612486525274,36.456933286525256],[25.37235498652528,36.45714038652527],[25.3725695865253,36.45720938652536]]],[[[28.22498700000012,36.45319190000014],[28.239072300000068,36.443154599999986],[28.22838610000012,36.40324910000002],[28.247628300000102,36.38684090000004],[28.207286099999976,36.34914170000002],[28.20509840000012,36.3382674],[28.21599800000012,36.32753800000014],[28.175126900000073,36.282039200000014],[28.174994,36.248823],[28.14728470000002,36.22658760000007],[28.13663590000003,36.18447970000006],[28.104742,36.181663],[28.075676100000063,36.14290630000007],[28.067929,36.10757460000012],[28.099897,36.10418520000016],[28.0853387,36.09658359999998],[28.09051,36.080819],[28.074517099999966,36.073483500000115],[28.087067100000056,36.05439360000013],[28.066539000000137,36.063810000000196],[28.050907699999946,36.063902],[28.048180300000084,36.07493760000012],[28.041690400000036,36.07732010000003],[28.03677170000008,36.07768660000002],[27.95361320000008,36.04522950000003],[27.863153,35.92747700000012],[27.795374499999912,35.889045],[27.7707565,35.88716460000005],[27.734463,35.915486],[27.718747000000132,35.941533],[27.755156899999957,36.01344290000004],[27.759836,36.09108000000016],[27.750634,36.105398],[27.710363499999957,36.11310280000014],[27.713032300000144,36.1394103],[27.684953900000057,36.15645260000007],[27.76734770000003,36.188015399999976],[27.805516,36.270382],[27.847959099999954,36.285009],[27.897551500000084,36.333164],[28.118508200000043,36.419296200000055],[28.18727900000012,36.420969],[28.22498700000012,36.45319190000014]]],[[[27.291327300000038,36.45935110000005],[27.2922385000001,36.459199500000125],[27.291533,36.45878],[27.291327300000038,36.45935110000005]]],[[[25.35767268652533,36.43869558652541],[25.35290658652536,36.407825986525246],[25.324590986525315,36.41923318652524],[25.336880186525153,36.45764838652533],[25.35767268652533,36.43869558652541]]],[[[29.118412100000068,36.46135119999997],[29.11840120000008,36.46106230000009],[29.118111200000047,36.46127490000014],[29.118412100000068,36.46135119999997]]],[[[29.116643800000165,36.4619073],[29.11658730000004,36.46182370000003],[29.116545299999927,36.461875],[29.116643800000165,36.4619073]]],[[[29.1165137,36.46207220000018],[29.116213500000054,36.46191920000007],[29.116228300000042,36.462215],[29.1165137,36.46207220000018]]],[[[29.1163213000001,36.462567000000114],[29.11655600000011,36.4622405],[29.116230400000028,36.4622677],[29.1163213000001,36.462567000000114]]],[[[27.341017800000017,36.47935910000016],[27.341317700000015,36.47958509999999],[27.34125340000008,36.479216900000075],[27.341017800000017,36.47935910000016]]],[[[25.417808186525203,36.47546958652524],[25.48783678652526,36.40445318652523],[25.486579286525295,36.36079198652525],[25.443816086525214,36.33202168652525],[25.353815686525266,36.357964186525244],[25.41436138652529,36.36258908652526],[25.434548786525326,36.3926909865253],[25.415055786525205,36.45836558652526],[25.37096258652535,36.45810798652533],[25.3705141865252,36.47389188652531],[25.417808186525203,36.47546958652524]]],[[[27.351785000000163,36.483779],[27.394960000000218,36.433542],[27.387822900000174,36.413452],[27.408395600000027,36.419365],[27.427488700000126,36.40084250000013],[27.43636300000019,36.417211],[27.448029000000144,36.400467],[27.402174,36.38573240000009],[27.394492,36.37470940000017],[27.373291100000152,36.402440700000085],[27.362174000000163,36.391508],[27.35536500000011,36.431611],[27.31966,36.408845],[27.292225,36.425102],[27.2951,36.42869200000016],[27.300759,36.453087],[27.299236,36.470562],[27.330993,36.457759],[27.351785000000163,36.483779]]],[[[27.282092000000123,36.48011],[27.299603,36.483407],[27.300075000000177,36.48212200000015],[27.282092000000123,36.48011]]],[[[26.981859700000083,36.50818070000012],[26.96933650000004,36.49675440000004],[26.960107600000093,36.49713750000009],[26.967104800000087,36.50638929999998],[26.981859700000083,36.50818070000012]]],[[[27.867271,36.51724300000016],[27.870096,36.513755],[27.865345,36.51584500000013],[27.867271,36.51724300000016]]],[[[27.869426200000067,36.520431200000154],[27.870671200000043,36.51985910000009],[27.8694713,36.5199012],[27.869426200000067,36.520431200000154]]],[[[27.875596,36.521679],[27.87623,36.521417],[27.87559100000013,36.5211650000001],[27.875596,36.521679]]],[[[27.86992970000012,36.521992200000085],[27.870092500000094,36.522002400000126],[27.870131100000084,36.521964700000034],[27.86992970000012,36.521992200000085]]],[[[27.849832,36.523407000000134],[27.848857,36.521615],[27.848553000000113,36.522902],[27.849832,36.523407000000134]]],[[[26.2284029,36.527695600000094],[26.22828870000016,36.527455500000144],[26.22816180000012,36.52750420000003],[26.2284029,36.527695600000094]]],[[[26.228460400000145,36.528162700000046],[26.22855479999991,36.527807],[26.228284200000164,36.5277832000001],[26.228460400000145,36.528162700000046]]],[[[27.864227,36.529726],[27.874960000000137,36.521684],[27.869556000000138,36.522365000000114],[27.855176000000125,36.51733],[27.864227,36.529726]]],[[[26.229388299999968,36.5314841],[26.229540000000103,36.52977140000006],[26.229180800000087,36.52975650000003],[26.229388299999968,36.5314841]]],[[[26.451693000000102,36.53661880000013],[26.452503800000084,36.53600760000002],[26.451506300000155,36.53600069999995],[26.451693000000102,36.53661880000013]]],[[[29.057245500000167,36.539439200000054],[29.056963,36.53891360000017],[29.056379900000096,36.539184],[29.057245500000167,36.539439200000054]]],[[[29.0561189,36.54039260000013],[29.055878300000117,36.54008610000012],[29.055748,36.54038630000007],[29.0561189,36.54039260000013]]],[[[29.059767300000058,36.541534800000164],[29.061863700000124,36.54019690000011],[29.059506200000122,36.53954650000009],[29.059767300000058,36.541534800000164]]],[[[26.450743,36.542066],[26.451318400000037,36.54077690000012],[26.44928160000007,36.540344900000015],[26.450743,36.542066]]],[[[26.464310300000065,36.543473300000066],[26.46821730000004,36.53090140000013],[26.4768104,36.53132420000012],[26.461715600000012,36.527275300000134],[26.464310300000065,36.543473300000066]]],[[[26.444025700000097,36.54297120000007],[26.4448711,36.5437501000001],[26.44512840000002,36.54326410000002],[26.444025700000097,36.54297120000007]]],[[[26.407841000000136,36.546785100000015],[26.409794100000116,36.54611820000009],[26.406900300000142,36.54553050000011],[26.407841000000136,36.546785100000015]]],[[[29.014166199999988,36.54806480000006],[29.01437473086693,36.54794707850062],[29.013887990802587,36.54813974644275],[29.014166199999988,36.54806480000006]]],[[[26.450910199999967,36.5472664],[26.44709090000001,36.5469918000001],[26.450262300000034,36.54880479999997],[26.450910199999967,36.5472664]]],[[[24.14380760000006,36.549503600000165],[24.1425638,36.54870320000002],[24.142535300000073,36.549473],[24.14380760000006,36.549503600000165]]],[[[26.401694299999978,36.54549790000005],[26.4060674,36.5506944],[26.40807160000001,36.54705920000007],[26.401694299999978,36.54549790000005]]],[[[24.14528450000002,36.55262090000014],[24.14914840000005,36.551429300000116],[24.144592800000034,36.5497791],[24.14528450000002,36.55262090000014]]],[[[29.06469,36.55513550000006],[29.0759393,36.55400360000003],[29.063766099999985,36.55471680000005],[29.06469,36.55513550000006]]],[[[26.448628199999984,36.554706700000104],[26.44581460000006,36.547370699999945],[26.439133500000068,36.54656880000002],[26.448628199999984,36.554706700000104]]],[[[26.454351400000125,36.55601770000004],[26.455310300000065,36.5555081],[26.45435320000013,36.555760800000115],[26.454351400000125,36.55601770000004]]],[[[29.030512199999922,36.5567789],[29.02928130000009,36.55651600000014],[29.030877200000138,36.557381300000145],[29.030512199999922,36.5567789]]],[[[24.14637730000004,36.557527],[24.14736460000005,36.55665140000003],[24.14639619999996,36.557013900000165],[24.14637730000004,36.557527]]],[[[28.034592500000084,36.55869760000018],[28.036258400000058,36.55622170000008],[28.03542990000006,36.554890700000186],[28.034592500000084,36.55869760000018]]],[[[29.089034900000108,36.56043909999993],[29.089012900000142,36.56020340000002],[29.08893220000003,36.5604544],[29.089034900000108,36.56043909999993]]],[[[29.08995250000007,36.56054120000011],[29.090120600000084,36.56024050000007],[29.089695500000076,36.56037960000001],[29.08995250000007,36.56054120000011]]],[[[26.391127800000024,36.561386100000064],[26.390876700000067,36.561388000000186],[26.390864500000063,36.561482000000126],[26.391127800000024,36.561386100000064]]],[[[26.39139589999999,36.561527],[26.391179,36.561462400000146],[26.391366600000037,36.561572100000085],[26.39139589999999,36.561527]]],[[[27.748333,36.561341],[27.746092,36.560198000000135],[27.745146,36.5611040000001],[27.748333,36.561341]]],[[[26.147923400000074,36.56218620000009],[26.145271,36.52825340000008],[26.142258900000012,36.527204],[26.144249200000036,36.54879990000009],[26.13113150000003,36.5543573],[26.147923400000074,36.56218620000009]]],[[[26.22277250000007,36.56166990000001],[26.233498800000056,36.55583020000005],[26.225766800000063,36.54884320000015],[26.22277250000007,36.56166990000001]]],[[[28.03667569999999,36.56292460000003],[28.038809800000124,36.56197930000004],[28.035683300000084,36.56136560000005],[28.03667569999999,36.56292460000003]]],[[[28.040777,36.567368],[28.041726,36.566846],[28.040767,36.566597],[28.040777,36.567368]]],[[[28.824897000000167,36.567705],[28.824879000000102,36.566934],[28.82456000000017,36.566939],[28.824897000000167,36.567705]]],[[[26.397254599999933,36.56781820000003],[26.4068411,36.5637555000002],[26.39985230000016,36.561408100000115],[26.397254599999933,36.56781820000003]]],[[[27.746496,36.56906],[27.746797,36.56726],[27.745852,36.568293],[27.746496,36.56906]]],[[[26.391619,36.561189700000035],[26.39232330000002,36.569481600000145],[26.397961700000046,36.55885840000012],[26.391619,36.561189700000035]]],[[[26.38914680000007,36.570699100000155],[26.388613000000134,36.570487700000086],[26.389102899999976,36.570761800000014],[26.38914680000007,36.570699100000155]]],[[[26.38730390000003,36.571422600000204],[26.387146000000108,36.57066520000006],[26.386738600000154,36.570973100000046],[26.38730390000003,36.571422600000204]]],[[[27.06785860000005,36.57253119999997],[27.0830146,36.5702394],[27.06208530000006,36.56656570000006],[27.06785860000005,36.57253119999997]]],[[[27.7526,36.574417],[27.753689,36.571841],[27.750654,36.570833],[27.7526,36.574417]]],[[[26.2560486,36.578839200000104],[26.258935200000067,36.576801800000084],[26.255125099999937,36.575493299999955],[26.2560486,36.578839200000104]]],[[[26.254135,36.57908420000014],[26.255095499999964,36.578576299999916],[26.254139900000016,36.57857030000001],[26.254135,36.57908420000014]]],[[[27.761276,36.58207],[27.765085,36.580761],[27.759655,36.579254],[27.761276,36.58207]]],[[[27.770598,36.590488],[27.771232,36.590227],[27.770595,36.590231],[27.770598,36.590488]]],[[[26.25501150000013,36.59284630000016],[26.254919300000022,36.59280360000018],[26.254827,36.5929001000001],[26.25501150000013,36.59284630000016]]],[[[24.950273705390014,36.59408170539004],[24.94996880539003,36.59356270539013],[24.94995520539001,36.594076205390095],[24.950273705390014,36.59408170539004]]],[[[27.029692500000042,36.58990690000007],[27.044201,36.592882500000044],[27.044640125555837,36.581796947452204],[27.029692500000042,36.58990690000007]]],[[[26.356906500000065,36.59381370000008],[26.360402700000158,36.5948602],[26.362974800000174,36.592047900000104],[26.356906500000065,36.59381370000008]]],[[[28.122775,36.599252],[28.12877800000015,36.595727],[28.122427,36.5972],[28.122775,36.599252]]],[[[27.76254790000002,36.601350200000034],[27.762917800000086,36.60091650000001],[27.76243490000005,36.60121630000004],[27.76254790000002,36.601350200000034]]],[[[26.358314,36.5983922],[26.35883020000009,36.60179890000016],[26.360353200000173,36.598501400000124],[26.358314,36.5983922]]],[[[24.90797930538999,36.60310800539012],[24.90766780538999,36.60284560539008],[24.907660805389952,36.60310230539001],[24.90797930538999,36.60310800539012]]],[[[26.3896717,36.60460250000015],[26.39079440000013,36.60347310000011],[26.389379000000105,36.604121300000095],[26.3896717,36.60460250000015]]],[[[26.269534,36.60550850000007],[26.270287400000026,36.60527140000006],[26.27004179999995,36.604922400000135],[26.269534,36.60550850000007]]],[[[27.776455900000027,36.60852559999997],[27.775985,36.60797250000006],[27.7763783,36.60860530000002],[27.776455900000027,36.60852559999997]]],[[[24.957856105389965,36.609713005390034],[24.956647405390004,36.60798220538998],[24.956213305390115,36.608475905389945],[24.957856105389965,36.609713005390034]]],[[[27.975267800000022,36.61187280000008],[27.9751697,36.611492900000016],[27.9750305,36.61179940000003],[27.975267800000022,36.61187280000008]]],[[[27.99773,36.612954],[27.996445,36.612194],[27.996452,36.612707],[27.99773,36.612954]]],[[[24.98589530539009,36.613055905390105],[24.98808000538997,36.61183290539008],[24.985992005390028,36.61082340539],[24.98589530539009,36.613055905390105]]],[[[28.02651810000004,36.61383570000007],[28.02628070000004,36.61385589999998],[28.026773500000044,36.61416480000001],[28.02651810000004,36.61383570000007]]],[[[26.44151160000005,36.61428030000007],[26.440878100000077,36.613763599999906],[26.44087430000006,36.61427729999995],[26.44151160000005,36.61428030000007]]],[[[26.33858170000017,36.61298259999997],[26.352946100000114,36.61023530000011],[26.356601700000084,36.60266649999991],[26.33858170000017,36.61298259999997]]],[[[24.98892630539003,36.61391090539008],[24.992010205390084,36.61467500539001],[24.988966205390096,36.61324740539001],[24.98892630539003,36.61391090539008]]],[[[24.990057305389982,36.61620970539005],[24.990616005390017,36.61649340539009],[24.99104920539019,36.615825405390076],[24.990057305389982,36.61620970539005]]],[[[28.055489,36.618622],[28.057373,36.61655],[28.053507,36.613501],[28.055489,36.618622]]],[[[27.129680916115444,36.610877367088506],[27.198690535771014,36.60816222462913],[27.214454,36.584822],[27.20663028374956,36.57035196756308],[27.19097,36.556984000000114],[27.12354877914289,36.57133626719017],[27.129680916115444,36.610877367088506]]],[[[27.874263199999984,36.62110540000002],[27.87457630000001,36.6212871],[27.874623200000013,36.62123569999998],[27.874263199999984,36.62110540000002]]],[[[28.050741,36.620976],[28.049466,36.620987],[28.049473,36.621501],[28.050741,36.620976]]],[[[27.8718922,36.62472180000009],[27.87319940000004,36.6242416],[27.872111900000025,36.6240096],[27.8718922,36.62472180000009]]],[[[28.051112,36.624827],[28.053491,36.624035],[28.052693,36.623913],[28.051112,36.624827]]],[[[24.316329400000093,36.62713],[24.316291399999937,36.6270759000001],[24.31627619999996,36.62711020000015],[24.316329400000093,36.62713]]],[[[24.31623159999996,36.62732580000003],[24.316122400000044,36.627255],[24.316100500000015,36.62731740000003],[24.31623159999996,36.62732580000003]]],[[[24.315991400000065,36.62760530000008],[24.315980900000095,36.62753060000012],[24.31591630000004,36.62757020000004],[24.315991400000065,36.62760530000008]]],[[[28.764083400000153,36.628774700000164],[28.76315620000014,36.626813],[28.762120700000082,36.626745300000046],[28.764083400000153,36.628774700000164]]],[[[31.749061,36.629319],[31.7478018,36.629156],[31.748883700000025,36.629761400000014],[31.749061,36.629319]]],[[[25.685012300000032,36.61842729999997],[25.6866687,36.630187699999986],[25.69445370000001,36.624721600000036],[25.685012300000032,36.61842729999997]]],[[[27.793792,36.63093],[27.791712,36.630173],[27.792688,36.632093],[27.793792,36.63093]]],[[[24.316036400000023,36.63310530000004],[24.31799530000014,36.62992720000003],[24.316415100000096,36.629814900000135],[24.316036400000023,36.63310530000004]]],[[[25.047519905389997,36.63408560539007],[25.04766480539014,36.633620205390116],[25.047258905390105,36.633946005390065],[25.047519905389997,36.63408560539007]]],[[[25.05511370539007,36.63090360539005],[25.055367705390097,36.633476505389986],[25.056957405389987,36.63363150538995],[25.05511370539007,36.63090360539005]]],[[[24.858029805390032,36.63510040539009],[24.857399805390163,36.63483220539],[24.85737850538993,36.63560240538995],[24.858029805390032,36.63510040539009]]],[[[25.006419505389985,36.62817220539001],[25.030353705390073,36.63319430538999],[25.00685060538997,36.62381250539013],[25.006419505389985,36.62817220539001]]],[[[28.8938,36.637531],[28.893441,36.635866],[28.892513,36.637037],[28.8938,36.637531]]],[[[28.851951900000028,36.64349150000003],[28.85180570000001,36.643297800000035],[28.8517521,36.643530199999965],[28.851951900000028,36.64349150000003]]],[[[27.837442,36.643734],[27.8160368,36.621891800000014],[27.873011,36.631403],[27.855767,36.61431500000011],[27.881021,36.606937],[27.877937,36.587948],[27.859551,36.581915],[27.877815,36.577158],[27.86176180000003,36.566932100000066],[27.877168,36.54813000000012],[27.853804,36.537252],[27.828365,36.54025800000017],[27.847401,36.563247],[27.79599,36.565657],[27.813283,36.589819],[27.766703,36.58332],[27.771548,36.589968],[27.774361,36.600484],[27.769841,36.610533],[27.784095,36.601962],[27.795197,36.628094],[27.837442,36.643734]]],[[[28.8584183,36.64475640000004],[28.858311,36.6446811],[28.8583941,36.644780099999984],[28.8584183,36.64475640000004]]],[[[28.85909370000001,36.6450214],[28.859305700000014,36.644244900000075],[28.85889350000005,36.644944],[28.85909370000001,36.6450214]]],[[[26.38230590000004,36.64507580000011],[26.474729300000128,36.58000349999996],[26.45260860000002,36.577334600000135],[26.4471,36.590412400000076],[26.405852300000138,36.569146],[26.36564520000009,36.57818810000006],[26.36927970000011,36.56214920000007],[26.35285520000002,36.56475930000001],[26.359271200000144,36.54346759999996],[26.3401756,36.53899730000004],[26.368437300000043,36.50908970000001],[26.28942960000005,36.51661000000014],[26.26231830000011,36.55601200000016],[26.27350939999996,36.568156],[26.25942,36.59273390000004],[26.307505000000127,36.595592399999944],[26.34468520000017,36.56959620000008],[26.381753600000177,36.59445910000008],[26.40318940000009,36.58300670000008],[26.39023270000002,36.610175],[26.413575900000016,36.62207620000014],[26.382079500000078,36.61347310000006],[26.371532899999966,36.636798],[26.38230590000004,36.64507580000011]]],[[[24.332005700000074,36.64638860000005],[24.33243850000006,36.64610270000003],[24.33227860000015,36.64601070000008],[24.332005700000074,36.64638860000005]]],[[[27.810706,36.648029],[27.812276,36.645706],[27.80925,36.645984],[27.810706,36.648029]]],[[[28.053265,36.642535],[28.06519,36.640373],[28.057314,36.635562],[28.053265,36.642535]]],[[[24.332904,36.64920360000014],[24.33297530000003,36.64894140000008],[24.33267980000005,36.64896370000017],[24.332904,36.64920360000014]]],[[[25.385919400000027,36.647743499999976],[25.387967600000014,36.64858060000002],[25.38655090000002,36.646739],[25.385919400000027,36.647743499999976]]],[[[24.332023100000075,36.65005790000007],[24.33297329999998,36.64929630000017],[24.331995300000074,36.649519600000126],[24.332023100000075,36.65005790000007]]],[[[28.050161,36.648728],[28.05303,36.648703],[28.060511,36.647866],[28.050161,36.648728]]],[[[25.38803670000003,36.650651200000055],[25.3862686,36.64960270000002],[25.3863235,36.6505983],[25.38803670000003,36.650651200000055]]],[[[24.33383530000011,36.65082790000009],[24.33357130000018,36.6506696000001],[24.333247799999985,36.651125499999985],[24.33383530000011,36.65082790000009]]],[[[27.86667740000004,36.65124340000004],[27.866537100000027,36.65115630000001],[27.8661011,36.6509789],[27.86667740000004,36.65124340000004]]],[[[28.145536,36.651702],[28.14743000000012,36.6504],[28.145995,36.65041400000012],[28.145536,36.651702]]],[[[29.098056800000034,36.65216779999996],[29.09957580000002,36.649166900000075],[29.0978299,36.6460289],[29.098056800000034,36.65216779999996]]],[[[28.065538,36.653987],[28.064574,36.653481],[28.064581,36.653995],[28.065538,36.653987]]],[[[24.377737300000124,36.65378540000011],[24.377255900000076,36.653317300000126],[24.3778561,36.6541465],[24.377737300000124,36.65378540000011]]],[[[24.3712467000001,36.654207200000066],[24.370913,36.654223900000034],[24.3712467000001,36.654408],[24.3712467000001,36.654207200000066]]],[[[24.370304300000075,36.65441229999995],[24.37024040000013,36.65425460000007],[24.370105200000147,36.65424670000012],[24.370304300000075,36.65441229999995]]],[[[24.378317800000016,36.6548491],[24.378194899999972,36.654720400000045],[24.378284500000095,36.65485750000005],[24.378317800000016,36.6548491]]],[[[24.368453400000046,36.65517940000004],[24.3683158,36.655098600000095],[24.368409199999903,36.65524640000013],[24.368453400000046,36.65517940000004]]],[[[24.412876,36.655903700000046],[24.412884900000048,36.6556436],[24.412750800000122,36.65582920000004],[24.412876,36.655903700000046]]],[[[27.816497,36.652871],[27.821898,36.651036],[27.817107,36.650298],[27.816497,36.652871]]],[[[24.4130838000001,36.656025400000075],[24.413047,36.655937900000076],[24.41304550000016,36.6560112000001],[24.4130838000001,36.656025400000075]]],[[[24.413072,36.65613060000007],[24.413057300000073,36.65605020000011],[24.413021900000135,36.65609040000001],[24.413072,36.65613060000007]]],[[[24.392974299999945,36.656912300000066],[24.39307300000013,36.6566948],[24.392716400000097,36.65669950000005],[24.392974299999945,36.656912300000066]]],[[[24.39306120000005,36.65686380000017],[24.393205600000098,36.656925300000054],[24.393210000000153,36.65689220000015],[24.39306120000005,36.65686380000017]]],[[[24.409827000000156,36.65688620000005],[24.40994060000013,36.65693880000011],[24.40993440000014,36.656849400000034],[24.409827000000156,36.65688620000005]]],[[[24.4098312000001,36.6570107],[24.40979370000004,36.65698560000005],[24.409798900000105,36.65701660000019],[24.4098312000001,36.6570107]]],[[[25.3704942,36.65707790000001],[25.370490700000037,36.65660150000006],[25.3701449,36.656965799999966],[25.3704942,36.65707790000001]]],[[[24.39364910000003,36.65712859999997],[24.39361230000001,36.657064800000136],[24.39359170000006,36.657113200000204],[24.39364910000003,36.65712859999997]]],[[[24.407361700000052,36.657770400000075],[24.40732820000009,36.6576625999999],[24.40722700000013,36.65770980000013],[24.407361700000052,36.657770400000075]]],[[[24.473913700000015,36.65824480000004],[24.474081,36.6582281],[24.47388060000001,36.65813150000007],[24.473913700000015,36.65824480000004]]],[[[24.4339989,36.658604599999975],[24.433941,36.658496],[24.4338616,36.658546100000024],[24.4339989,36.658604599999975]]],[[[24.468969300000015,36.65911950000002],[24.46876480000004,36.65863640000007],[24.4686518,36.65889960000001],[24.468969300000015,36.65911950000002]]],[[[24.473966900000047,36.65926430000003],[24.4739209,36.6592017],[24.47390550000001,36.659220199999965],[24.473966900000047,36.65926430000003]]],[[[24.473935199999985,36.65958849999996],[24.4738854,36.6595428],[24.4738949,36.659594],[24.473935199999985,36.65958849999996]]],[[[24.4741855,36.65984519999998],[24.474151600000013,36.65980720000003],[24.47414160000004,36.659836],[24.4741855,36.65984519999998]]],[[[24.475526800000022,36.66135680000008],[24.4754782,36.66129730000006],[24.475464100000046,36.66133829999998],[24.475526800000022,36.66135680000008]]],[[[24.47601370000002,36.661716],[24.475952200000012,36.661671],[24.47596840000005,36.66172550000002],[24.47601370000002,36.661716]]],[[[25.391772,36.66240380000003],[25.3914306,36.66240380000003],[25.391883700000015,36.662573],[25.391772,36.66240380000003]]],[[[24.477721599999988,36.662569700000056],[24.477788100000016,36.6624845],[24.4777075,36.662487600000055],[24.477721599999988,36.662569700000056]]],[[[24.47772210000005,36.66278180000001],[24.4777132,36.66273360000006],[24.4776684,36.662782800000016],[24.47772210000005,36.66278180000001]]],[[[24.466666799999985,36.662863100000045],[24.466567,36.662858],[24.466637700000042,36.66289449999998],[24.466666799999985,36.662863100000045]]],[[[27.509521200000062,36.66300350000005],[27.51141030000006,36.65759870000002],[27.509607600000038,36.65464390000003],[27.509521200000062,36.66300350000005]]],[[[24.46541120000003,36.6630442],[24.4654911,36.66311470000005],[24.46551069999999,36.6630916],[24.46541120000003,36.6630442]]],[[[24.4662405,36.663348],[24.466304300000047,36.66329330000003],[24.46617290000005,36.663291800000025],[24.4662405,36.663348]]],[[[24.49188309999999,36.66363040000004],[24.49171160000005,36.6636324],[24.49188309999999,36.66374530000007],[24.49188309999999,36.66363040000004]]],[[[24.465343,36.66385510000005],[24.46526720000004,36.66387029999997],[24.465354400000024,36.66386729999998],[24.465343,36.66385510000005]]],[[[24.46542090000002,36.664122900000066],[24.465391400000023,36.66407560000004],[24.4653637,36.66409850000005],[24.46542090000002,36.664122900000066]]],[[[24.4787511,36.66457270000008],[24.478675600000013,36.664518299999976],[24.478668,36.66454910000004],[24.4787511,36.66457270000008]]],[[[24.4656983,36.664735800000074],[24.465563400000025,36.66463829999998],[24.465566100000046,36.66474509999996],[24.4656983,36.664735800000074]]],[[[29.041039400000017,36.66134280000007],[29.053988599999986,36.6607049],[29.043461100000076,36.6521958],[29.041039400000017,36.66134280000007]]],[[[27.134681470708227,36.663061657129596],[27.137761799978136,36.66202447414755],[27.138341738513503,36.661742296947295],[27.134681470708227,36.663061657129596]]],[[[24.450812,36.6664372],[24.450715900000027,36.6663998],[24.450797900000047,36.66647690000003],[24.450812,36.6664372]]],[[[24.46232050000002,36.66649950000007],[24.46224260000003,36.66644929999997],[24.46223840000002,36.66648610000005],[24.46232050000002,36.66649950000007]]],[[[29.0388332,36.666063799999975],[29.037649,36.666324300000056],[29.038429700000034,36.666623],[29.0388332,36.666063799999975]]],[[[24.463949100000047,36.6667523],[24.463929300000043,36.66658280000003],[24.46386110000005,36.66661509999999],[24.463949100000047,36.6667523]]],[[[24.85746620538995,36.66694250539017],[24.943662505390147,36.62710530539004],[24.94731640538995,36.61374120539007],[24.9612946053901,36.601935605390096],[24.91097000539001,36.598536605390045],[24.89429120539001,36.630810905390014],[24.860366405390092,36.631289205390026],[24.859594305390008,36.63615590539017],[24.844625005390064,36.64718840539008],[24.837285105390144,36.658871505389996],[24.85746620538995,36.66694250539017]]],[[[29.0338363,36.66706720000005],[29.033686600000053,36.66695890000005],[29.033748,36.66711440000005],[29.0338363,36.66706720000005]]],[[[29.033056,36.667397900000026],[29.033321,36.667582899999985],[29.033394600000044,36.66740380000003],[29.033056,36.667397900000026]]],[[[25.325952,36.6679442],[25.3258228,36.667689200000055],[25.32563760000003,36.667748100000054],[25.325952,36.6679442]]],[[[24.460474199999986,36.66795860000004],[24.46041620000001,36.66792429999998],[24.460373300000043,36.66797240000004],[24.460474199999986,36.66795860000004]]],[[[24.460546,36.66807040000004],[24.460498499999986,36.6680235],[24.4604636,36.66807280000002],[24.460546,36.66807040000004]]],[[[24.460093100000076,36.66805810000002],[24.4600346,36.6680196],[24.4600281,36.6680825],[24.460093100000076,36.66805810000002]]],[[[27.857793,36.66761],[27.863501,36.650484],[27.8315944,36.647351300000025],[27.832496,36.658156],[27.857793,36.66761]]],[[[24.458564500000033,36.6686873],[24.458506800000013,36.668662],[24.4585041,36.66868230000003],[24.458564500000033,36.6686873]]],[[[25.324900399999986,36.6682749],[25.325655100000038,36.668586],[25.3258228,36.6679667],[25.324900399999986,36.6682749]]],[[[29.03540050000003,36.668132],[29.036840200000018,36.6671419],[29.032989200000067,36.66782319999997],[29.03540050000003,36.668132]]],[[[24.4585718,36.66874090000004],[24.458533,36.6687214],[24.458548300000036,36.66875390000002],[24.4585718,36.66874090000004]]],[[[29.032400799999987,36.66870479999998],[29.03225110000004,36.6686319],[29.032393500000037,36.6687697],[29.032400799999987,36.66870479999998]]],[[[28.90617850000004,36.66909529999998],[28.9045804,36.66818350000002],[28.90467540000003,36.66893680000003],[28.90617850000004,36.66909529999998]]],[[[25.3251965,36.66940859999998],[25.324955399999986,36.66923490000007],[25.324903,36.6694927],[25.3251965,36.66940859999998]]],[[[28.036253,36.66966],[28.045951,36.655702],[28.042848,36.650205],[28.027836,36.660227],[28.036253,36.66966]]],[[[28.011859,36.66987],[28.014047,36.666511],[28.012142,36.667169],[28.011859,36.66987]]],[[[28.888959900000028,36.6707133],[28.907465700000014,36.66523550000006],[28.908215700000028,36.65176940000004],[28.90213070000002,36.65252519999996],[28.888959900000028,36.6707133]]],[[[29.032191,36.67151690000006],[29.03271160000002,36.6686945],[29.0324791,36.669103600000035],[29.030674500000035,36.668961700000054],[29.0300499,36.6683744],[29.032191,36.67151690000006]]],[[[29.028657300000027,36.67181579999997],[29.028776300000047,36.6704258],[29.028058,36.67108270000006],[29.028657300000027,36.67181579999997]]],[[[28.039314,36.671945],[28.041986,36.669096],[28.040227,36.668726],[28.039314,36.671945]]],[[[24.522239800000012,36.673969500000034],[24.522164600000046,36.67394380000006],[24.522150799999988,36.67399579999996],[24.522239800000012,36.673969500000034]]],[[[24.5135765,36.67398159999997],[24.513504400000045,36.67397570000007],[24.513557,36.67400420000007],[24.5135765,36.67398159999997]]],[[[24.5134265,36.674073400000076],[24.513400600000068,36.674052600000024],[24.513395600000013,36.674077700000055],[24.5134265,36.674073400000076]]],[[[24.522040199999985,36.67409489999997],[24.52206610000001,36.674027700000046],[24.521978799999985,36.674068599999984],[24.522040199999985,36.67409489999997]]],[[[24.513430899999978,36.6742571],[24.513401499999986,36.67423],[24.513394600000026,36.674248700000035],[24.513430899999978,36.6742571]]],[[[24.51384310000001,36.674464300000025],[24.5137973,36.6744317],[24.513790400000047,36.6744518],[24.51384310000001,36.674464300000025]]],[[[25.389847,36.6752379],[25.389698099999983,36.67506369999997],[25.3895584,36.675096],[25.389847,36.6752379]]],[[[25.389906,36.6754619],[25.389868700000036,36.675357300000016],[25.3898036,36.67544689999998],[25.389906,36.6754619]]],[[[27.132513831592334,36.68173618525782],[27.144842,36.669456],[27.124898573119598,36.66730938571459],[27.11179,36.639945],[27.104156300000056,36.66558159999999],[27.132513831592334,36.68173618525782]]],[[[28.9092821,36.67138330000002],[28.93943840000004,36.67464810000004],[28.915383800000054,36.654722699999986],[28.9092821,36.67138330000002]]],[[[27.177554,36.678661],[27.182662,36.680451],[27.181063,36.678655],[27.177554,36.678661]]],[[[28.044881,36.682687],[28.043295100000027,36.683416],[28.04532719999999,36.68346849999997],[28.044881,36.682687]]],[[[25.309777005390057,36.68378910539018],[25.311363105389972,36.68391800539012],[25.31086700538994,36.683239905389925],[25.309777005390057,36.68378910539018]]],[[[25.085879805389933,36.68500410539003],[25.085075005390163,36.68472000539003],[25.085246905389994,36.68516780538997],[25.085879805389933,36.68500410539003]]],[[[28.87101,36.687982],[28.870194600000033,36.68806360000004],[28.870850200000046,36.68866340000008],[28.87101,36.687982]]],[[[24.432442,36.6905966],[24.432374200000154,36.69054390000014],[24.432393300000157,36.6906059],[24.432442,36.6905966]]],[[[24.432247100000104,36.69063389999999],[24.4321666,36.690605099999985],[24.432191,36.69065350000013],[24.432247100000104,36.69063389999999]]],[[[25.170636505390014,36.69081070539008],[25.1700573053901,36.690802505390096],[25.170559605390054,36.691057305390025],[25.170636505390014,36.69081070539008]]],[[[28.691628,36.69135940000011],[28.695337100000085,36.69408],[28.697245700000103,36.694917500000095],[28.69944600000012,36.694230900000015],[28.691628,36.69135940000011]]],[[[28.930778,36.696735200000035],[28.933943,36.6954276],[28.93218769999999,36.69425680000001],[28.930778,36.696735200000035]]],[[[29.007038599999987,36.693158199999964],[29.012758199999986,36.6957319],[29.01261680000001,36.69371369999997],[29.007038599999987,36.693158199999964]]],[[[28.667935800000052,36.69955249999999],[28.668979900000163,36.698509800000124],[28.667932799999946,36.69913410000011],[28.667935800000052,36.69955249999999]]],[[[28.92403,36.699469],[28.929934200000016,36.696628600000025],[28.925868500000032,36.69339760000003],[28.92403,36.699469]]],[[[28.67234630000015,36.70321460000018],[28.67219829999996,36.702841300000046],[28.672068700000068,36.702977],[28.67234630000015,36.70321460000018]]],[[[27.989482,36.7032],[27.987715,36.702186],[27.98806,36.704239],[27.989482,36.7032]]],[[[28.943236700000025,36.704527600000034],[28.9433365,36.704231699999966],[28.94314330000005,36.7043177],[28.943236700000025,36.704527600000034]]],[[[28.9319343,36.7062928],[28.9311082,36.70569930000003],[28.930400100000035,36.706783100000045],[28.9319343,36.7062928]]],[[[28.0975291,36.707574199999975],[28.0972438,36.70747419999997],[28.097237900000028,36.70768860000007],[28.0975291,36.707574199999975]]],[[[28.917478499999987,36.70725449999998],[28.9168841,36.70667909999999],[28.91689480000002,36.70766819999998],[28.917478499999987,36.70725449999998]]],[[[28.944033600000036,36.707542800000056],[28.9451039,36.70755180000004],[28.94459360000001,36.70712940000007],[28.944033600000036,36.707542800000056]]],[[[28.93405350000001,36.70926540000004],[28.933694099999986,36.709188],[28.933914099999985,36.709553600000056],[28.93405350000001,36.70926540000004]]],[[[27.994819,36.708807],[27.997202,36.708016],[27.99576,36.707515],[27.994819,36.708807]]],[[[28.9347415,36.71061919999996],[28.93513740000005,36.703951500000024],[28.9324294,36.69854859999999],[28.9347415,36.71061919999996]]],[[[28.936267900000036,36.71136490000002],[28.93568960000004,36.7111422],[28.93596430000002,36.71161690000004],[28.936267900000036,36.71136490000002]]],[[[28.9299084,36.709339800000016],[28.9312784,36.71035909999998],[28.93241569999998,36.707648800000015],[28.9299084,36.709339800000016]]],[[[24.32564050000007,36.713706],[24.3256225,36.71329380000002],[24.32543390000011,36.713526],[24.32564050000007,36.713706]]],[[[28.243246699999936,36.7127105000002],[28.248152500000117,36.71443390000009],[28.248655700000022,36.71406140000001],[28.243246699999936,36.7127105000002]]],[[[25.255802305390084,36.71691170538993],[25.255781305389938,36.71668490539001],[25.255536805390165,36.716780105390086],[25.255802305390084,36.71691170538993]]],[[[25.094697105389944,36.69306780539016],[25.183563005390045,36.712182305389966],[25.152793041567673,36.67566440715185],[25.05944840539004,36.63598390539015],[25.094697105389944,36.69306780539016]]],[[[27.696273200000025,36.718463600000014],[27.696323600000056,36.71812690000003],[27.69599590000002,36.7183087],[27.696273200000025,36.718463600000014]]],[[[28.000051,36.718526],[28.004973,36.716686],[28.003806,36.712842],[28.000051,36.718526]]],[[[25.245771505390035,36.7212301053901],[25.244595505390098,36.71986760539014],[25.244857005390053,36.720585905390045],[25.245771505390035,36.7212301053901]]],[[[28.648522000000153,36.721428800000126],[28.648372600000016,36.72151530000005],[28.64872940000006,36.721432100000015],[28.648522000000153,36.721428800000126]]],[[[27.691290770892806,36.723478609729355],[27.690145184023688,36.722189180975555],[27.68985996835057,36.723355098177436],[27.691290770892806,36.723478609729355]]],[[[27.713613700000018,36.72581270000004],[27.714185,36.725886799999984],[27.713496100000114,36.72533459999996],[27.713613700000018,36.72581270000004]]],[[[25.392973800000043,36.72605340000005],[25.3928376,36.72543170000006],[25.39240790000003,36.725947],[25.392973800000043,36.72605340000005]]],[[[28.01704,36.724291],[28.031799,36.718255],[28.014957,36.711463],[28.01704,36.724291]]],[[[24.33547140000014,36.728273700000024],[24.335312600000165,36.72830420000011],[24.335490400000136,36.728378],[24.33547140000014,36.728273700000024]]],[[[24.335052200000106,36.73044580000008],[24.334915699999947,36.73035420000009],[24.334937900000124,36.7304764000001],[24.335052200000106,36.73044580000008]]],[[[24.385510800000073,36.73319570000007],[24.385335100000127,36.733136100000074],[24.38545850000003,36.7332426],[24.385510800000073,36.73319570000007]]],[[[24.388179600000097,36.73348490000014],[24.388178100000108,36.73330990000011],[24.388067300000063,36.73338980000011],[24.388179600000097,36.73348490000014]]],[[[28.044796900000023,36.72523780000006],[28.058405900000015,36.73329880000007],[28.064656,36.73463929999998],[28.060281,36.7270643],[28.044796900000023,36.72523780000006]]],[[[28.933545600000034,36.7238215],[28.950488300000025,36.72612510000001],[28.9391927,36.71749010000002],[28.933545600000034,36.7238215]]],[[[25.255153905390053,36.736926605390046],[25.255153905390053,36.7364163053899],[25.254781105390155,36.73681460539003],[25.255153905390053,36.736926605390046]]],[[[24.416993500000125,36.73702700000011],[24.416950600000124,36.73696470000013],[24.416897300000123,36.73701570000003],[24.416993500000125,36.73702700000011]]],[[[24.416824499999965,36.737386000000136],[24.416722600000096,36.73739240000003],[24.416770899999978,36.73746340000021],[24.416824499999965,36.737386000000136]]],[[[25.25684450538999,36.73774670539007],[25.256816605389947,36.73758150539013],[25.256736205390084,36.73763750539005],[25.25684450538999,36.73774670539007]]],[[[24.3398708,36.74266339999997],[24.339872700000143,36.74261],[24.33984420000007,36.74263440000009],[24.3398708,36.74266339999997]]],[[[27.40382020000007,36.7423609],[27.41054256123335,36.74021394682099],[27.414049,36.73760850000003],[27.40382020000007,36.7423609]]],[[[24.339895600000126,36.742745900000095],[24.34036810000013,36.742538299999886],[24.340112800000096,36.74249250000008],[24.339895600000126,36.742745900000095]]],[[[24.4651914,36.74295870000004],[24.465135,36.7428521],[24.465064400000028,36.74290540000002],[24.4651914,36.74295870000004]]],[[[24.464868900000038,36.74321989999996],[24.46478910000001,36.74298470000007],[24.4647207,36.74316970000001],[24.464868900000038,36.74321989999996]]],[[[24.46174350000003,36.74343970000002],[24.46164870000004,36.743283],[24.4615721,36.743388],[24.46174350000003,36.74343970000002]]],[[[24.462839299999988,36.74350780000001],[24.463255499999985,36.74351],[24.4632783,36.743407200000064],[24.462839299999988,36.74350780000001]]],[[[24.463398,36.7435946],[24.463589,36.7435306],[24.463392300000024,36.74352150000004],[24.463398,36.7435946]]],[[[24.458732099999985,36.74456640000005],[24.45897870000005,36.74437930000005],[24.4586149,36.74444630000003],[24.458732099999985,36.74456640000005]]],[[[30.570267499999982,36.7448051],[30.570283,36.74469679999997],[30.5702243,36.74477320000003],[30.570267499999982,36.7448051]]],[[[30.570216599999988,36.74501459999997],[30.570213200000023,36.74494890000007],[30.570125699999988,36.7449747],[30.570216599999988,36.74501459999997]]],[[[25.25605960539003,36.74666880539003],[25.255263405390053,36.746426805390115],[25.25543360539012,36.74702520538999],[25.25605960539003,36.74666880539003]]],[[[28.080602300000017,36.747587500000066],[28.081396600000048,36.74597420000005],[28.08056120000005,36.745743800000064],[28.080602300000017,36.747587500000066]]],[[[27.91301730000001,36.748692600000055],[27.912857099999986,36.74851419999998],[27.9128897,36.74876150000005],[27.91301730000001,36.748692600000055]]],[[[27.9129562,36.75019140000005],[27.91284030000002,36.749909],[27.912719700000046,36.75004650000002],[27.9129562,36.75019140000005]]],[[[24.352941400000027,36.75025190000011],[24.353053800000062,36.750113],[24.352851900000072,36.75019850000013],[24.352941400000027,36.75025190000011]]],[[[26.987106,36.75007080000003],[26.988918800000036,36.749501299999984],[26.988109099999985,36.748901300000036],[26.987106,36.75007080000003]]],[[[24.4827896,36.750285600000026],[24.481851800000012,36.749399400000065],[24.4821539,36.7503313],[24.4827896,36.750285600000026]]],[[[25.36289020000001,36.749626],[25.366110300000038,36.750021],[25.362985900000023,36.747762500000015],[25.36289020000001,36.749626]]],[[[24.445813800000025,36.751302700000025],[24.445738700000035,36.751206],[24.445703800000025,36.751283400000034],[24.445813800000025,36.751302700000025]]],[[[24.44711650000003,36.751312],[24.4470181,36.751242500000025],[24.447187100000026,36.751425200000035],[24.44711650000003,36.751312]]],[[[24.4483378,36.75142950000006],[24.44846030000003,36.751297],[24.4482653,36.75138870000005],[24.4483378,36.75142950000006]]],[[[24.445961300000018,36.75149180000003],[24.445737900000022,36.75143450000003],[24.4460042,36.7515476],[24.445961300000018,36.75149180000003]]],[[[24.44751160000004,36.7515777],[24.447392800000035,36.751542],[24.447372199999982,36.751571200000086],[24.44751160000004,36.7515777]]],[[[24.446366300000037,36.751695900000016],[24.446303800000038,36.75165159999999],[24.446269800000014,36.75166150000005],[24.446366300000037,36.751695900000016]]],[[[27.9110386,36.75178810000006],[27.9110932,36.751713899999956],[27.910946,36.751784300000075],[27.9110386,36.75178810000006]]],[[[24.446395,36.75183150000002],[24.44649780000004,36.75177750000003],[24.44623760000003,36.75180550000005],[24.446395,36.75183150000002]]],[[[27.91358690000004,36.751425],[27.912673400000045,36.75145469999998],[27.91333649999999,36.75186710000003],[27.91358690000004,36.751425]]],[[[24.451425,36.752663],[24.4524147,36.752323400000044],[24.45103340000004,36.752323400000044],[24.451425,36.752663]]],[[[24.451618100000037,36.7527618],[24.451687800000016,36.75280259999998],[24.451724600000034,36.752751899999964],[24.451618100000037,36.7527618]]],[[[24.45209550000002,36.75288220000006],[24.4518246,36.7527145],[24.45176830000005,36.752794],[24.45209550000002,36.75288220000006]]],[[[24.4515376,36.75299609999996],[24.4514993,36.752822800000054],[24.45141610000004,36.752822800000054],[24.4515376,36.75299609999996]]],[[[24.4043178000001,36.753002],[24.404183400000164,36.753006800000016],[24.404307000000113,36.75302990000019],[24.4043178000001,36.753002]]],[[[24.451653,36.753135700000016],[24.45158239999998,36.7530915],[24.45157790000002,36.7531336],[24.451653,36.753135700000016]]],[[[27.7917714,36.75305940000005],[27.7901023,36.7520863],[27.790841,36.752883],[27.7917714,36.75305940000005]]],[[[24.451653,36.753314100000026],[24.451789800000025,36.75304550000006],[24.451604700000033,36.75327970000006],[24.451653,36.753314100000026]]],[[[24.451928700000018,36.75352650000006],[24.451984200000016,36.75348],[24.451891700000022,36.7535226],[24.451928700000018,36.75352650000006]]],[[[27.760724,36.752796],[27.764876,36.752898],[27.759111,36.751136],[27.760724,36.752796]]],[[[24.4526248,36.753687300000024],[24.452644400000025,36.75361309999999],[24.45257660000002,36.753687],[24.4526248,36.753687300000024]]],[[[24.4520157,36.753800600000076],[24.452170400000035,36.7538147],[24.452188900000035,36.75369859999998],[24.4520157,36.753800600000076]]],[[[24.405416300000017,36.753833],[24.405695600000094,36.75376950000002],[24.4053169,36.75377540000002],[24.405416300000017,36.753833]]],[[[24.405691100000034,36.7539048],[24.405634400000107,36.75387120000012],[24.405627200000122,36.753900700000095],[24.405691100000034,36.7539048]]],[[[24.405068500000024,36.75402550000009],[24.405178800000105,36.7539261],[24.405041700000115,36.753913700000076],[24.405068500000024,36.75402550000009]]],[[[24.4523255,36.7543302],[24.453394900000035,36.75424980000005],[24.45329060000003,36.75377420000006],[24.4523255,36.7543302]]],[[[27.785323,36.754306],[27.785959,36.754045],[27.785321,36.754049],[27.785323,36.754306]]],[[[27.79232540000003,36.754823400000035],[27.791707499999987,36.75394710000002],[27.79122449999998,36.7540836],[27.79232540000003,36.754823400000035]]],[[[24.578730211990244,36.75434018590119],[24.577681300000034,36.7538133],[24.57738568807354,36.75486402638822],[24.578730211990244,36.75434018590119]]],[[[24.572536900000017,36.75499270000006],[24.573187099999984,36.75462039999998],[24.572545099999985,36.754736],[24.572536900000017,36.75499270000006]]],[[[24.574131900000047,36.755025400000015],[24.57382910000001,36.75450549999998],[24.573812900000046,36.755018800000016],[24.574131900000047,36.755025400000015]]],[[[24.574885667324494,36.75583806044627],[24.57380490000002,36.75527540000004],[24.573796800000018,36.7555323],[24.574885667324494,36.75583806044627]]],[[[24.440232100000035,36.7559961],[24.4399961,36.75593160000007],[24.4400578,36.75606919999996],[24.440232100000035,36.7559961]]],[[[27.773199,36.755156],[27.775578,36.753599],[27.773807,36.752069],[27.773199,36.755156]]],[[[24.436930300000036,36.7566666],[24.43679090000004,36.756658],[24.436890100000017,36.7567504],[24.436930300000036,36.7566666]]],[[[24.436351,36.75751750000001],[24.436412700000034,36.75734130000003],[24.4363,36.75750249999997],[24.436351,36.75751750000001]]],[[[24.42904689999999,36.75911330000003],[24.42897040000002,36.7591604],[24.429040700000066,36.759171500000036],[24.42904689999999,36.75911330000003]]],[[[27.958745,36.758687],[27.957465,36.758441],[27.958754,36.759458],[27.958745,36.758687]]],[[[24.426598600000098,36.7598877],[24.4266469,36.75985120000015],[24.42658520000006,36.759816800000124],[24.426598600000098,36.7598877]]],[[[24.426872200000016,36.75990710000013],[24.4268239000001,36.75992430000019],[24.426904400000037,36.75996289999994],[24.426872200000016,36.75990710000013]]],[[[24.444633800000023,36.75990250000003],[24.445292599999988,36.760037600000075],[24.445242900000025,36.759731800000026],[24.444633800000023,36.75990250000003]]],[[[27.806908799999988,36.75911],[27.806158,36.76019779999998],[27.807377100000053,36.76056419999996],[27.806908799999988,36.75911]]],[[[28.0570648,36.761569199999975],[28.05998340000004,36.7610081],[28.05632810000002,36.76002280000004],[28.0570648,36.761569199999975]]],[[[28.03369,36.76184430000003],[28.036491900000037,36.7606523],[28.036614800000013,36.76041459999996],[28.03408850000003,36.76064549999999],[28.03369,36.76184430000003]]],[[[28.123718900000014,36.76164179999997],[28.12666529999998,36.76138129999999],[28.126413200000034,36.76061040000006],[28.123718900000014,36.76164179999997]]],[[[24.488155599999978,36.76304790000007],[24.4881616,36.7629388],[24.487953300000033,36.76297509999996],[24.488155599999978,36.76304790000007]]],[[[24.489165,36.763823900000126],[24.4898175,36.76413610000004],[24.4899327,36.76387050000002],[24.489165,36.763823900000126]]],[[[24.483989700000034,36.76426319999998],[24.48393390000002,36.76427019999996],[24.483975600000022,36.76428389999998],[24.483989700000034,36.76426319999998]]],[[[24.489143900000045,36.76428350000002],[24.489237500000034,36.76425650000007],[24.48909960000003,36.764240700000066],[24.489143900000045,36.76428350000002]]],[[[28.273910200000092,36.764113300000105],[28.273223900000144,36.763698600000055],[28.27381990000006,36.76429180000018],[28.273910200000092,36.764113300000105]]],[[[24.48419110000003,36.76436930000007],[24.4840141,36.764292],[24.484140500000013,36.76442640000001],[24.48419110000003,36.76436930000007]]],[[[24.519138300000044,36.7643839],[24.51904239999999,36.764345900000066],[24.5190513,36.76445519999998],[24.519138300000044,36.7643839]]],[[[24.482571300000036,36.76459280000007],[24.48328910000003,36.7645338],[24.48269320000002,36.76429250000003],[24.482571300000036,36.76459280000007]]],[[[24.48533560000002,36.76368960000004],[24.486906600000037,36.76402809999997],[24.487946,36.763016200000074],[24.48533560000002,36.76368960000004]]],[[[24.521703,36.76640470000002],[24.521698700000023,36.766237499999974],[24.52165349999999,36.766422],[24.521703,36.76640470000002]]],[[[24.520987,36.76728250000004],[24.52144740000002,36.76721140000004],[24.521612800000046,36.767053],[24.520987,36.76728250000004]]],[[[24.521314300000025,36.76742940000009],[24.521415,36.767368],[24.521292700000046,36.76741210000003],[24.521314300000025,36.76742940000009]]],[[[24.5122746,36.7675426],[24.512189200000023,36.7675599],[24.5122821,36.7675852],[24.5122746,36.7675426]]],[[[24.51365840000001,36.76757970000006],[24.5135139,36.76758680000007],[24.5135634,36.767653],[24.51365840000001,36.76757970000006]]],[[[24.509804200000012,36.768086899999986],[24.5097241,36.7681207],[24.5098024,36.76814039999998],[24.509804200000012,36.768086899999986]]],[[[24.521547400000046,36.76813759999998],[24.5216966,36.768148499999974],[24.52173,36.768108299999966],[24.521547400000046,36.76813759999998]]],[[[24.52177310000004,36.7684875],[24.521736799999985,36.76832679999996],[24.52153790000003,36.76842789999997],[24.52177310000004,36.7684875]]],[[[24.52199250000004,36.76873569999996],[24.522172300000022,36.76861929999998],[24.521911200000023,36.7686429],[24.52199250000004,36.76873569999996]]],[[[24.416921100000128,36.76982989999997],[24.416829900000142,36.76972669999992],[24.416774900000142,36.7697835],[24.416921100000128,36.76982989999997]]],[[[24.510412400000025,36.76960179999998],[24.509731900000048,36.7693119],[24.509994,36.7700774],[24.510412400000025,36.76960179999998]]],[[[27.46812789999999,36.769163200000044],[27.469850300000086,36.7692648],[27.46971730000006,36.7686839],[27.46812789999999,36.769163200000044]]],[[[24.41729120000007,36.770332600000025],[24.417499100000036,36.77054830000009],[24.417436000000173,36.7702682],[24.41729120000007,36.770332600000025]]],[[[24.417082,36.77064630000003],[24.4170069,36.770431499999944],[24.416738700000025,36.77069790000007],[24.417082,36.77064630000003]]],[[[24.430133600000055,36.770751599999954],[24.43027310000002,36.77074090000008],[24.43020870000008,36.7706957],[24.430133600000055,36.770751599999954]]],[[[24.417023000000125,36.770994399999985],[24.41688350000006,36.7708225],[24.416770899999978,36.77107170000007],[24.417023000000125,36.770994399999985]]],[[[24.43025970000018,36.771170600000104],[24.430184600000157,36.771114700000055],[24.430176500000023,36.771177],[24.43025970000018,36.771170600000104]]],[[[24.430219500000035,36.771286600000124],[24.430203400000106,36.771222100000095],[24.430171200000153,36.77124150000007],[24.430219500000035,36.771286600000124]]],[[[24.413681000000114,36.771518600000114],[24.413632700000097,36.77139830000009],[24.413509299999962,36.77153580000003],[24.413681000000114,36.771518600000114]]],[[[24.413089300000046,36.77164730000004],[24.41323919999998,36.77098450000016],[24.4127502,36.77133490000013],[24.413089300000046,36.77164730000004]]],[[[24.42965080000009,36.772949400000115],[24.429624,36.77291070000016],[24.42959720000007,36.77294729999991],[24.42965080000009,36.772949400000115]]],[[[24.426939100000034,36.77296449999996],[24.426913600000066,36.77290530000006],[24.426885500000015,36.77293439999992],[24.426939100000034,36.77296449999996]]],[[[24.4270075,36.773068600000066],[24.42696859999993,36.77302460000004],[24.426960600000072,36.7730504],[24.4270075,36.773068600000066]]],[[[24.42959720000007,36.77322869999997],[24.429550200000033,36.7731309000001],[24.429471100000146,36.773181500000156],[24.42959720000007,36.77322869999997]]],[[[24.428528300000064,36.77326620000012],[24.428520300000137,36.77322110000004],[24.42848940000006,36.77324159999991],[24.428528300000064,36.77326620000012]]],[[[24.42943760000015,36.77337790000014],[24.42946580000004,36.77324159999991],[24.429358500000063,36.7733512],[24.42943760000015,36.77337790000014]]],[[[24.42706020000007,36.77205990000015],[24.430966200000025,36.76668390000017],[24.425416800000022,36.7608627],[24.426504200000128,36.75816409999997],[24.4437897,36.748829600000064],[24.446539100000017,36.751487],[24.44779839999999,36.75034040000005],[24.45234710000004,36.75181989999999],[24.4523219,36.746718],[24.45832629999999,36.74287930000003],[24.4666103,36.741664400000026],[24.501929200000014,36.75284880000004],[24.51014920000004,36.76779119999997],[24.519879499999984,36.76394610000002],[24.5280541,36.7684603],[24.54530750000001,36.7580297],[24.5312176,36.73950149999999],[24.547588,36.706449],[24.540186600000013,36.683436],[24.527053499999987,36.67032090000008],[24.52319060000002,36.67393120000003],[24.5191469,36.6748782],[24.51389420000002,36.674652800000025],[24.479624699999988,36.665777],[24.4745248,36.6609359],[24.4746092,36.660642399999986],[24.473927700000026,36.65977410000007],[24.473641900000032,36.65904639999999],[24.47400020000003,36.6583641],[24.472121,36.6575196],[24.4709081,36.661138800000074],[24.46847570000003,36.6611671],[24.468026,36.662931599999986],[24.466722399999984,36.66210440000001],[24.4668014,36.663184],[24.466222,36.66338120000002],[24.465747300000043,36.66282510000007],[24.465603,36.66332370000002],[24.465192100000046,36.663158199999984],[24.4658277,36.664786100000036],[24.46560950000001,36.665824499999964],[24.464191100000015,36.66669710000004],[24.461627400000012,36.667891800000014],[24.45859180000004,36.66877820000002],[24.456877300000027,36.66900890000007],[24.449524500000035,36.66606070000006],[24.4442239,36.66973230000003],[24.434682300000045,36.65878259999999],[24.427637,36.663050700000056],[24.338560300000147,36.653270200000094],[24.33167060000005,36.65113490000003],[24.33003789999998,36.64593370000012],[24.32161210000004,36.64595350000014],[24.33698440000005,36.7041736],[24.325061199999915,36.71503310000003],[24.340024700000093,36.722050700000175],[24.3515202,36.7503358999999],[24.371355,36.73094730000016],[24.390061800000062,36.7326565000002],[24.394983300000078,36.736067799999965],[24.40071510000008,36.70118550000005],[24.42175120000015,36.7025076],[24.430472599999973,36.69072210000012],[24.4452413,36.68898450000002],[24.4690964,36.70204330000004],[24.405835400000043,36.75028489999998],[24.4101456,36.771091800000065],[24.41466420000012,36.76918680000003],[24.42064850000006,36.76946700000015],[24.42706020000007,36.77205990000015]]],[[[24.427033,36.7739485],[24.426936400000013,36.7738883],[24.42699280000006,36.773985],[24.427033,36.7739485]]],[[[24.426982,36.77399790000004],[24.426963300000093,36.774030100000026],[24.42699280000006,36.774019400000036],[24.426982,36.77399790000004]]],[[[24.42691230000019,36.77403870000002],[24.426915,36.774004299999966],[24.426896200000066,36.77400860000004],[24.42691230000019,36.77403870000002]]],[[[24.42686670000007,36.77400220000009],[24.426705800000104,36.773989300000046],[24.426888100000067,36.774159],[24.42686670000007,36.77400220000009]]],[[[27.459060900000065,36.774938700000035],[27.459006700000074,36.77478069999999],[27.458929400000024,36.77486750000008],[27.459060900000065,36.774938700000035]]],[[[27.458369,36.774252200000014],[27.463934500000022,36.7730414],[27.464835600000036,36.771086699999984],[27.458369,36.774252200000014]]],[[[27.458337600000053,36.77498829999998],[27.458933200000075,36.77521759999998],[27.458778500000037,36.77484579999999],[27.458337600000053,36.77498829999998]]],[[[28.436435,36.77765340000015],[28.441594899999934,36.770918],[28.431127300000043,36.77030870000005],[28.436435,36.77765340000015]]],[[[24.38946580000008,36.78096240000004],[24.39326340000009,36.77940080000015],[24.388705100000053,36.77972420000012],[24.38946580000008,36.78096240000004]]],[[[25.31610990000005,36.7819486],[25.3160111,36.781796200000024],[25.315998700000012,36.78197729999999],[25.31610990000005,36.7819486]]],[[[24.402636200000053,36.78486840000012],[24.402485300000166,36.78471209999997],[24.402602200000132,36.78493290000017],[24.402636200000053,36.78486840000012]]],[[[24.397224600000087,36.781],[24.403452500000085,36.78141230000009],[24.40004520000011,36.779451],[24.397224600000087,36.781]]],[[[24.400817299999964,36.786076700000045],[24.40102610000002,36.78604670000006],[24.4008775,36.78592940000017],[24.400817299999964,36.786076700000045]]],[[[25.284996505389973,36.79001180538993],[25.284553905390094,36.78948940539015],[25.28415010539008,36.78979420539009],[25.284996505389973,36.79001180538993]]],[[[25.740043100000012,36.7913313],[25.740711200000042,36.78954],[25.739093300000025,36.790807399999984],[25.740043100000012,36.7913313]]],[[[25.27177770539015,36.78581910539002],[25.313797400000045,36.7824818],[25.328733200000023,36.774875],[25.334043100000034,36.76607260000007],[25.327803600000035,36.7540634],[25.3627216,36.74778279999999],[25.402629,36.71481949999998],[25.380189500000036,36.695729900000046],[25.38131650000002,36.6834831],[25.386250700000033,36.6827966],[25.387866,36.67571450000007],[25.39417640000005,36.6709211],[25.382732099999988,36.6719845],[25.3842713,36.6503738],[25.36819810000004,36.6593009],[25.355213800000016,36.64221219999991],[25.293125005389932,36.71500670539005],[25.245912305389975,36.721704605389995],[25.256925205390097,36.72689430539004],[25.27177770539015,36.78581910539002]]],[[[25.307300405390137,36.7925681053901],[25.307111705390067,36.79263810539002],[25.307190305389994,36.79266470539005],[25.307300405390137,36.7925681053901]]],[[[28.596912900000113,36.7972795],[28.5970251,36.79527890000003],[28.5953204,36.795791600000186],[28.596912900000113,36.7972795]]],[[[28.01472751419446,36.79799139386901],[28.014275922711967,36.797620263889605],[28.014466066494045,36.798514779245224],[28.01472751419446,36.79799139386901]]],[[[28.25816550000014,36.79881440000002],[28.25887160000009,36.799014599999985],[28.25979980000003,36.79794830000011],[28.25816550000014,36.79881440000002]]],[[[28.24984680000003,36.79955710000011],[28.2511374,36.79950710000006],[28.249499700000047,36.79910930000012],[28.24984680000003,36.79955710000011]]],[[[28.121173,36.801887599999986],[28.12255590000002,36.80213460000004],[28.1214429,36.8018066],[28.121173,36.801887599999986]]],[[[28.1227003,36.80258260000006],[28.122083499999988,36.80225850000008],[28.122711900000034,36.802669],[28.1227003,36.80258260000006]]],[[[28.120003700000012,36.80299980000003],[28.1196809,36.802725900000034],[28.119868800000045,36.80302290000002],[28.120003700000012,36.80299980000003]]],[[[28.122654200000014,36.803789400000085],[28.12293270000005,36.803904400000036],[28.1208078,36.80224930000007],[28.122654200000014,36.803789400000085]]],[[[28.1247638,36.80521920000003],[28.12319330000005,36.803676700000025],[28.121133300000015,36.8020825],[28.1247638,36.80521920000003]]],[[[25.7685639,36.805502800000035],[25.76889560000003,36.804735400000055],[25.768252600000043,36.804985800000054],[25.7685639,36.805502800000035]]],[[[28.056635433254574,36.80704443542807],[28.05547954365627,36.807020511862774],[28.057039200000062,36.80736150000005],[28.056635433254574,36.80704443542807]]],[[[28.244035800000102,36.80901730000002],[28.259099899999967,36.79916990000015],[28.243851,36.80514759999993],[28.244035800000102,36.80901730000002]]],[[[27.826124600000018,36.81370350000007],[27.82596880000005,36.813583100000024],[27.82592580000004,36.813808899999984],[27.826124600000018,36.81370350000007]]],[[[25.740408400000042,36.80803380000001],[25.751806,36.804557399999986],[25.7469331,36.799753],[25.740408400000042,36.80803380000001]]],[[[25.90484220000005,36.81531390000002],[25.9045264,36.81505410000001],[25.90452260000005,36.81531090000005],[25.90484220000005,36.81531390000002]]],[[[25.7457214,36.815283100000045],[25.74762139999999,36.8163308],[25.74763410000002,36.8155602],[25.7457214,36.815283100000045]]],[[[25.9111954,36.81794119999997],[25.90929290000003,36.8168962],[25.908951600000012,36.818434500000016],[25.9111954,36.81794119999997]]],[[[25.79006660000003,36.819596300000015],[25.7894316,36.8193328],[25.7894276,36.8195897],[25.79006660000003,36.819596300000015]]],[[[25.79039,36.81934270000004],[25.79262640000004,36.819365299999966],[25.796144900000048,36.81914420000007],[25.79039,36.81934270000004]]],[[[28.286547900000127,36.820978],[28.288565300000077,36.82014760000011],[28.278392900000078,36.820067],[28.286547900000127,36.820978]]],[[[25.4073992,36.829551299999984],[25.4108224,36.8288407],[25.406094900000046,36.82830220000007],[25.4073992,36.829551299999984]]],[[[25.9176949,36.8329011],[25.91674349999999,36.83237869999998],[25.91673630000001,36.8328924],[25.9176949,36.8329011]]],[[[25.52489620000001,36.834070899999986],[25.52297920000004,36.834047],[25.52674940000004,36.837433500000024],[25.52489620000001,36.834070899999986]]],[[[28.385241699999987,36.84186210000003],[28.38492380000002,36.84117770000012],[28.384567,36.841582000000116],[28.385241699999987,36.84186210000003]]],[[[25.66753230000004,36.846801900000024],[25.6754767,36.84021129999998],[25.672836500000024,36.83581460000007],[25.666821100000025,36.8325356],[25.66753230000004,36.846801900000024]]],[[[25.6726235,36.84814340000002],[25.692836500000038,36.843743300000035],[25.67255640000003,36.8427479],[25.6726235,36.84814340000002]]],[[[25.517574600000042,36.84913640000007],[25.527614200000027,36.842325200000055],[25.51781250000004,36.83680849999995],[25.517574600000042,36.84913640000007]]],[[[25.544621600000013,36.855636300000036],[25.547832099999987,36.85490490000007],[25.544970500000034,36.85409919999996],[25.544621600000013,36.855636300000036]]],[[[25.4860845,36.857474],[25.4855213,36.8536133],[25.481960200000014,36.85587990000001],[25.4860845,36.857474]]],[[[25.514879500000042,36.8637418],[25.5147186,36.863056],[25.514055,36.86345210000004],[25.514879500000042,36.8637418]]],[[[25.621208399999986,36.8632288],[25.6238162,36.86043310000003],[25.6209349,36.8606565],[25.621208399999986,36.8632288]]],[[[28.44618680000011,36.86339640000005],[28.444268900000086,36.8632752],[28.444907500000156,36.865217],[28.44618680000011,36.86339640000005]]],[[[25.964855500000024,36.8669758],[25.964212700000015,36.86722710000004],[25.964852100000027,36.8672326],[25.964855500000024,36.8669758]]],[[[28.018327155663144,36.86820768772447],[28.02851960885842,36.86685776386669],[28.02276918850941,36.866188560668945],[28.01945613436936,36.86667698108491],[28.018327155663144,36.86820768772447]]],[[[25.4749679,36.8699194],[25.4755154,36.82625479999999],[25.417021500000033,36.827031700000056],[25.43635790000004,36.85040780000003],[25.4749679,36.8699194]]],[[[25.623645700000047,36.86993629999995],[25.62270050000003,36.8691547],[25.623298300000044,36.87147359999997],[25.623645700000047,36.86993629999995]]],[[[28.033788221944587,36.870185201208784],[28.03704753467453,36.870238569603416],[28.032076927905788,36.86806507660021],[28.033788221944587,36.870185201208784]]],[[[25.6338615,36.870824900000066],[25.6383599,36.869592100000055],[25.634043700000035,36.869542600000074],[25.6338615,36.870824900000066]]],[[[25.639246,36.8737125],[25.6386158,36.873191599999984],[25.63860660000004,36.8737051],[25.639246,36.8737125]]],[[[25.62260360000005,36.87454839999998],[25.62136180000002,36.87247890000002],[25.621964200000036,36.8745409],[25.62260360000005,36.87454839999998]]],[[[28.04194063660179,36.872904198668444],[28.04533046597854,36.8760014603565],[28.044554683025368,36.87378158219228],[28.04194063660179,36.872904198668444]]],[[[28.049189868294075,36.87803770621766],[28.048477340250408,36.87727778758736],[28.048179729451764,36.87733424595478],[28.049189868294075,36.87803770621766]]],[[[25.625585,36.877665600000014],[25.627978700000014,36.87795020000004],[25.628001800000046,36.876666],[25.625585,36.877665600000014]]],[[[25.69065150000004,36.87814360000006],[25.684581200000046,36.87781960000003],[25.6903011,36.87993790000002],[25.69065150000004,36.87814360000006]]],[[[25.634679,36.878798099999976],[25.6330849,36.87852290000007],[25.633687700000035,36.88058489999998],[25.634679,36.878798099999976]]],[[[25.8920692,36.88121989999996],[25.892134,36.87672420000005],[25.889563200000012,36.87759980000005],[25.8920692,36.88121989999996]]],[[[28.034097205590506,36.885376121470514],[28.036007977162527,36.88364834196385],[28.034691404909537,36.88301877998558],[28.034097205590506,36.885376121470514]]],[[[25.60412410000001,36.8884618],[25.60479640000002,36.886671599999964],[25.603178900000024,36.887680099999976],[25.60412410000001,36.8884618]]],[[[26.918996800000016,36.88865219999999],[26.9225329,36.88445450000004],[26.919964600000036,36.88522860000005],[26.918996800000016,36.88865219999999]]],[[[25.5426991,36.88952250000005],[25.542069500000014,36.889001099999966],[25.54205969999998,36.88951480000005],[25.5426991,36.88952250000005]]],[[[25.885911700000047,36.8868141],[25.926839900000047,36.887447899999955],[25.934752600000046,36.88186710000005],[25.885911700000047,36.8868141]]],[[[25.52600340000002,36.89291320000002],[25.533129200000083,36.86607570000008],[25.54549139999999,36.868748400000044],[25.5382931,36.852219],[25.499506,36.874085200000025],[25.52600340000002,36.89291320000002]]],[[[26.165213900000058,36.9011987000001],[26.164830200000132,36.90098060000009],[26.16473430000001,36.90109200000011],[26.165213900000058,36.9011987000001]]],[[[25.55266770000006,36.90151550000002],[25.5525845,36.90146170000001],[25.552534100000035,36.90149310000007],[25.55266770000006,36.90151550000002]]],[[[26.1715607000001,36.90126950000002],[26.16804480000001,36.90017650000003],[26.167464900000155,36.90207189999997],[26.1715607000001,36.90126950000002]]],[[[25.5529846,36.90261390000001],[25.5531149,36.9024897],[25.55288490000003,36.90255260000005],[25.5529846,36.90261390000001]]],[[[25.552510800000025,36.903019],[25.552891900000034,36.90269590000005],[25.552867299999985,36.9026389],[25.552510800000025,36.903019]]],[[[25.552529100000015,36.9033967],[25.5523001,36.9031192],[25.5524722,36.903521300000016],[25.552529100000015,36.9033967]]],[[[25.66590160000002,36.90381470000003],[25.666235,36.90304769999996],[25.665590900000034,36.90329739999997],[25.66590160000002,36.90381470000003]]],[[[25.55281850000004,36.90393980000002],[25.5529776,36.904011],[25.552961300000028,36.90392139999997],[25.55281850000004,36.90393980000002]]],[[[26.171090500000098,36.906200599999934],[26.170415199999983,36.905869300000155],[26.170334400000097,36.906662800000056],[26.171090500000098,36.906200599999934]]],[[[24.72065320539001,36.90482490539014],[24.734444205390147,36.9035477053901],[24.719592405390006,36.89748380538996],[24.72065320539001,36.90482490539014]]],[[[25.64953190000002,36.90696949999998],[25.6717029,36.90131079999998],[25.6820809,36.8744522],[25.632659900000064,36.884426500000025],[25.605872300000026,36.88026190000002],[25.64953190000002,36.90696949999998]]],[[[25.587672900000015,36.91061409999998],[25.5877323,36.91053740000003],[25.58762110000003,36.91052670000002],[25.587672900000015,36.91061409999998]]],[[[25.588166800000018,36.9116204],[25.587474399999987,36.910589399999985],[25.587850600000014,36.911286299999986],[25.588166800000018,36.9116204]]],[[[26.16869430000007,36.9109663],[26.162503200000128,36.906555400000066],[26.16420990000012,36.91144860000009],[26.16869430000007,36.9109663]]],[[[25.59275130000003,36.91172030000003],[25.592610399999984,36.911807],[25.592698300000013,36.911994900000046],[25.59275130000003,36.91172030000003]]],[[[25.592730500000034,36.91215860000004],[25.592721400000045,36.91207770000006],[25.59269220000003,36.91209540000006],[25.592730500000034,36.91215860000004]]],[[[25.592911399999984,36.91285669999997],[25.59280840000002,36.912912],[25.59291680000003,36.9130529],[25.592911399999984,36.91285669999997]]],[[[25.60579460000002,36.91434170000007],[25.605955800000036,36.914216],[25.605907,36.9141727],[25.60579460000002,36.91434170000007]]],[[[25.606503199999985,36.9142341],[25.606248300000043,36.914197300000055],[25.6064751,36.914388],[25.606503199999985,36.9142341]]],[[[25.606202,36.9147614],[25.6060659,36.9146419],[25.6059663,36.9147323],[25.606202,36.9147614]]],[[[25.6062632,36.9148732],[25.60619890000003,36.91478810000002],[25.60612030000004,36.91484340000003],[25.6062632,36.9148732]]],[[[25.606738299999986,36.9151389],[25.606608100000024,36.915039200000045],[25.606590500000042,36.9150717],[25.606738299999986,36.9151389]]],[[[25.607063599999982,36.9154608],[25.607056799999988,36.915318900000045],[25.6069307,36.91540990000003],[25.607063599999982,36.9154608]]],[[[27.278656325832273,36.91579981991931],[27.287326882295705,36.89468082202856],[27.339235843519486,36.89037824667631],[27.355991700000022,36.85903670000005],[27.17162830000002,36.807921700000016],[27.11237960000007,36.7578526],[27.04286160000004,36.7679273],[26.978912500000035,36.749653],[26.973097200000026,36.67234710000003],[26.92228560000003,36.70762040000001],[26.921929300000084,36.7640378],[26.990829100000052,36.76932610000003],[27.075309593323563,36.85042386185975],[27.278656325832273,36.91579981991931]]],[[[26.94388360000005,36.91649240000002],[26.94353910000005,36.912167499999974],[26.929860700000027,36.91081760000006],[26.94388360000005,36.91649240000002]]],[[[27.157784100000054,36.91887670000008],[27.158374800000065,36.91855220000006],[27.15779850000005,36.91848870000004],[27.157784100000054,36.91887670000008]]],[[[25.603253100000032,36.916410099999965],[25.607211800000012,36.918496400000045],[25.604583500000025,36.91170869999996],[25.603253100000032,36.916410099999965]]],[[[27.148020800000076,36.921712399999976],[27.148258300000084,36.9216235],[27.147975400000064,36.92156069999996],[27.148020800000076,36.921712399999976]]],[[[27.148161200000057,36.92181050000009],[27.148120600000055,36.92180330000005],[27.148124,36.92182040000003],[27.148161200000057,36.92181050000009]]],[[[25.59324440000002,36.92473370000004],[25.593156300000015,36.924712],[25.593167100000038,36.92474450000005],[25.59324440000002,36.92473370000004]]],[[[25.59308160000005,36.92481789999998],[25.593098500000025,36.92474810000005],[25.593015400000038,36.92479070000002],[25.59308160000005,36.92481789999998]]],[[[25.5929388,36.924979900000054],[25.5929327,36.924914900000026],[25.5928643,36.92495989999996],[25.5929388,36.924979900000054]]],[[[26.961010500000043,36.92554340000003],[26.96106010000007,36.9250665],[26.960327,36.9253081],[26.961010500000043,36.92554340000003]]],[[[25.59589390000003,36.92612240000004],[25.5962852,36.91610720000003],[25.58019859999999,36.91173410000003],[25.57233,36.89586589999998],[25.5522561,36.900613300000046],[25.59589390000003,36.92612240000004]]],[[[25.5945744,36.9264035],[25.594604200000013,36.92631690000001],[25.59455,36.926375400000026],[25.5945744,36.9264035]]],[[[25.595257600000064,36.92627290000003],[25.595402600000046,36.92639529999997],[25.595477100000032,36.92627720000006],[25.595257600000064,36.92627290000003]]],[[[25.59603460000003,36.926796],[25.596446599999986,36.92654350000006],[25.59603050000003,36.926459],[25.59603460000003,36.926796]]],[[[25.59565910000005,36.927071400000024],[25.595869900000014,36.926955],[25.59562080000004,36.92699480000005],[25.59565910000005,36.927071400000024]]],[[[26.936889600000075,36.933125],[26.93551977511876,36.93165550765966],[26.934663102819165,36.93247237521814],[26.936889600000075,36.933125]]],[[[27.09470160000001,36.93306],[27.094631600000046,36.932874900000016],[27.094117,36.932984],[27.09470160000001,36.93306]]],[[[28.13183132516417,36.93416986806266],[28.131486473981134,36.93363808419137],[28.13134921426565,36.933792977330754],[28.13183132516417,36.93416986806266]]],[[[28.156145745721307,36.93733320317565],[28.155967485925547,36.93336260542025],[28.153607,36.935248],[28.156145745721307,36.93733320317565]]],[[[26.00710080000002,36.937985],[26.086412100000054,36.89661160000012],[25.98222440000002,36.88331080000005],[25.9105152,36.8320648],[25.879275,36.79375240000003],[25.80270540000003,36.76718680000001],[25.758539,36.773413599999984],[25.7403498,36.792105299999974],[25.7573301,36.7889441],[25.783760300000015,36.814265],[25.846451200000015,36.80988060000002],[25.84617730000001,36.82811810000001],[25.865935100000016,36.8302213],[25.838392200000026,36.83574940000003],[25.844559100000048,36.85070990000003],[25.946090500000047,36.88299579999999],[25.977501,36.901767400000054],[25.9590498,36.917792],[26.00710080000002,36.937985]]],[[[25.625038500000038,36.941698900000034],[25.625049100000012,36.9415082],[25.624814100000084,36.94166070000003],[25.625038500000038,36.941698900000034]]],[[[27.17320920000004,36.94464030000002],[27.174101,36.944855900000036],[27.174500500000054,36.9442707],[27.17320920000004,36.94464030000002]]],[[[28.15382836837702,36.94410553966828],[28.155706038225198,36.94493185649352],[28.156630319111294,36.9447445029277],[28.15382836837702,36.94410553966828]]],[[[27.0901085,36.94404249999998],[27.098562900000054,36.9366239],[27.094594500000046,36.93409560000009],[27.095140100000055,36.93352],[27.094695,36.9334022000001],[27.0901085,36.94404249999998]]],[[[25.6046306,36.9515914],[25.60450060000002,36.951402400000056],[25.604458300000015,36.95148249999998],[25.6046306,36.9515914]]],[[[27.305022400000016,36.95055690000007],[27.306134900000036,36.95183520000002],[27.3062224,36.95120840000002],[27.305022400000016,36.95055690000007]]],[[[27.095001100000022,36.95326590000004],[27.095461900000082,36.95318790000003],[27.095526,36.953166199999984],[27.095001100000022,36.95326590000004]]],[[[27.095579500000053,36.95328270000004],[27.095528100000028,36.95325410000002],[27.095521900000037,36.95326780000007],[27.095579500000053,36.95328270000004]]],[[[25.072225705389943,36.95343670539002],[25.071918805389974,36.952917905390045],[25.071905805390028,36.95343140539011],[25.072225705389943,36.95343670539002]]],[[[25.075111605389964,36.95322670539001],[25.075767605390066,36.952594705389984],[25.075124405390035,36.95271300538997],[25.075111605389964,36.95322670539001]]],[[[25.613256800000016,36.95275849999997],[25.624865,36.9367563],[25.590237799999986,36.934677199999975],[25.594718300000014,36.949059100000056],[25.613256800000016,36.95275849999997]]],[[[27.096909600000032,36.953874],[27.096942,36.952906399999975],[27.095927,36.95286750000004],[27.09556340000006,36.953375800000046],[27.094903900000023,36.95337940000007],[27.096909600000032,36.953874]]],[[[27.16580450000002,36.95515160000005],[27.16531820000002,36.9554343],[27.165879200000052,36.95530930000002],[27.16580450000002,36.95515160000005]]],[[[27.058468,36.95548],[27.056546,36.954068],[27.055907,36.954968],[27.058468,36.95548]]],[[[27.482021600000035,36.95750620000005],[27.481496900000025,36.95719560000007],[27.481438600000036,36.95748289999997],[27.482021600000035,36.95750620000005]]],[[[24.966474405390052,36.958350805389955],[24.96620340539002,36.94447520538999],[24.95275490538993,36.944757805390076],[24.95574770539001,36.95251550538998],[24.966474405390052,36.958350805389955]]],[[[27.107398400000047,36.95562129999997],[27.172106,36.952544],[27.150784,36.935617],[27.179075,36.92119000000012],[27.132958300000034,36.922175700000025],[27.107398400000047,36.95562129999997]]],[[[24.670347105389958,36.96035670539003],[24.671010305390006,36.959599205390106],[24.67069050538999,36.95959300539012],[24.670347105389958,36.96035670539003]]],[[[28.189839,36.960324],[28.199739,36.95881],[28.189159,36.957761],[28.189839,36.960324]]],[[[25.116681905389967,36.96776460539018],[25.121989605390016,36.973243105390104],[25.12446480538999,36.97019960539],[25.116681905389967,36.96776460539018]]],[[[24.975323705390043,36.96261190539014],[24.99544540539006,36.9695690053901],[25.033716205390064,36.96359350538994],[24.992315605389933,36.949414605390146],[24.975323705390043,36.96261190539014]]],[[[25.016938705390018,36.97487360538997],[25.020412305389975,36.97672980539015],[25.021251705389933,36.97520250539005],[25.016938705390018,36.97487360538997]]],[[[26.912144300000058,36.978262300000054],[26.91226290000005,36.97403880000005],[26.9080192,36.97494789999996],[26.912144300000058,36.978262300000054]]],[[[25.11520890538999,36.97557540538997],[25.117715405390037,36.97779910538992],[25.118393305390033,36.97626860539002],[25.11520890538999,36.97557540538997]]],[[[27.579857800000056,36.97749030000002],[27.577431,36.9778141],[27.58179110000003,36.97850350000003],[27.579857800000056,36.97749030000002]]],[[[27.655385063999613,36.97989922437823],[27.657707375947776,36.97814396288023],[27.654745794552483,36.97999640171367],[27.655385063999613,36.97989922437823]]],[[[27.591638600000056,36.968659400000064],[27.600085300000067,36.9754989],[27.60240160000006,36.96700810000003],[27.591638600000056,36.968659400000064]]],[[[27.233041200000038,36.981592900000024],[27.2327168,36.981433400000014],[27.2327834000001,36.9821777],[27.233041200000038,36.981592900000024]]],[[[25.107816305390138,36.97674210539007],[25.110905505390093,36.98128710539011],[25.113061505390124,36.97823890539006],[25.107816305390138,36.97674210539007]]],[[[27.58275680000003,36.9841392],[27.58215790000005,36.983886699999985],[27.582074700000025,36.9840395],[27.58275680000003,36.9841392]]],[[[25.014124905390048,36.98458760539019],[25.01477840539007,36.98408470539],[25.014131705390106,36.98433080539005],[25.014124905390048,36.98458760539019]]],[[[27.21029,36.985881],[27.21125,36.985366],[27.210289,36.985367],[27.21029,36.985881]]],[[[27.232368300000065,36.985013500000036],[27.22972220000005,36.9833804],[27.231567,36.98674490000002],[27.232368300000065,36.985013500000036]]],[[[26.323187200000014,36.9870923],[26.329926800000102,36.98546100000015],[26.32096970000004,36.984382600000075],[26.323187200000014,36.9870923]]],[[[25.639144200000025,36.988456500000076],[25.638586700000026,36.9849482],[25.6344091,36.98717939999998],[25.639144200000025,36.988456500000076]]],[[[25.10077950538997,36.989345305389904],[25.101771705389993,36.98807700538996],[25.100964505390053,36.98832080539007],[25.10077950538997,36.989345305389904]]],[[[25.219254105390156,36.98964110539014],[25.219906405390113,36.98913710539002],[25.21926000539013,36.98938430539005],[25.219254105390156,36.98964110539014]]],[[[26.306501400000045,36.99072140000011],[26.288761300000044,36.969807100000075],[26.269831399999937,36.97393069999997],[26.269700100000076,36.98767480000015],[26.306501400000045,36.99072140000011]]],[[[26.454457199999982,36.99175050000008],[26.4538259,36.9904631000001],[26.452863200000078,36.99071560000005],[26.454457199999982,36.99175050000008]]],[[[27.22426310000008,36.99206150000002],[27.224717,36.990993],[27.223896,36.99190449999998],[27.22426310000008,36.99206150000002]]],[[[25.099063905389926,36.99394160538988],[25.09780270539008,36.99315090539006],[25.09778990539001,36.993664405390085],[25.099063905389926,36.99394160538988]]],[[[25.243767105390102,36.99591460539015],[25.24231720538999,36.989342305390025],[25.23524200538991,36.99065060538995],[25.243767105390102,36.99591460539015]]],[[[28.201602300000037,36.993501200000054],[28.2105558,36.99108760000003],[28.200819300000024,36.99113620000002],[28.201602300000037,36.993501200000054]]],[[[25.098039705390093,36.99649390539004],[25.099377705389927,36.99420360539018],[25.096138205390016,36.995692905390065],[25.098039705390093,36.99649390539004]]],[[[26.365581700000032,36.994436300000075],[26.368017200000054,36.993610300000036],[26.36184850000003,36.992655],[26.365581700000032,36.994436300000075]]],[[[27.427931499999985,36.99670820000005],[27.48357750000005,36.9770812],[27.492866800000037,36.96755150000003],[27.456950700000103,36.964712499999955],[27.427931499999985,36.99670820000005]]],[[[26.37624079999995,36.996633700000125],[26.386022800000074,36.9939719000002],[26.386430500000014,36.99241640000007],[26.37624079999995,36.996633700000125]]],[[[28.210966500000037,36.99740030000005],[28.21066620000005,36.996849500000046],[28.210444,36.99719440000002],[28.210966500000037,36.99740030000005]]],[[[27.2052,36.998222],[27.205836,36.99655],[27.204238,36.997967],[27.2052,36.998222]]],[[[28.206576400000014,36.99859340000002],[28.208331900000054,36.997113],[28.204997900000034,36.998760200000035],[28.206576400000014,36.99859340000002]]],[[[27.379027300000075,36.994899500000066],[27.387142939304926,37.00032529908999],[27.384717900000073,36.99014170000011],[27.379027300000075,36.994899500000066]]],[[[28.237906200000033,37.0022441],[28.24148450000008,37.00304150000002],[28.24228410000005,37.001645],[28.237906200000033,37.0022441]]],[[[27.383339700000025,37.00323640000005],[27.384464200000032,37.0039402],[27.384667944056737,37.00322364969783],[27.383339700000025,37.00323640000005]]],[[[26.882716100000025,37.005603400000034],[26.888084300000024,37.004129299999974],[26.881473,37.00489640000003],[26.882716100000025,37.005603400000034]]],[[[27.180234,37.005713],[27.182153,37.004553],[27.180233,37.005199],[27.180234,37.005713]]],[[[27.210666,37.00592],[27.211945,37.005147],[27.210824,37.005149],[27.210666,37.00592]]],[[[25.25760730539004,37.00690740539004],[25.25835310539011,37.00229470539003],[25.257226105390124,37.00253490539012],[25.25760730539004,37.00690740539004]]],[[[26.88868710000003,37.007137699999966],[26.888649400000094,37.00558839999998],[26.888046600000056,37.00602460000003],[26.88868710000003,37.007137699999966]]],[[[25.2572755053901,37.00741640539001],[25.256961105390033,37.00715480539006],[25.256955305390065,37.00741170538998],[25.2572755053901,37.00741640539001]]],[[[27.356366,37.009254],[27.362165600000015,37.008337],[27.359161800000038,37.00639680000004],[27.356366,37.009254]]],[[[25.258444805390056,37.0123141053901],[25.257816205390064,37.01179120539014],[25.257804505389956,37.01230490539003],[25.258444805390056,37.0123141053901]]],[[[27.216447,37.011047],[27.21579,36.99918020000007],[27.207759,36.996933],[27.216447,37.011047]]],[[[26.88415040000004,37.012439],[26.9240835,37.00680359999997],[26.918837500000077,36.99065860000006],[26.88415040000004,37.012439]]],[[[26.451994099999972,37.02256810000011],[26.45392190000013,37.02180630000007],[26.451996000000182,37.02231130000017],[26.451994099999972,37.02256810000011]]],[[[26.457613100000014,37.0207957],[26.4978265,36.999058],[26.419546800000017,36.99184180000014],[26.441599700000058,36.99811340000011],[26.427731100000123,37.01089280000007],[26.457613100000014,37.0207957]]],[[[27.242344999572047,37.029449891678205],[27.241549600000035,37.02972050000006],[27.24223230000004,37.030172],[27.242344999572047,37.029449891678205]]],[[[26.933518100000033,37.0360483],[26.928107100000034,37.0297211],[26.925020500000024,37.031333300000064],[26.933518100000033,37.0360483]]],[[[24.641628005390015,37.04044070539006],[24.70790120539006,37.02014910538994],[24.763833105390052,36.955634305390134],[24.71642610539001,36.90610680539009],[24.698927905390097,36.90346210539014],[24.681490405390054,36.930651005390175],[24.681245605390092,36.95594290539003],[24.65616750539008,36.981825705390065],[24.678881105390023,36.9922170053901],[24.65348320539003,36.99824210538992],[24.663044605390088,37.00778820539],[24.635441805389917,37.02708990538998],[24.651172205390115,37.034297905390005],[24.641628005390015,37.04044070539006]]],[[[25.095560805390004,37.04448910538999],[25.096579305390044,37.04219350539013],[25.094804305389918,37.04267890539001],[25.095560805390004,37.04448910538999]]],[[[26.9113096,37.04751479999999],[26.91129550000002,37.04745520000004],[26.9112546,37.047471],[26.9113096,37.04751479999999]]],[[[26.911649100000048,37.04704650000007],[26.912227900000037,37.047659],[26.91278050000005,37.04725290000006],[26.911649100000048,37.04704650000007]]],[[[27.144318400000014,37.0476796],[27.146441,37.047783199999984],[27.14610370000007,37.04684149999997],[27.144318400000014,37.0476796]]],[[[25.095778405390035,37.04860250539002],[25.096451205389936,37.047328805390194],[25.095150505389984,37.04807860539],[25.095778405390035,37.04860250539002]]],[[[25.083043805389952,37.048629705390184],[25.07432230539005,36.9845521053901],[25.059200805389985,36.970724405390044],[25.075573705390003,36.947583005390136],[25.07163490539013,36.938785405390114],[25.015398505390078,36.984865805390015],[25.022381505390047,37.011953505390046],[25.083043805389952,37.048629705390184]]],[[[27.14942420000004,37.05028619999999],[27.151136400000052,37.05004510000005],[27.148971800000062,37.04928080000011],[27.14942420000004,37.05028619999999]]],[[[27.200532,37.050383],[27.203406,37.046395],[27.199564,37.047815],[27.200532,37.050383]]],[[[25.316964,37.050762],[25.316709600000042,37.0507162],[25.316894300000012,37.05082740000009],[25.316964,37.050762]]],[[[25.091818605389953,37.053162505390006],[25.09282150539006,37.05150860539017],[25.09250110538998,37.051503305390064],[25.091818605389953,37.053162505390006]]],[[[27.23373324692182,37.05338740586577],[27.232568358028736,37.052975389764214],[27.233614148830227,37.05345909041953],[27.23373324692182,37.05338740586577]]],[[[27.0802205,37.0528282],[27.08181780000004,37.05269320000005],[27.0819376,37.0522521],[27.0802205,37.0528282]]],[[[25.080325505390082,37.05180560539004],[25.082426805390064,37.05931570539009],[25.088573205390034,37.05027650539015],[25.080325505390082,37.05180560539004]]],[[[25.083551405390043,37.06330390539018],[25.086240305390156,37.05833790539006],[25.082464705390045,37.05974510539004],[25.083551405390043,37.06330390539018]]],[[[27.070732,37.062349],[27.098623,37.0631],[27.107431,37.058211],[27.070732,37.062349]]],[[[25.7005014,37.0701515],[25.709523900000033,37.067424200000026],[25.70987050000002,37.0658865],[25.7005014,37.0701515]]],[[[25.094783805390037,37.075557705390075],[25.094149405390112,37.07529060539003],[25.094123705390068,37.076317805390076],[25.094783805390037,37.075557705390075]]],[[[25.093482805390067,37.07630740539005],[25.09316220538994,37.07630230539009],[25.093790305390073,37.07682610539005],[25.093482805390067,37.07630740539005]]],[[[25.09312370538996,37.07784290539018],[25.093783805390064,37.07708290539001],[25.093136505390163,37.07732940539018],[25.09312370538996,37.07784290539018]]],[[[26.88070809192709,37.07357751832259],[26.986047747206428,37.046507892196686],[26.994423580807645,37.037454710884695],[26.971196,37.041665400000056],[27.00772170000006,37.01628440000002],[27.005075900000065,37.00385540000001],[27.03617454918286,37.014181374232805],[27.05350568545905,36.9955988826743],[27.02690610000005,36.97484390000004],[27.047197466091347,36.97077867376736],[27.030488700000085,36.95849050000001],[27.05408119243918,36.94564023848568],[26.98665180000005,36.95139830000005],[26.985614400000056,36.9254004],[26.940614260585853,36.926305557298065],[26.930332900000078,36.946875199999965],[26.90916310891723,36.95208324281527],[26.934367,36.96891210000002],[26.924640100000058,36.981255400000016],[26.93801460000008,37.0174122],[26.96807260000004,37.0161283],[26.940849500000063,37.04342129999996],[26.91196660000006,37.03858310000002],[26.919598100000034,37.053493600000046],[26.88070809192709,37.07357751832259]]],[[[25.701595200000042,37.08120969999999],[25.7070667,37.079985],[25.7099953,37.0774481],[25.701595200000042,37.08120969999999]]],[[[27.065447600000038,37.085120699999976],[27.068688500000064,37.0819496],[27.065718600000043,37.082529300000104],[27.065223700000047,37.083438300000054],[27.065447600000038,37.085120699999976]]],[[[25.68163090000002,37.08612710000004],[25.6806914,37.08483230000002],[25.680673600000034,37.0858597],[25.68163090000002,37.08612710000004]]],[[[25.701507500000027,37.08634650000004],[25.70087510000005,37.08582589999996],[25.700866399999985,37.086339600000045],[25.701507500000027,37.08634650000004]]],[[[27.2526751,37.08732530000008],[27.252593,37.08723659999997],[27.252583300000023,37.0872726],[27.2526751,37.08732530000008]]],[[[26.891495900000045,37.08688070000005],[26.887625800000027,37.08672630000007],[26.889560900000042,37.08765250000007],[26.891495900000045,37.08688070000005]]],[[[27.250800900000037,37.08908240000009],[27.251302500000083,37.088973200000126],[27.251407100000037,37.088779300000084],[27.250800900000037,37.08908240000009]]],[[[27.208332,37.089419],[27.213609,37.084785],[27.205104,37.081718],[27.208332,37.089419]]],[[[25.361895,37.08899079999997],[25.36082320000004,37.089652399999984],[25.363053700000023,37.09013760000003],[25.361895,37.08899079999997]]],[[[27.235592,37.090267],[27.241358,37.088072],[27.232061,37.088861],[27.235592,37.090267]]],[[[26.886948500000067,37.08842430000003],[26.88452970000004,37.090662499999986],[26.886658300000025,37.092128800000054],[26.886948500000067,37.08842430000003]]],[[[25.683906100000044,37.0843543],[25.6995576,37.08786649999996],[25.700477,37.08094060000002],[25.683906100000044,37.0843543]]],[[[26.891302400000036,37.0972995],[26.89168940000002,37.0951387],[26.88917380000005,37.096527799999976],[26.891302400000036,37.0972995]]],[[[27.488598248048678,37.097678584665],[27.487696,37.096948],[27.487378952087486,37.09741280733238],[27.488598248048678,37.097678584665]]],[[[25.83483089999999,37.1117504],[25.8341955,37.11135940000001],[25.834183599999985,37.1121299000001],[25.83483089999999,37.1117504]]],[[[26.903009500000028,37.118904400000034],[26.90920170000007,37.11458390000002],[26.901364700000066,37.11658990000003],[26.903009500000028,37.118904400000034]]],[[[27.475038500000025,37.1215348],[27.46888860000005,37.119534800000054],[27.4747973,37.123823],[27.475038500000025,37.1215348]]],[[[25.8291051,37.12381439999998],[25.82855350000004,37.123634500000044],[25.828569,37.12397960000003],[25.8291051,37.12381439999998]]],[[[27.53249870000007,37.12507110000003],[27.53211260000004,37.12425640000005],[27.531714900000043,37.125141200000066],[27.53249870000007,37.12507110000003]]],[[[25.287916505389923,37.12628260539003],[25.29246400538994,37.12377930539009],[25.287486905389958,37.12396460539017],[25.287916505389923,37.12628260539003]]],[[[25.8082891,37.127029],[25.807009900000022,37.12675929999997],[25.807001800000023,37.127273],[25.8082891,37.127029]]],[[[25.836822600000023,37.12834010000004],[25.8375347,37.123723],[25.8295117,37.12390079999999],[25.836822600000023,37.12834010000004]]],[[[27.29775990000002,37.1278514],[27.29782710000002,37.1285617],[27.29832880000007,37.12825820000001],[27.29775990000002,37.1278514]]],[[[27.481863300000022,37.1280794],[27.476796800000056,37.126817],[27.48133830000006,37.130663800000036],[27.481863300000022,37.1280794]]],[[[25.22461440539007,37.13074550538999],[25.224647305390132,37.12933270539001],[25.223978905390116,37.13047920538995],[25.22461440539007,37.13074550538999]]],[[[25.245667905389936,37.13147390539002],[25.246566105390084,37.13045910539016],[25.24515600539007,37.13030730539004],[25.245667905389936,37.13147390539002]]],[[[25.228118005390055,37.131825405390074],[25.226859305390054,37.13077910538993],[25.226847205390087,37.131292705390024],[25.228118005390055,37.131825405390074]]],[[[27.257223,37.132997],[27.256418,37.132228],[27.256261,37.133256],[27.257223,37.132997]]],[[[25.262021205390063,37.132391305390186],[25.26554240539006,37.12849030539021],[25.2612923053901,37.129308205389904],[25.262021205390063,37.132391305390186]]],[[[27.28466940000005,37.13366850000003],[27.284331900000048,37.133509],[27.284506900000025,37.13376819999996],[27.28466940000005,37.13366850000003]]],[[[25.253693205390018,37.132471105389975],[25.25488320539007,37.132687705390104],[25.25373560538996,37.13199480538999],[25.253693205390018,37.132471105389975]]],[[[27.385485647147263,37.1353026012453],[27.383884,37.134611500000105],[27.385072300000044,37.13565330000007],[27.385485647147263,37.1353026012453]]],[[[25.83028430000002,37.13623930000006],[25.83105240000001,37.12802629999998],[25.81861380000004,37.123279],[25.83164150000003,37.11056349999998],[25.841255,37.11117170000005],[25.834478800000017,37.09286590000006],[25.797461400000046,37.09146860000003],[25.777215199999986,37.124143499999974],[25.7972813,37.113045599999985],[25.83028430000002,37.13623930000006]]],[[[27.385552900000047,37.137097399999966],[27.389884113242957,37.14029481769217],[27.39436814254079,37.139515361735356],[27.385552900000047,37.137097399999966]]],[[[27.27985185050289,37.14318408859636],[27.27832170559477,37.142483306890654],[27.278381125526728,37.142985382634194],[27.27985185050289,37.14318408859636]]],[[[26.81242450000009,37.1447578],[26.8131571,37.14469510000005],[26.81228590000004,37.144606],[26.81242450000009,37.1447578]]],[[[25.294877605390003,37.144877805390166],[25.294247605390133,37.14435500539003],[25.294241805389998,37.144611905389986],[25.294877605390003,37.144877805390166]]],[[[26.89043160000004,37.14505350000002],[26.890915400000026,37.14405089999997],[26.889947900000053,37.144128],[26.89043160000004,37.14505350000002]]],[[[26.8883998,37.1436653],[26.884916700000023,37.144282299999986],[26.88733550000005,37.145362],[26.8883998,37.1436653]]],[[[26.81384440000007,37.1467116],[26.815158200000045,37.14672850000008],[26.813835900000047,37.1464105],[26.81384440000007,37.1467116]]],[[[25.289308705390013,37.149935005390084],[25.288999505390045,37.149416805390025],[25.28898800539018,37.14993050539007],[25.289308705390013,37.149935005390084]]],[[[25.28991560538999,37.15148500539006],[25.289262405390147,37.151989505390105],[25.290534205390003,37.15252150539001],[25.28991560538999,37.15148500539006]]],[[[26.8136729,37.15344230000007],[26.8141944,37.1532439],[26.81395080000003,37.15318630000007],[26.8136729,37.15344230000007]]],[[[25.294068805390072,37.15231550538996],[25.299178605390097,37.15341640539003],[25.296690105390056,37.14991260539001],[25.294068805390072,37.15231550538996]]],[[[25.15752590539005,37.12068480538998],[25.237149405390028,37.145271205389996],[25.2343699053901,37.14060610539004],[25.21131770538999,37.12682550539006],[25.224890105389978,37.118975605389956],[25.265225005390118,37.12464320539],[25.270163205390098,37.13809780538997],[25.257076905390033,37.139968405390036],[25.26354920538997,37.152192305389946],[25.29443900538995,37.14276080539008],[25.255505805390047,37.079539205389956],[25.27779210538999,37.04929760538999],[25.245413605390098,37.00788320539001],[25.18312600539012,36.97543280539008],[25.11755450539007,36.99239200538994],[25.098214905390048,37.01674330539005],[25.107295005390124,37.063896005390056],[25.155655805390083,37.08840120539015],[25.13043340539003,37.09406000539007],[25.15752590539005,37.12068480538998]]],[[[27.384621100000032,37.15604690000005],[27.383657200000037,37.155610600000074],[27.383765,37.156547],[27.384621100000032,37.15604690000005]]],[[[25.270789305389975,37.15994110539003],[25.26672980539002,37.155001205390036],[25.266641905390028,37.15885300539002],[25.270789305389975,37.15994110539003]]],[[[25.278460305390027,37.16133720539008],[25.2781454053901,37.16107580539012],[25.278139505390158,37.161332505390035],[25.278460305390027,37.16133720539008]]],[[[25.28262550539007,37.161654605390055],[25.281044505389943,37.16060410539001],[25.280706205390068,37.16136990539014],[25.28262550539007,37.161654605390055]]],[[[27.53399760000003,37.16362740000001],[27.52852430000005,37.141465],[27.490068,37.141512],[27.494897500000054,37.15719180000002],[27.53399760000003,37.16362740000001]]],[[[27.53937852185372,37.16732495300644],[27.538938814357714,37.16705032115324],[27.538332312401035,37.16758435147055],[27.53937852185372,37.16732495300644]]],[[[27.368861,37.162062599999985],[27.368691300000023,37.17289710000008],[27.3789734,37.16419109999997],[27.368861,37.162062599999985]]],[[[27.354808281674405,37.17639018831411],[27.359725200000042,37.17431359999997],[27.35437956786274,37.172868127583314],[27.354808281674405,37.17639018831411]]],[[[26.759474,37.1878776],[26.760771900000044,37.1874025],[26.758749,37.18726280000001],[26.759474,37.1878776]]],[[[26.7562686,37.19426710000001],[26.755701600000062,37.19381550000008],[26.755379,37.19414250000006],[26.7562686,37.19426710000001]]],[[[26.757901,37.194251499999964],[26.75793030000004,37.19390890000004],[26.75729490000006,37.194306],[26.757901,37.194251499999964]]],[[[26.754655700000075,37.19484330000003],[26.753736800000038,37.19340280000008],[26.75285710000009,37.19437609999997],[26.754655700000075,37.19484330000003]]],[[[26.764750700000086,37.193919400000034],[26.76098530000003,37.18925330000007],[26.759183,37.19490639999997],[26.764750700000086,37.193919400000034]]],[[[27.52126377272129,37.197078607062025],[27.520769,37.19622900000013],[27.520247019970743,37.19691975945407],[27.52126377272129,37.197078607062025]]],[[[26.774274800000057,37.197875600000046],[26.774367200000043,37.197029100000044],[26.774013,37.19768340000002],[26.774274800000057,37.197875600000046]]],[[[27.55056432403477,37.20211510074672],[27.551685128546563,37.19986272353911],[27.55156257889076,37.19866004648322],[27.55056432403477,37.20211510074672]]],[[[26.7939075,37.196552500000074],[26.85738,37.18613339999999],[26.836012600000018,37.1613055],[26.874568200000052,37.15582889999998],[26.85981040000002,37.14423330000002],[26.89089970000002,37.11465110000006],[26.8877873,37.09761020000001],[26.87208530000007,37.109296600000015],[26.876072,37.09715],[26.843496400000056,37.098739900000034],[26.831291600000075,37.1113185],[26.860597300000023,37.118471499999984],[26.859618100000013,37.13093530000002],[26.82420990000002,37.11253159999998],[26.806689400000064,37.1340439],[26.83019,37.15095120000002],[26.76479410000005,37.17299590000006],[26.77874760000004,37.194741800000024],[26.794187300000036,37.18649550000002],[26.809015,37.1905073],[26.7939075,37.196552500000074]]],[[[25.53490540000001,37.20324110000003],[25.588486,37.145593],[25.590949400000056,37.0888403],[25.6064856,37.08570059999997],[25.584744500000017,37.074995400000034],[25.54894949999999,36.95706139999996],[25.5080841,36.955104500000054],[25.48499510000001,36.9313433],[25.435241200000014,36.919608599999975],[25.423384900000034,36.96829479999998],[25.38514160000001,36.976434],[25.3908238,36.99577529999998],[25.3631188,37.024828800000066],[25.373104700000034,37.047395500000064],[25.332929400000047,37.07625579999996],[25.343803,37.0931331],[25.3611994,37.086709600000056],[25.3718031,37.090578700000016],[25.37184639999999,37.110686],[25.4130563,37.13574380000002],[25.46244490000004,37.148778600000014],[25.493801300000055,37.188636600000024],[25.53490540000001,37.20324110000003]]],[[[26.824101600000052,37.202467100000064],[26.818481100000028,37.20313209999998],[26.819010500000104,37.205256899999966],[26.824101600000052,37.202467100000064]]],[[[26.796464200000024,37.21003829999997],[26.79673130000007,37.2090909],[26.795770300000072,37.2096786],[26.796464200000024,37.21003829999997]]],[[[26.8147329,37.211398699999975],[26.815154,37.21003819999997],[26.8138256,37.2102917],[26.8147329,37.211398699999975]]],[[[26.770202100000013,37.211997],[26.78676390000004,37.205997299999964],[26.766753800000046,37.19450359999996],[26.770202100000013,37.211997]]],[[[26.815676,37.2140319],[26.8135851,37.2151214],[26.814979,37.2177526],[26.815676,37.2140319]]],[[[26.699850900000044,37.2279867],[26.699846200000042,37.22794980000008],[26.699822600000015,37.22797009999997],[26.699850900000044,37.2279867]]],[[[26.699803600000088,37.22802660000014],[26.699803600000088,37.2280063],[26.699785699999957,37.22802660000014],[26.699803600000088,37.22802660000014]]],[[[26.698849400000014,37.22858940000015],[26.69885770000006,37.228563500000085],[26.698841800000015,37.2285731],[26.698849400000014,37.22858940000015]]],[[[26.700655700000013,37.22874110000006],[26.700583800000107,37.22877049999993],[26.700644300000157,37.22883150000006],[26.700655700000013,37.22874110000006]]],[[[26.6988566,37.2284119],[26.70059420000014,37.22903860000018],[26.700392700000137,37.22822430000011],[26.70095369999997,37.22743339999995],[26.70023750000007,37.22752830000002],[26.6999191,37.22800330000012],[26.6988566,37.2284119]]],[[[25.9257333,37.238871600000024],[25.9289622,37.23774439999998],[25.93056680000002,37.2378877],[25.929299900000046,37.2365919],[25.9257333,37.238871600000024]]],[[[27.53926522544953,37.24785060253933],[27.53855218626662,37.24807764092058],[27.539146385585724,37.2484276570847],[27.53926522544953,37.24785060253933]]],[[[27.547358220174843,37.25269393963666],[27.551359009634364,37.25305953856107],[27.563751110169832,37.24531462920971],[27.547358220174843,37.25269393963666]]],[[[26.8073153,37.255004800000066],[26.80786660000004,37.254509400000025],[26.806966400000043,37.25458590000005],[26.8073153,37.255004800000066]]],[[[27.561179,37.254232],[27.559091,37.254242],[27.55902037214322,37.255367731936815],[27.561179,37.254232]]],[[[26.813047200000042,37.25563680000006],[26.81284630000004,37.25453340000006],[26.809953200000074,37.25555679999996],[26.813047200000042,37.25563680000006]]],[[[26.71793550000015,37.25973040000004],[26.71950090000007,37.252396],[26.71347580000012,37.25392410000002],[26.71793550000015,37.25973040000004]]],[[[26.752273600000063,37.262578],[26.752188700000072,37.262386],[26.7521395,37.26238959999995],[26.752273600000063,37.262578]]],[[[26.752495,37.26280780000002],[26.752543,37.262714],[26.752464400000047,37.26276440000002],[26.752495,37.26280780000002]]],[[[26.75345740000005,37.263779800000066],[26.75342610000005,37.26370149999998],[26.753419400000066,37.2637407],[26.75345740000005,37.263779800000066]]],[[[26.752739,37.26406260000006],[26.752558400000026,37.26329010000005],[26.75202540000004,37.263947900000076],[26.752739,37.26406260000006]]],[[[26.559399900000088,37.2653528000001],[26.559321400000034,37.265212100000035],[26.559317800000024,37.265326900000076],[26.559399900000088,37.2653528000001]]],[[[26.559374,37.2654892],[26.55940720000011,37.265426000000126],[26.559339399999967,37.2654679],[26.559374,37.2654892]]],[[[26.560427400000044,37.26592220000001],[26.56037760000004,37.2658987],[26.560404300000016,37.26594060000004],[26.560427400000044,37.26592220000001]]],[[[26.5590075,37.2660117],[26.55915360000004,37.2661023],[26.5591772,37.26599290000004],[26.5590075,37.2660117]]],[[[26.5590492,37.26628870000005],[26.55934720000002,37.266268],[26.55935810000001,37.26613110000002],[26.5590492,37.26628870000005]]],[[[26.560426100000036,37.2667031],[26.5603352,37.26669790000001],[26.56032220000002,37.266727799999984],[26.560426100000036,37.2667031]]],[[[26.56030270000003,37.26682490000008],[26.560319299999986,37.2667628],[26.560252200000022,37.2667887],[26.56030270000003,37.26682490000008]]],[[[26.560371300000046,37.26682540000002],[26.5603741,37.26679730000006],[26.560362600000015,37.2668157],[26.560371300000046,37.26682540000002]]],[[[26.5599954,37.26721469999998],[26.56002150000004,37.267179500000054],[26.5599593,37.267196699999985],[26.5599954,37.26721469999998]]],[[[26.5597355,37.26728360000003],[26.5596597,37.26725920000003],[26.5596516,37.267267800000035],[26.5597355,37.26728360000003]]],[[[26.5597284,37.26734790000001],[26.559719600000026,37.2673067],[26.5596878,37.26732949999998],[26.5597284,37.26734790000001]]],[[[26.559876100000036,37.26730530000001],[26.55979220000004,37.2672464],[26.559777800000045,37.2673627],[26.559876100000036,37.26730530000001]]],[[[26.5597616,37.267418],[26.559771500000014,37.26739580000001],[26.55974530000004,37.26741159999999],[26.5597616,37.267418]]],[[[26.55899409999999,37.267423900000026],[26.558955700000013,37.2673979],[26.5589377,37.267417600000066],[26.55899409999999,37.267423900000026]]],[[[26.55971640000001,37.2675365],[26.55977689999999,37.26745390000007],[26.5596867,37.267471900000054],[26.55971640000001,37.2675365]]],[[[26.55875360000001,37.2676782],[26.558713100000045,37.267627599999976],[26.55868430000002,37.26764079999999],[26.55875360000001,37.2676782]]],[[[26.559767,37.267694500000026],[26.5596767,37.2676155],[26.55965870000002,37.267698099999976],[26.559767,37.267694500000026]]],[[[26.5596982,37.26775980000004],[26.5597128,37.267725300000066],[26.5596677,37.26774830000003],[26.5596982,37.26775980000004]]],[[[26.558851200000028,37.26785290000004],[26.558875500000028,37.26780910000004],[26.5588115,37.2678235],[26.558851200000028,37.26785290000004]]],[[[26.559693300000013,37.267837299999975],[26.55971,37.2678699],[26.55971640000001,37.26785979999999],[26.559693300000013,37.267837299999975]]],[[[26.559670400000027,37.267917799999964],[26.559588300000033,37.26787110000006],[26.559534199999984,37.26789120000003],[26.559670400000027,37.267917799999964]]],[[[26.5587817,37.26789960000006],[26.5587041,37.26791029999997],[26.5587898,37.26791390000008],[26.5587817,37.26789960000006]]],[[[26.55899770000003,37.26801819999997],[26.559512,37.2678545],[26.55952570000003,37.2672846],[26.56019790000003,37.2669265],[26.5599465,37.26604610000003],[26.55899770000003,37.26801819999997]]],[[[26.750468700000447,37.26685560000019],[26.752738599999798,37.2655582000002],[26.751140900000017,37.26397059999998],[26.750468700000447,37.26685560000019]]],[[[26.559067400000043,37.2680922],[26.559062,37.26806279999998],[26.55904130000004,37.26808580000003],[26.559067400000043,37.2680922]]],[[[26.55909020000002,37.268252200000056],[26.55914650000003,37.26816839999998],[26.5590173,37.26822059999998],[26.55909020000002,37.268252200000056]]],[[[26.559036800000083,37.268324600000014],[26.559194900000016,37.26832749999998],[26.55923530000001,37.26826940000003],[26.559036800000083,37.268324600000014]]],[[[26.559093100000023,37.26850610000001],[26.5591393,37.26837740000001],[26.55902530000002,37.26838660000002],[26.559093100000023,37.26850610000001]]],[[[26.559065,37.268456700000016],[26.5589473,37.2684676],[26.5589971,37.26853080000003],[26.559065,37.268456700000016]]],[[[26.758788300000273,37.26767290000046],[26.755245100000412,37.267576800000434],[26.756895900000387,37.26927500000036],[26.758788300000273,37.26767290000046]]],[[[26.744557600000388,37.26914960000039],[26.74730700000035,37.27029610000037],[26.749517500000483,37.27007880000029],[26.744557600000388,37.26914960000039]]],[[[26.743757200000505,37.2721040000004],[26.744073200000297,37.272036600000305],[26.74425080000039,37.27182140000043],[26.743757200000505,37.2721040000004]]],[[[26.75050500000027,37.27238280000037],[26.752731400000457,37.27178370000029],[26.750522100000424,37.2711830000004],[26.75050500000027,37.27238280000037]]],[[[27.509472071592864,37.27360563441584],[27.50847381673687,37.27318008114875],[27.509507723552016,37.273879878580004],[27.509472071592864,37.27360563441584]]],[[[26.744471300000388,37.274559800000326],[26.746771200000435,37.2729785000004],[26.744340300000346,37.27180390000041],[26.744471300000388,37.274559800000326]]],[[[26.7304832000002,37.27427330000022],[26.7346303000004,37.27071690000031],[26.7304832000002,37.27328010000037],[26.7304832000002,37.27427330000022]]],[[[26.74774800000034,37.27516800000042],[26.747463000000263,37.27489070000041],[26.747403000000443,37.27520240000045],[26.74774800000034,37.27516800000042]]],[[[26.798954000000474,37.27762310000037],[26.79885640000032,37.27764700000032],[26.79888490000043,37.277778400000365],[26.798954000000474,37.27762310000037]]],[[[26.79940380000027,37.27874010000035],[26.80011670000028,37.27822060000035],[26.800174900000364,37.27798380000035],[26.79940380000027,37.27874010000035]]],[[[26.798692700000263,37.27885400000044],[26.799184800000326,37.27860670000041],[26.799597100000334,37.278250600000476],[26.799055200000435,37.27819470000042],[26.798692700000263,37.27885400000044]]],[[[26.770639800000346,37.27786360000039],[26.769185000000455,37.27580970000032],[26.771249900000402,37.27931990000034],[26.770639800000346,37.27786360000039]]],[[[26.791993200000345,37.28391290000039],[26.79279100000028,37.282531300000436],[26.791148400000274,37.28312870000035],[26.791993200000345,37.28391290000039]]],[[[27.368684460136468,37.282578555912494],[27.365975960136424,37.28420575386817],[27.36991216013628,37.28456465341713],[27.368684460136468,37.282578555912494]]],[[[26.79945510000039,37.28536910000029],[26.79724940000043,37.282381900000416],[26.79757790000038,37.28499570000036],[26.79945510000039,37.28536910000029]]],[[[26.79100760000037,37.28943900000047],[26.791758500000334,37.288132200000256],[26.79100760000037,37.28831880000035],[26.79100760000037,37.28943900000047]]],[[[26.5779503,37.29036150000009],[26.578497,37.29014570000002],[26.578194,37.29002829999999],[26.5779503,37.29036150000009]]],[[[26.578489100000027,37.2923894000001],[26.578428799999987,37.29230310000006],[26.57838050000004,37.29237519999999],[26.578489100000027,37.2923894000001]]],[[[26.569704400000024,37.29791049999996],[26.565818299999986,37.29215520000004],[26.566307100000063,37.29721060000006],[26.569704400000024,37.29791049999996]]],[[[26.808031000000373,37.30644850000042],[26.807859900000288,37.30542770000029],[26.805079200000392,37.307095000000466],[26.808031000000373,37.30644850000042]]],[[[27.091905160136342,37.30622952618928],[27.088016060136333,37.290014346569464],[27.10344716013633,37.280016559131354],[27.086885160136422,37.275019565408826],[27.079546560136375,37.29576103934742],[27.091905160136342,37.30622952618928]]],[[[26.80473700000039,37.30763940000033],[26.80131460000035,37.307129000000444],[26.801057900000437,37.30855810000039],[26.80473700000039,37.30763940000033]]],[[[26.780206300000394,37.309141600000245],[26.78135930000038,37.30957050000021],[26.78144210000021,37.308794600000375],[26.780206300000394,37.309141600000245]]],[[[26.600830500000043,37.30896480000004],[26.607548,37.3087993],[26.6055565,37.3033853],[26.600830500000043,37.30896480000004]]],[[[26.56481340000003,37.3124351],[26.5652916,37.31269070000008],[26.5654427,37.31231310000008],[26.56481340000003,37.3124351]]],[[[26.805421400000327,37.31869720000033],[26.80336800000044,37.31692810000023],[26.804223600000334,37.31873130000046],[26.805421400000327,37.31869720000033]]],[[[26.5952489,37.31981670000003],[26.595450400000022,37.319675499999974],[26.595188200000027,37.319762900000015],[26.5952489,37.31981670000003]]],[[[26.59509429999999,37.319814],[26.595023300000033,37.319776400000045],[26.5950492,37.31983910000002],[26.59509429999999,37.319814]]],[[[26.5597347,37.32089490000007],[26.560258499999986,37.32011930000004],[26.5594999,37.32026290000009],[26.5597347,37.32089490000007]]],[[[26.5977727,37.323187600000075],[26.597753300000043,37.323169],[26.59774830000002,37.323178],[26.5977727,37.323187600000075]]],[[[26.59714180000004,37.322896899999975],[26.5981921,37.32231749999997],[26.5971185,37.32225850000001],[26.59714180000004,37.322896899999975]]],[[[26.60447810000002,37.323798300000014],[26.6044678,37.32376760000004],[26.604460900000028,37.323797],[26.60447810000002,37.323798300000014]]],[[[26.603490900000047,37.323579699999975],[26.604738,37.323684700000015],[26.604959100000045,37.3234312],[26.603490900000047,37.323579699999975]]],[[[26.6042254,37.323853799999966],[26.6042189,37.323833],[26.604193,37.323853900000046],[26.6042254,37.323853799999966]]],[[[26.723628800000334,37.327134600000235],[26.7572371000004,37.30463690000021],[26.787321400000405,37.30732090000029],[26.784545600000424,37.27709800000034],[26.77764710000035,37.28372380000045],[26.762992700000407,37.27891690000038],[26.763877200000294,37.29802370000043],[26.7157369,37.30247220000006],[26.70985890000001,37.31859730000005],[26.723628800000334,37.327134600000235]]],[[[27.333855160136302,37.32968549669504],[27.32579516013649,37.32559750183648],[27.32694416013651,37.330732495378214],[27.333855160136302,37.32968549669504]]],[[[26.708419,37.3295279],[26.715828200000022,37.3326676],[26.708596400000022,37.328787],[26.708419,37.3295279]]],[[[26.5598493,37.33553360000003],[26.56036580000003,37.3356179],[26.56073230000003,37.335459199999974],[26.5598493,37.33553360000003]]],[[[26.559834400000035,37.3356699],[26.559797600000017,37.33562629999996],[26.559778800000036,37.33564460000003],[26.559834400000035,37.3356699]]],[[[26.72689690000039,37.3377966000004],[26.726850400000416,37.33773920000034],[26.7268380000003,37.33777620000052],[26.72689690000039,37.3377966000004]]],[[[26.592979800000016,37.337987900000016],[26.592948599999986,37.33791410000005],[26.592935600000036,37.33800940000005],[26.592979800000016,37.337987900000016]]],[[[26.594675900000034,37.3384224],[26.5946051,37.33838220000001],[26.5946036,37.3384063],[26.594675900000034,37.3384224]]],[[[26.727167700000383,37.33820390000032],[26.72858110000029,37.3379256000004],[26.727743100000414,37.33619350000038],[26.727191400000446,37.33638220000032],[26.727167700000383,37.33820390000032]]],[[[26.592556300000034,37.338996299999984],[26.59253330000001,37.338996299999984],[26.592556300000034,37.339015099999955],[26.592556300000034,37.338996299999984]]],[[[26.71759809999999,37.336474500000044],[26.719634900000454,37.338300300000434],[26.718216900000048,37.33650249999999],[26.71759809999999,37.336474500000044]]],[[[26.592543,37.339050900000075],[26.592537800000034,37.33903150000005],[26.592525899999984,37.33904860000007],[26.592543,37.339050900000075]]],[[[26.563459,37.33760659999997],[26.5660451,37.33950280000009],[26.5668885,37.337359],[26.563459,37.33760659999997]]],[[[26.594425,37.33974970000005],[26.5945329,37.338254],[26.593942,37.33838420000005],[26.5927999,37.33796839999999],[26.594425,37.33974970000005]]],[[[26.720540600000433,37.33984420000025],[26.721480100000356,37.33957860000037],[26.720028600000358,37.33903010000041],[26.720540600000433,37.33984420000025]]],[[[26.724813600000314,37.34025060000036],[26.72503370000042,37.33998950000043],[26.724665600000325,37.34005120000032],[26.724813600000314,37.34025060000036]]],[[[26.5938683,37.3410846],[26.5941167,37.34090650000007],[26.59417020000002,37.340730800000074],[26.5938683,37.3410846]]],[[[26.585576099999987,37.340590700000014],[26.58875280000005,37.3416655],[26.588245800000028,37.340208800000084],[26.585576099999987,37.340590700000014]]],[[[26.722227000000395,37.34276860000031],[26.724180100000275,37.341807700000416],[26.723090100000352,37.3410142000003],[26.722227000000395,37.34276860000031]]],[[[26.754983600000457,37.35156300000032],[26.75490130000042,37.35140690000047],[26.75481610000021,37.351435600000315],[26.754983600000457,37.35156300000032]]],[[[26.754803000000457,37.351150500000315],[26.75802990000044,37.350631200000365],[26.756508700000296,37.34952420000042],[26.754803000000457,37.351150500000315]]],[[[26.762576200000325,37.35324100000029],[26.76960690000031,37.35720720000037],[26.770105800000366,37.35500780000027],[26.762576200000325,37.35324100000029]]],[[[26.741019900000378,37.3583665000004],[26.74299910000043,37.35708460000034],[26.74238110000041,37.35673500000039],[26.741019900000378,37.3583665000004]]],[[[26.748111300000424,37.35901530000039],[26.750177400000343,37.35901980000041],[26.749765700000374,37.35791090000035],[26.748111300000424,37.35901530000039]]],[[[26.746317500000345,37.36015530000037],[26.74744530000038,37.35977970000047],[26.746140200000372,37.35998290000031],[26.746317500000345,37.36015530000037]]],[[[26.53205730000003,37.3637678],[26.5320354,37.36372610000003],[26.532021100000012,37.3637564],[26.53205730000003,37.3637678]]],[[[26.5322663,37.36382390000002],[26.532216700000042,37.363829199999984],[26.53226920000003,37.3638337],[26.5322663,37.36382390000002]]],[[[26.531915200000014,37.3638474],[26.531915200000014,37.3638019],[26.531860800000015,37.36383220000001],[26.531915200000014,37.3638474]]],[[[26.531616500000016,37.36397559999996],[26.5315612,37.3639331],[26.531539200000033,37.363961900000014],[26.531616500000016,37.36397559999996]]],[[[26.5311066,37.36420260000003],[26.531079900000023,37.3641882],[26.531051300000044,37.36419730000006],[26.5311066,37.36420260000003]]],[[[26.531067100000023,37.364015799999976],[26.531523800000016,37.3643743],[26.532348500000026,37.36389810000006],[26.5320215,37.36385330000002],[26.5314096,37.3640561],[26.5313222,37.36395080000002],[26.531067100000023,37.364015799999976]]],[[[26.749260600000326,37.361042100000354],[26.75678600000033,37.360868000000465],[26.75830490000024,37.3588695000003],[26.749260600000326,37.361042100000354]]],[[[26.731359500000355,37.362889300000255],[26.732790100000386,37.364610500000396],[26.73299360000037,37.362945600000366],[26.731359500000355,37.362889300000255]]],[[[26.5965524,37.36627840000005],[26.597312200000015,37.36612680000006],[26.597216100000047,37.3659777],[26.5965524,37.36627840000005]]],[[[26.746495000000333,37.36648670000043],[26.749079700000244,37.36521940000035],[26.747590600000347,37.36382870000044],[26.746495000000333,37.36648670000043]]],[[[26.747776900000268,37.367562000000355],[26.74761650000037,37.367286100000264],[26.747484400000467,37.36743320000038],[26.747776900000268,37.367562000000355]]],[[[26.600802,37.367209300000056],[26.599943700000022,37.367209300000056],[26.5997721,37.36802790000002],[26.600802,37.367209300000056]]],[[[26.701667700000012,37.371934600000024],[26.707523400000014,37.3569127],[26.69633389999999,37.3650231],[26.701667700000012,37.371934600000024]]],[[[26.722628900000398,37.366075700000316],[26.72819930000031,37.3689751000005],[26.727222400000297,37.362771600000364],[26.722628900000398,37.366075700000316]]],[[[26.712983100000017,37.37267790000006],[26.71830880000007,37.37099910000003],[26.7144616,37.370335],[26.712983100000017,37.37267790000006]]],[[[26.573966100000018,37.377535300000055],[26.6144695,37.340411299999985],[26.5673945,37.35101339999997],[26.555787099999982,37.34186230000002],[26.5615839,37.326809],[26.543685200000027,37.32942490000006],[26.573939100000032,37.30399830000006],[26.559637600000038,37.29264230000001],[26.573022300000016,37.270164200000025],[26.558965699999987,37.268863300000056],[26.541289100000043,37.27626020000004],[26.554843100000035,37.291006200000034],[26.5281963,37.28739550000009],[26.5255318,37.29448620000005],[26.54530090000002,37.3354372],[26.53268059999998,37.37594949999998],[26.5513144,37.3664772],[26.573966100000018,37.377535300000055]]],[[[26.72346810000038,37.40595300000035],[26.7250959000004,37.40411150000022],[26.72243050000031,37.40422380000032],[26.72346810000038,37.40595300000035]]],[[[26.494326600000022,37.40843980000002],[26.494243600000043,37.408328],[26.494216600000023,37.40836239999996],[26.494326600000022,37.40843980000002]]],[[[26.49461709999998,37.4085272],[26.4945875,37.4084879],[26.49457740000003,37.408497099999984],[26.49461709999998,37.4085272]]],[[[27.399791281548325,37.41102304924956],[27.399504594926196,37.410170224286915],[27.39919085768571,37.41115192909403],[27.399791281548325,37.41102304924956]]],[[[25.55644390000007,37.41181530000009],[25.55802720000016,37.41186430000009],[25.558223700000042,37.41148079999998],[25.55644390000007,37.41181530000009]]],[[[26.4917852,37.41227070000002],[26.4972905,37.411104],[26.496687800000032,37.4079623],[26.4950909,37.40880360000006],[26.490925500000042,37.40924560000001],[26.487964300000023,37.4078265000001],[26.4917852,37.41227070000002]]],[[[26.7102743,37.40198020000001],[26.73563430000034,37.39726350000033],[26.759281600000442,37.37369610000047],[26.752634000000413,37.375006700000306],[26.746569900000477,37.369340700000365],[26.744210300000496,37.36117350000028],[26.7102743,37.40198020000001]]],[[[26.444538300000012,37.41290480000003],[26.444344499999985,37.41115390000006],[26.443215,37.41131339999998],[26.444538300000012,37.41290480000003]]],[[[26.44485440000001,37.41308430000004],[26.444616300000035,37.4130234],[26.444744400000012,37.4131682],[26.44485440000001,37.41308430000004]]],[[[27.41149173120753,37.411508142499635],[27.40780195409839,37.410302605736355],[27.411426610063447,37.41333428830508],[27.41149173120753,37.411508142499635]]],[[[26.44487850000003,37.413524100000025],[26.444936,37.41330730000002],[26.444755600000022,37.41329740000004],[26.44487850000003,37.413524100000025]]],[[[26.44584590000003,37.414277],[26.4454935,37.41417180000005],[26.4457684,37.41440130000006],[26.44584590000003,37.414277]]],[[[25.57388720000002,37.41796489999999],[25.56685440000011,37.408039600000045],[25.55907600000011,37.4098208],[25.57388720000002,37.41796489999999]]],[[[27.216529733748505,37.41993823156955],[27.216185291045452,37.41925840750085],[27.215435380490028,37.42008778652889],[27.216529733748505,37.41993823156955]]],[[[25.577561400000125,37.42212380000006],[25.5769081,37.42124580000009],[25.576662699999982,37.421427900000026],[25.577561400000125,37.42212380000006]]],[[[25.578151900000087,37.42324090000012],[25.5775127,37.42297630000011],[25.577929900000036,37.42357730000004],[25.578151900000087,37.42324090000012]]],[[[26.97515920000048,37.4289461000004],[26.986302200000292,37.42871210000039],[26.97415400000037,37.42811170000023],[26.97515920000048,37.4289461000004]]],[[[27.00042520000041,37.46569930000046],[27.000915600000376,37.46572100000039],[27.000942600000364,37.465180400000264],[27.00042520000041,37.46569930000046]]],[[[27.007254800000414,37.46763710000032],[27.009965000000488,37.466161500000254],[27.003328700000473,37.46618250000037],[27.007254800000414,37.46763710000032]]],[[[26.977092500000385,37.47496000000025],[27.006490000000316,37.454656000000405],[26.991426900000274,37.46489900000027],[26.977966100000284,37.4446703000004],[26.966110200000422,37.4583165000004],[26.951868300000328,37.444433800000404],[26.925492600000474,37.47529090000034],[26.977092500000385,37.47496000000025]]],[[[27.005163400000338,37.47875820000032],[26.99303670000042,37.47417880000034],[26.98493840000027,37.47536740000026],[26.986252400000456,37.47698950000039],[27.005163400000338,37.47875820000032]]],[[[26.989581800000376,37.482854400000285],[26.99157420000039,37.482701400000245],[26.98932630000043,37.48272650000039],[26.989581800000376,37.482854400000285]]],[[[26.95040350000026,37.485322200000454],[26.95275780000037,37.48200820000035],[26.949136500000446,37.484574200000395],[26.95040350000026,37.485322200000454]]],[[[26.97830150000036,37.48476080000033],[26.981429300000304,37.48663030000035],[26.98211480000044,37.48478320000038],[26.97830150000036,37.48476080000033]]],[[[26.487909600000037,37.512316700000014],[26.4874804,37.512180600000015],[26.4875663,37.51265720000005],[26.487909600000037,37.512316700000014]]],[[[25.976869000000157,37.512587],[25.976805400000025,37.512934400000184],[25.977069600000075,37.512781],[25.976869000000157,37.512587]]],[[[26.501128900000026,37.514059400000036],[26.493054,37.503974300000046],[26.498637700000028,37.518215800000014],[26.501128900000026,37.514059400000036]]],[[[26.4885012,37.51828389999998],[26.486869,37.51726190000003],[26.486869,37.518352],[26.4885012,37.51828389999998]]],[[[26.5378093,37.5185564],[26.542276200000043,37.51746630000004],[26.541159500000013,37.50990290000004],[26.5378093,37.5185564]]],[[[26.5132411,37.524960799999974],[26.511952600000022,37.524007],[26.511952600000022,37.52468829999999],[26.5132411,37.524960799999974]]],[[[26.495382500000016,37.5249909],[26.494853300000013,37.52217130000005],[26.493913,37.52489270000004],[26.495382500000016,37.5249909]]],[[[26.546915,37.530479],[26.54528280000001,37.528980300000065],[26.54468149999999,37.5308196],[26.546915,37.530479]]],[[[26.4135135,37.534871399999965],[26.4166431,37.530380500000014],[26.4126193,37.53179870000007],[26.4135135,37.534871399999965]]],[[[25.154322200000053,37.54003319999999],[25.154305,37.5398697000001],[25.15421050000002,37.54000590000005],[25.154322200000053,37.54003319999999]]],[[[26.4806998,37.5533594],[26.48052820000003,37.55254280000003],[26.480099,37.5531553],[26.4806998,37.5533594]]],[[[26.450099200000043,37.5612322],[26.4497927,37.56070330000005],[26.449684500000032,37.56160379999998],[26.450099200000043,37.5612322]]],[[[26.449251700000016,37.562432800000074],[26.449377900000012,37.56213269999997],[26.449224700000027,37.562232700000024],[26.449251700000016,37.562432800000074]]],[[[25.102467200000188,37.576208100000116],[25.10231390000006,37.576129500000015],[25.10230189999997,37.57631050000008],[25.102467200000188,37.576208100000116]]],[[[26.461631100000044,37.5817252],[26.4723034,37.5709267],[26.4670522,37.56030450000005],[26.461631100000044,37.5817252]]],[[[26.5428277,37.58447889999998],[26.5417075,37.584787100000064],[26.543110600000013,37.585911500000044],[26.5428277,37.58447889999998]]],[[[26.472493100000047,37.5864466],[26.4729011,37.586022200000095],[26.47197040000002,37.58641629999997],[26.472493100000047,37.5864466]]],[[[26.409297,37.5903456],[26.409284200000027,37.59007740000002],[26.4089716,37.59024669999997],[26.409297,37.5903456]]],[[[26.411050400000047,37.59092],[26.41057639999999,37.590385199999965],[26.4101945,37.590834700000016],[26.411050400000047,37.59092]]],[[[26.4369404,37.60253249999998],[26.4545461,37.594796],[26.449386,37.5634314],[26.435425,37.565493800000034],[26.440705,37.577379300000025],[26.3961454,37.576273400000034],[26.4369404,37.60253249999998]]],[[[26.422878300000026,37.60456309999998],[26.43113170000004,37.59985650000003],[26.4272831,37.597226900000024],[26.422878300000026,37.60456309999998]]],[[[26.4735759,37.6058039],[26.47314670000001,37.605667899999986],[26.47314670000001,37.60593989999998],[26.4735759,37.6058039]]],[[[26.5678334,37.610439100000065],[26.567668300000033,37.59657890000001],[26.5434895,37.5877516],[26.5348247,37.59357120000002],[26.5678334,37.610439100000065]]],[[[26.496465799999985,37.62608990000001],[26.496262,37.62550780000006],[26.49581140000001,37.625690499999976],[26.496465799999985,37.62608990000001]]],[[[26.789693100000285,37.632794100000375],[26.789451500000375,37.63273450000035],[26.78938410000033,37.63276270000033],[26.789693100000285,37.632794100000375]]],[[[26.778742400000343,37.6332541000004],[26.778714600000377,37.63317040000035],[26.778681700000316,37.633197800000325],[26.778742400000343,37.6332541000004]]],[[[26.1784433,37.63434980000001],[26.177811700000028,37.63413730000002],[26.17828760000003,37.63454680000001],[26.1784433,37.63434980000001]]],[[[26.2182254,37.63576880000006],[26.218415499999985,37.63522519999998],[26.218019400000045,37.63564760000004],[26.2182254,37.63576880000006]]],[[[26.78855030000046,37.62603720000033],[26.798148000000335,37.62925180000036],[26.803688600000296,37.62370160000028],[26.78855030000046,37.62603720000033]]],[[[25.154207157173385,37.64264093804144],[25.153957210122584,37.64204121454572],[25.15374129718568,37.642431409514806],[25.154207157173385,37.64264093804144]]],[[[25.1384363065384,37.64541266886535],[25.140147600577098,37.645864338336615],[25.138782626652688,37.64432331139567],[25.1384363065384,37.64541266886535]]],[[[27.01755500626556,37.65367291600034],[27.02740761460325,37.650320709133254],[27.01409900000033,37.6475780000004],[27.01755500626556,37.65367291600034]]],[[[27.01377800000048,37.65528400000046],[27.01054600000037,37.65233000000045],[27.009058427309217,37.65302931131401],[27.01377800000048,37.65528400000046]]],[[[26.516224,37.65586640000007],[26.53413780000001,37.64139629999997],[26.52888780000005,37.619255700000025],[26.5468753,37.62015710000005],[26.5225532,37.58613820000005],[26.4957579,37.5769036],[26.514526700000022,37.551815100000034],[26.5031167,37.52653170000003],[26.48759110000003,37.560842400000034],[26.47775529999998,37.556596499999976],[26.473537200000028,37.602686800000036],[26.495981700000016,37.58223650000004],[26.518881300000036,37.597151],[26.515960600000046,37.6226328],[26.49618860000003,37.62696290000004],[26.516224,37.65586640000007]]],[[[25.06540683343119,37.660869494876216],[25.066048568695525,37.6573019521374],[25.063880929579835,37.65869060465673],[25.06540683343119,37.660869494876216]]],[[[27.003889135294113,37.658450316183],[27.00316926131968,37.65958472638494],[27.00440658104283,37.66175003590037],[27.003889135294113,37.658450316183]]],[[[27.005858052256432,37.66599737379579],[27.005159926306654,37.66565615178657],[27.005595191622607,37.666491350000705],[27.005858052256432,37.66599737379579]]],[[[24.9694946,37.67205770000004],[24.97144420000017,37.669556900000025],[24.967558300000174,37.6708875],[24.9694946,37.67205770000004]]],[[[24.966330100000164,37.67284160000009],[24.967496,37.67211420000005],[24.96667890000008,37.671235100000146],[24.966330100000164,37.67284160000009]]],[[[24.99953227486349,37.66402992436083],[25.054726400000156,37.67391810000012],[25.062116150824018,37.65930480011029],[25.050204838052746,37.652571306750446],[25.07995228824525,37.63923380768836],[25.117621500000112,37.65297819999998],[25.141042907306154,37.63022782535212],[25.149260241333955,37.64244287369603],[25.16992411685288,37.63530584622999],[25.184684027937898,37.64038766075985],[25.253496700000124,37.611203600000024],[25.233104800000078,37.537989899999985],[25.18650579999999,37.52501410000006],[25.14467250000008,37.5506349],[25.114549700000158,37.54959620000004],[25.103046800000158,37.57902390000024],[24.97208426517991,37.65869060465673],[24.98002392578109,37.67786319995406],[24.99953227486349,37.66402992436083]]],[[[26.587458700000045,37.67809240000004],[26.586747899999985,37.6771659],[26.58750050000002,37.679018900000045],[26.587458700000045,37.67809240000004]]],[[[26.366479600000027,37.687041800000046],[26.366233800000042,37.687054099999976],[26.366404600000042,37.68712579999998],[26.366479600000027,37.687041800000046]]],[[[26.36600080000003,37.687252700000066],[26.3656302,37.68718150000007],[26.3663204,37.687414300000015],[26.36600080000003,37.687252700000066]]],[[[24.95906303810385,37.69073808797758],[24.95846976162503,37.69029081616559],[24.958368499146093,37.69042947038232],[24.95906303810385,37.69073808797758]]],[[[26.361771600000036,37.69119060000006],[26.3225919,37.63081930000006],[26.22277660000004,37.57077420000008],[26.11721580000005,37.55673460000002],[26.05791270000003,37.51459630000002],[25.97418190000005,37.5177999],[26.00823230000003,37.574905900000026],[26.0828452,37.63667640000005],[26.1986104,37.626172],[26.225144799999985,37.637224],[26.2972336,37.68035460000002],[26.361771600000036,37.69119060000006]]],[[[27.016375800000247,37.70292480000035],[27.017923200000403,37.70389250000022],[27.016416000000497,37.70243860000043],[27.016375800000247,37.70292480000035]]],[[[27.039497700000236,37.74297140000035],[27.044014600000423,37.742058700000335],[27.04219430000042,37.740122200000286],[27.039497700000236,37.74297140000035]]],[[[26.897481500000392,37.77891950000035],[26.897052300000418,37.77911880000042],[26.897091200000457,37.77919150000037],[26.897481500000392,37.77891950000035]]],[[[26.975645300000295,37.79423830000046],[26.977424400000462,37.79336440000025],[26.975324900000285,37.79383660000039],[26.975645300000295,37.79423830000046]]],[[[26.968430900000403,37.794122400000234],[26.973585300000394,37.794444400000245],[26.971020100000274,37.79251210000041],[26.968430900000403,37.794122400000234]]],[[[26.963516300000414,37.79664200000047],[26.962485500000433,37.79620620000035],[26.961310700000364,37.79671770000041],[26.963516300000414,37.79664200000047]]],[[[26.99378220000031,37.7972301000004],[26.9936778000004,37.796625700000234],[26.99276490000031,37.79698860000047],[26.99378220000031,37.7972301000004]]],[[[26.999524900000274,37.7991709000004],[26.99655220000039,37.79864050000036],[27.00069970000031,37.7994172000003],[26.999524900000274,37.7991709000004]]],[[[26.74220570000028,37.81269050000044],[26.84809590000037,37.80622330000029],[26.882353700000326,37.778485900000334],[26.965299000000286,37.747389500000246],[26.97660500000035,37.75430540000036],[26.952000900000428,37.78720710000042],[26.981819000000307,37.77882720000042],[26.97780740000038,37.79307710000023],[26.991490300000425,37.79593300000034],[26.99860190000033,37.77711240000048],[27.066878000000294,37.77882500000036],[27.02414900000038,37.752383000000336],[27.0365316000003,37.72839140000033],[27.0698858000004,37.71650300000041],[26.91300010000026,37.68407940000036],[26.887186700000417,37.67014860000033],[26.879350100000398,37.64039340000026],[26.859485500000414,37.63601780000044],[26.79326570000031,37.643175500000375],[26.75276160000026,37.696641400000296],[26.722738300000366,37.70979110000036],[26.641314800000018,37.70236509999999],[26.62332420000003,37.68006810000006],[26.583935200000013,37.683219200000075],[26.5660837,37.73078410000002],[26.5953474,37.761586600000044],[26.74220570000028,37.81269050000044]]],[[[24.945866,37.842965],[24.945901600000045,37.84281930000006],[24.945793400000017,37.84286480000003],[24.945866,37.842965]]],[[[24.94662760000011,37.843053199999964],[24.94662430000002,37.84288710000008],[24.94653370000004,37.842920299999975],[24.94662760000011,37.843053199999964]]],[[[24.946616300000024,37.84322370000002],[24.946424200000035,37.84300680000002],[24.946360100000042,37.84313690000006],[24.946616300000024,37.84322370000002]]],[[[24.946779700000036,37.84350030000004],[24.946786100000068,37.8434339],[24.9467246,37.843492699999985],[24.946779700000036,37.84350030000004]]],[[[24.947615200000072,37.84431070000002],[24.94752820000003,37.84421310000004],[24.94745960000008,37.844263699999985],[24.947615200000072,37.84431070000002]]],[[[24.732850100000054,37.84631330000017],[24.732528600000077,37.84607370000014],[24.7327762000001,37.84656250000011],[24.732850100000054,37.84631330000017]]],[[[24.73367670000001,37.848994199999964],[24.7334621,37.84858389999997],[24.73323620000015,37.848989700000146],[24.73367670000001,37.848994199999964]]],[[[24.734096400000105,37.85278370000017],[24.736561600000172,37.852245500000045],[24.734800300000067,37.850637200000065],[24.734096400000105,37.85278370000017]]],[[[24.744898535473673,37.85319440751103],[24.745991708720908,37.85297209789602],[24.74505203081383,37.85205728738727],[24.744898535473673,37.85319440751103]]],[[[24.74745521908483,37.84614782044502],[24.75191775740328,37.84976537394232],[24.750544681389293,37.843663730445115],[24.74745521908483,37.84614782044502]]],[[[24.74602934013212,37.85718897592187],[24.74730765414522,37.85560087951509],[24.745460739534067,37.85600275408269],[24.74602934013212,37.85718897592187]]],[[[24.739531700000075,37.85907460000008],[24.738740900000177,37.8584345],[24.73951170000002,37.85919760000007],[24.739531700000075,37.85907460000008]]],[[[24.957648843724584,37.87666714364039],[24.957529879468844,37.87550236989363],[24.956108769695515,37.875878651940255],[24.957648843724584,37.87666714364039]]],[[[24.735909900000017,37.87665550000009],[24.735836600000066,37.876604600000086],[24.735824400000094,37.876688600000094],[24.735909900000017,37.87665550000009]]],[[[24.957313600000045,37.89351579999998],[24.956942100000024,37.89237250000003],[24.956310600000034,37.892914900000044],[24.957313600000045,37.89351579999998]]],[[[24.946644272335984,37.904249841189795],[24.946394708621952,37.90379037052781],[24.946275868758146,37.904081056382076],[24.946644272335984,37.904249841189795]]],[[[24.908639283890192,37.90521565792198],[24.907867298031555,37.90543692517379],[24.908354068217044,37.90575013357766],[24.908639283890192,37.90521565792198]]],[[[24.79003191985276,37.998588651151515],[24.79207620469378,37.968837372539994],[24.831834200000028,37.95922],[24.838499996270652,37.9099882943084],[24.957200700000012,37.89789210000002],[24.93487270000003,37.84159710000003],[24.980192765889,37.81258029311584],[24.95149640000006,37.771801800000034],[25.00072080000014,37.77040310000001],[24.952728873362936,37.70469240624994],[24.961279933800338,37.68218667185366],[24.92445611750698,37.701094067159275],[24.886256231684442,37.76667366246013],[24.848504500000036,37.77666430000011],[24.817673200000158,37.820559700000075],[24.79583660000004,37.81660710000012],[24.799130900000137,37.83451920000011],[24.767037800000043,37.875524600000055],[24.73259130000012,37.888090300000066],[24.71000160000011,37.871389200000074],[24.711222999867207,37.896205532912425],[24.68062600000017,37.924746],[24.692350731759458,37.92489492870336],[24.69348010000003,37.966122800000164],[24.79003191985276,37.998588651151515]]],[[[26.8666252,38.031328700000074],[26.86639639000947,38.029813893231065],[26.865356615356454,38.030209063651746],[26.8666252,38.031328700000074]]],[[[26.83263130000001,38.1256957],[26.83168786806897,38.1245440081347],[26.83257847555192,38.125835485968906],[26.83263130000001,38.1256957]]],[[[26.016315,38.12587280000009],[26.01494170000002,38.124792500000076],[26.014426700000037,38.12546770000006],[26.016315,38.12587280000009]]],[[[26.56560169999998,38.140667700000044],[26.56562601227887,38.140587393548806],[26.565413568602693,38.14092330629943],[26.56560169999998,38.140667700000044]]],[[[25.290489100000023,38.160415599999965],[25.29089470000004,38.16010049999998],[25.290408,38.1602318],[25.290489100000023,38.160415599999965]]],[[[25.289489600000046,38.16219909999998],[25.28989760000007,38.160976],[25.288661100000112,38.1615929],[25.289489600000046,38.16219909999998]]],[[[25.30005050000008,38.169011699999956],[25.300031400000112,38.168691],[25.29984290000006,38.16892360000004],[25.30005050000008,38.169011699999956]]],[[[26.436836913639013,38.18461159286028],[26.43734841150879,38.18323909129979],[26.43682470000001,38.18415040000005],[26.436836913639013,38.18461159286028]]],[[[26.4362565495766,38.18616888298493],[26.436558753608345,38.18535797930429],[26.436172900000017,38.18585160000005],[26.4362565495766,38.18616888298493]]],[[[26.431934683685256,38.197765740041206],[26.433561335423637,38.193400947573195],[26.42830294064916,38.195296300000045],[26.431934683685256,38.197765740041206]]],[[[25.91620430000008,38.20633670000012],[25.916075500000066,38.20583079999999],[25.91570130000002,38.206415600000064],[25.91620430000008,38.20633670000012]]],[[[26.3866675,38.25347209999998],[26.38504278356021,38.251955850760226],[26.384570239217737,38.25283653817194],[26.3866675,38.25347209999998]]],[[[26.385156,38.2551717],[26.3854384,38.25524809999998],[26.3855541,38.25396870000003],[26.385156,38.2551717]]],[[[26.38274110142721,38.25624552751223],[26.382892,38.2564825],[26.384055200000024,38.2565876],[26.3846567,38.25643140000001],[26.384855400000028,38.256227],[26.384855400000028,38.25579940000005],[26.38464569999999,38.25635460000002],[26.38421149999999,38.255958],[26.38274110142721,38.25624552751223]]],[[[26.381617,38.25943920000006],[26.38179397307295,38.25801070369536],[26.38099473326127,38.25950025796107],[26.381617,38.25943920000006]]],[[[25.956831299999973,38.31262740000012],[25.9575375,38.310826500000154],[25.954536100000027,38.312258],[25.956831299999973,38.31262740000012]]],[[[25.95995040000015,38.3104571000001],[25.964658500000116,38.31419739999994],[25.967483300000083,38.311981],[25.95995040000015,38.3104571000001]]],[[[25.9408238,38.31959980000012],[25.94682660000016,38.31719880000014],[25.9408238,38.31770670000014],[25.9408238,38.31959980000012]]],[[[26.699881171473745,38.322802925150434],[26.700086268803457,38.32261155348941],[26.699904200000013,38.322696199999974],[26.699881171473745,38.322802925150434]]],[[[26.67422230000004,38.3322164],[26.67926130000002,38.3302703],[26.6746257,38.32927369999999],[26.67422230000004,38.3322164]]],[[[26.673424700000016,38.34738590000002],[26.67311980000003,38.347244700000026],[26.67323370000002,38.347463699999984],[26.673424700000016,38.34738590000002]]],[[[26.7857252,38.37682660000002],[26.79192410000003,38.37524879999999],[26.78311410000004,38.36715639999997],[26.7857252,38.37682660000002]]],[[[26.46945460000004,38.39943630000004],[26.4675022,38.39757780000003],[26.46902730000004,38.4004016],[26.46945460000004,38.39943630000004]]],[[[26.7538367,38.40051810000004],[26.752322100000054,38.39784],[26.749515800000015,38.400009900000036],[26.7538367,38.40051810000004]]],[[[26.465331900000017,38.40215389999998],[26.46563562040553,38.399328009510306],[26.463706206335818,38.402272147830026],[26.465331900000017,38.40215389999998]]],[[[26.4903332,38.40547609999997],[26.4928476,38.40481280000006],[26.4900817,38.403472899999976],[26.4903332,38.40547609999997]]],[[[26.5085949,38.425648699999975],[26.5080319,38.4246644],[26.50771780000004,38.425300499999935],[26.5085949,38.425648699999975]]],[[[26.396072100000055,38.44540710000002],[26.395538400000024,38.445097],[26.395676844762946,38.44587421615083],[26.396072100000055,38.44540710000002]]],[[[27.135746200000046,38.462119300000076],[27.1359436,38.461238899999984],[27.135540200000015,38.46206549999999],[27.135746200000046,38.462119300000076]]],[[[25.916064700000042,38.467862500000074],[25.915807200000117,38.46752650000009],[25.915721400000045,38.46792970000012],[25.916064700000042,38.467862500000074]]],[[[26.152349,38.472809900000065],[26.154807,38.47236620000003],[26.151941,38.4694677],[26.152349,38.472809900000065]]],[[[26.422576500000016,38.473659500000025],[26.421966200000043,38.4732693],[26.4223014,38.47397580000004],[26.422576500000016,38.473659500000025]]],[[[26.4211497,38.474776499999976],[26.42057380000005,38.474897700000035],[26.42117550000002,38.4750524],[26.4211497,38.474776499999976]]],[[[26.128143899999987,38.487597],[26.128497,38.48658360000001],[26.12732,38.48704420000008],[26.128143899999987,38.487597]]],[[[26.62868988583211,38.51742549720775],[26.628715505493687,38.517298375480564],[26.628677600000046,38.51734620000005],[26.62868988583211,38.51742549720775]]],[[[25.520098700000133,38.52594629999994],[25.516752700000023,38.51968850000013],[25.515115,38.521199],[25.520098700000133,38.52594629999994]]],[[[25.518749,38.52798370000015],[25.51942900000011,38.526708400000096],[25.518095300000088,38.52797560000007],[25.518749,38.52798370000015]]],[[[26.61659,38.53045030000002],[26.616531,38.53029920000007],[26.616412900000018,38.530425100000045],[26.61659,38.53045030000002]]],[[[25.5075010000001,38.55018460000005],[25.526029500000025,38.53167130000011],[25.49641320000003,38.532963500000015],[25.5075010000001,38.55018460000005]]],[[[26.162868500000023,38.55460410000004],[26.163398100000016,38.55198080000007],[26.161456,38.552349],[26.162868500000023,38.55460410000004]]],[[[25.558466500000154,38.55856350000004],[25.557988800000018,38.55725640000007],[25.557468500000127,38.55798670000013],[25.558466500000154,38.55856350000004]]],[[[25.55638140000007,38.55901620000009],[25.555732500000047,38.558751200000216],[25.55572719999997,38.559008100000085],[25.55638140000007,38.55901620000009]]],[[[26.092146400000036,38.55993719999998],[26.09197470000005,38.55953449999996],[26.091674300000022,38.559803],[26.092146400000036,38.55993719999998]]],[[[26.11537570000004,38.55858490000004],[26.118318300000023,38.56185219999998],[26.1211347,38.55581040000001],[26.11537570000004,38.55858490000004]]],[[[25.556720500000097,38.5664947000001],[25.5574684,38.56639110000016],[25.556889800000107,38.566148100000035],[25.556720500000097,38.5664947000001]]],[[[25.612629500000033,38.59359740000017],[25.6113108,38.594095400000164],[25.612936800000092,38.5946284],[25.612629500000033,38.59359740000017]]],[[[25.53430159999998,38.59931989999997],[25.533979800000058,38.59905890000012],[25.533974500000117,38.59931570000009],[25.53430159999998,38.59931989999997]]],[[[25.548350000000106,38.6005223],[25.547373600000157,38.6002534],[25.54736850000006,38.60051000000013],[25.548350000000106,38.6005223]]],[[[25.535204899999954,38.60318339999998],[25.533917,38.60214],[25.533906600000073,38.602653499999974],[25.535204899999954,38.60318339999998]]],[[[26.008061,38.60475090000009],[26.062439300000044,38.59403440000005],[26.08600370000001,38.555120800000104],[26.1062465,38.55581019999998],[26.114417300000028,38.5402267],[26.11636019999999,38.55516319999998],[26.1314158,38.54305630000007],[26.1359767,38.56660350000003],[26.162916499999987,38.53667210000004],[26.152877799999985,38.49641450000007],[26.12358550000001,38.487241900000065],[26.14316990000003,38.477232],[26.135956399999987,38.462376499999976],[26.154363,38.459297399999976],[26.13388620000003,38.403961200000076],[26.160249600000043,38.3124658],[26.103492,38.2726067],[26.116258500000033,38.23445420000002],[26.100133300000042,38.21062050000005],[26.037721900000033,38.19866610000001],[26.012004,38.147265],[25.967981,38.1681841000002],[25.952961200000054,38.1946648],[25.926758400000057,38.19260720000015],[25.914100200000103,38.22210040000005],[25.887122300000048,38.21519830000012],[25.885533400000032,38.24483130000007],[25.864405900000072,38.24381450000012],[25.875999500000127,38.27382860000016],[25.9186959,38.29978920000018],[25.929039800000037,38.286853100000016],[25.931878500000074,38.30085140000006],[25.965806100000055,38.29584020000009],[25.9731036000001,38.32917990000012],[25.996017100000053,38.34203260000003],[25.994878400000133,38.37274779999995],[25.992238400000033,38.39075550000014],[25.959185300000065,38.4048761000002],[25.942589400000074,38.45998910000019],[25.86293460000003,38.49247020000002],[25.831125700000168,38.540059600000056],[25.858138200000017,38.580418],[26.008061,38.60475090000009]]],[[[26.02970460000005,38.605628599999974],[26.0293612,38.60422],[26.029103800000023,38.60542740000001],[26.02970460000005,38.605628599999974]]],[[[25.57029250000009,38.60798350000017],[25.620228,38.58983470000002],[25.609188,38.534486500000185],[25.57040549999993,38.54454920000009],[25.5644515000001,38.531506100000044],[25.564773700000117,38.5646407],[25.530664100000124,38.5931105],[25.57029250000009,38.60798350000017]]],[[[26.732987599999987,38.67550050000003],[26.731461300000014,38.67463760000006],[26.7312244,38.675253900000016],[26.732987599999987,38.67550050000003]]],[[[26.726434900000026,38.676630400000015],[26.726113900000044,38.67173],[26.7241163,38.6758288],[26.726434900000026,38.676630400000015]]],[[[26.71829150000001,38.6767362],[26.711917200000048,38.675636500000024],[26.7185685,38.67786370000006],[26.71829150000001,38.6767362]]],[[[26.727538,38.69114530000004],[26.7273864,38.690737800000015],[26.72693170000003,38.69110589999996],[26.727538,38.69114530000004]]],[[[26.710139287385175,38.70119406549092],[26.724758700000017,38.69335030000004],[26.7274198,38.6837799],[26.710613784208377,38.69352414426135],[26.710139287385175,38.70119406549092]]],[[[26.726929100000042,38.7038164],[26.7259435,38.70278719999998],[26.725589600000024,38.70364060000007],[26.726929100000042,38.7038164]]],[[[26.71004430000002,38.71400929999998],[26.709405572377488,38.71305407390165],[26.709315,38.71606010000007],[26.71004430000002,38.71400929999998]]],[[[26.7334867,38.7340736],[26.733799700000045,38.732431],[26.732547800000034,38.73349650000002],[26.7334867,38.7340736]]],[[[27.032412,38.88074],[27.033561,38.879456],[27.032083,38.879199],[27.032412,38.88074]]],[[[27.041615,38.88613],[27.038657,38.884462],[27.038329,38.885104],[27.041615,38.88613]]],[[[27.03372590000003,38.92074740000003],[27.033931200000048,38.920634599999985],[27.033593,38.92067220000002],[27.03372590000003,38.92074740000003]]],[[[27.021231600000046,38.9223167],[27.0256274,38.9222579],[27.02702070000005,38.91996390000004],[27.021231600000046,38.9223167]]],[[[27.013678771992602,38.92516071663503],[27.005902600000027,38.91641640000002],[27.019379600000022,38.91359040000003],[26.98672691996236,38.91743101693248],[27.013678771992602,38.92516071663503]]],[[[26.945350199999986,38.93317260000003],[26.94610840000004,38.93244660000005],[26.94445579999999,38.933717],[26.945350199999986,38.93317260000003]]],[[[26.806475300000034,38.9350403],[26.805165100000035,38.93412480000006],[26.805209600000033,38.93542030000002],[26.806475300000034,38.9350403]]],[[[26.8044101,38.9374068],[26.805231800000044,38.9359904],[26.80394379999999,38.93711309999997],[26.8044101,38.9374068]]],[[[26.5133546,38.965184900000025],[26.5110773,38.9642074],[26.5132834,38.965830499999974],[26.5133546,38.965184900000025]]],[[[26.445725300000017,38.9670954],[26.44571180000004,38.96665930000007],[26.44539410000005,38.96679069999996],[26.445725300000017,38.9670954]]],[[[26.509654,38.96986970000006],[26.5109824,38.96798840000001],[26.5092032,38.96883680000007],[26.509654,38.96986970000006]]],[[[26.541091500000032,38.970666],[26.541464,38.969543700000045],[26.5408276,38.96994189999998],[26.541091500000032,38.970666]]],[[[26.799081,39.011039],[26.795679532488997,38.99727579123825],[26.79430330420156,39.00967898703801],[26.799081,39.011039]]],[[[26.53424230000003,39.01829149999998],[26.53455220000007,39.0183009],[26.534499199999985,39.01818820000001],[26.53424230000003,39.01829149999998]]],[[[26.798369,39.030043],[26.797711,39.029785],[26.79771,39.030042],[26.798369,39.030043]]],[[[26.510962700000032,39.055948200000074],[26.51037970000003,39.055946],[26.510893500000044,39.0561275],[26.510962700000032,39.055948200000074]]],[[[26.077648,39.07742],[26.0793992,39.07472790000006],[26.076857899999982,39.07738320000008],[26.077648,39.07742]]],[[[26.562135100000027,39.09784129999996],[26.560717500000045,39.096790500000026],[26.561984300000013,39.097966],[26.562135100000027,39.09784129999996]]],[[[26.1031211,39.10495410000002],[26.1044903,39.10232349999998],[26.101311600000045,39.10458690000006],[26.1031211,39.10495410000002]]],[[[25.93582770000011,39.128852300000084],[25.936881300000138,39.127796600000124],[25.9353997000001,39.128005499999986],[25.93582770000011,39.128852300000084]]],[[[25.930741700000155,39.1307149],[25.931506700000032,39.130790600000076],[25.931744900000016,39.13062630000017],[25.930741700000155,39.1307149]]],[[[26.538733,39.157714],[26.53594,39.155905],[26.536096,39.157447],[26.538733,39.157714]]],[[[26.504163,39.195324],[26.503177,39.194806],[26.503173,39.195319],[26.504163,39.195324]]],[[[25.846688000000118,39.198374],[25.845042,39.19810100000014],[25.845696000000103,39.198493],[25.846688000000118,39.198374]]],[[[25.8200737,39.199890500000045],[25.822491900000085,39.20047060000012],[25.8234898,39.19929070000014],[25.8200737,39.199890500000045]]],[[[25.820183,39.20276630000013],[25.82026080000003,39.20267950000007],[25.820092899999963,39.2027036000001],[25.820183,39.20276630000013]]],[[[26.726878800000048,39.222001400000025],[26.7270937,39.22160970000002],[26.72618559885149,39.222044391485625],[26.726878800000048,39.222001400000025]]],[[[25.842425,39.226837],[25.838294000000175,39.217038],[25.837681,39.204191],[25.831262,39.213115],[25.842425,39.226837]]],[[[26.4539266,39.24088219999997],[26.453690600000048,39.23959840000002],[26.451920299999987,39.239797900000035],[26.4539266,39.24088219999997]]],[[[26.40797870000003,39.25978440000004],[26.407951899999986,39.259651500000054],[26.40785540000003,39.25974290000004],[26.40797870000003,39.25978440000004]]],[[[26.4077588,39.26002530000004],[26.407587100000015,39.26006689999996],[26.407756,39.26031690000003],[26.4077588,39.26002530000004]]],[[[26.4118642,39.271679],[26.410561400000027,39.2711507],[26.410454,39.271673],[26.4118642,39.271679]]],[[[25.982072000000148,39.285152],[25.98142600000012,39.28411900000012],[25.981408,39.28540299999988],[25.982072000000148,39.285152]]],[[[25.901386,39.288784000000106],[25.901059,39.28852400000012],[25.901055,39.2887810000001],[25.901386,39.288784000000106]]],[[[26.433017500000012,39.291005200000036],[26.43250790000004,39.29087750000004],[26.433364900000047,39.29126550000004],[26.433017500000012,39.291005200000036]]],[[[26.4325807,39.29319469999998],[26.430870500000037,39.2939995],[26.43247840000004,39.295633],[26.4325807,39.29319469999998]]],[[[25.909893000000114,39.294257000000165],[25.910706,39.295035],[25.911219,39.294013],[25.909893000000114,39.294257000000165]]],[[[26.43357970000005,39.299343400000055],[26.4388137,39.297513600000066],[26.43290970000004,39.296699899999986],[26.43357970000005,39.299343400000055]]],[[[26.42701290000004,39.30171840000008],[26.42649020000001,39.3014565],[26.426447500000016,39.30160650000004],[26.42701290000004,39.30171840000008]]],[[[26.432586,39.31313],[26.442693,39.310097],[26.432326,39.304397],[26.432586,39.31313]]],[[[26.444495,39.31216],[26.448113,39.314488],[26.448959,39.311924],[26.444495,39.31216]]],[[[26.443474800000015,39.317080799999964],[26.4439106,39.31682930000003],[26.4434356,39.31701720000005],[26.443474800000015,39.317080799999964]]],[[[26.530058,39.321011],[26.525093,39.321761],[26.530382,39.32204],[26.530058,39.321011]]],[[[26.140662200000016,39.328073],[26.14163890000005,39.327989],[26.1415564,39.3276935],[26.140662200000016,39.328073]]],[[[26.15414940000003,39.3280238],[26.15584679999999,39.32731420000002],[26.153979700000026,39.3278896],[26.15414940000003,39.3280238]]],[[[26.531312,39.331289],[26.542265,39.32504],[26.530856,39.325123],[26.531312,39.331289]]],[[[26.14214340000003,39.33365350000006],[26.141094,39.333172],[26.140781900000043,39.333631],[26.14214340000003,39.33365350000006]]],[[[26.141408100000028,39.3349994],[26.140747,39.334454],[26.14089110000003,39.33496],[26.141408100000028,39.3349994]]],[[[26.145691,39.335774],[26.14502660000003,39.33156980000003],[26.14207,39.334463],[26.145691,39.335774]]],[[[26.560274900000028,39.3368492],[26.5618977,39.3366747],[26.5613408,39.3361993],[26.560274900000028,39.3368492]]],[[[26.595425,39.337949],[26.594435,39.337432],[26.594434,39.337689],[26.595425,39.337949]]],[[[26.59726,39.334874],[26.61029,39.340825],[26.613304,39.334158],[26.59726,39.334874]]],[[[26.57612160000002,39.34391],[26.5796033,39.33950319999998],[26.5726399,39.3347284],[26.57612160000002,39.34391]]],[[[26.586098,39.349216],[26.601673,39.344134],[26.585801,39.343565],[26.586098,39.349216]]],[[[26.598126899999986,39.35264249999997],[26.600307,39.35157290000007],[26.597562,39.35278],[26.598126899999986,39.35264249999997]]],[[[26.589982200000033,39.35340760000005],[26.58992740000001,39.3526634],[26.58923130000003,39.353079],[26.589982200000033,39.35340760000005]]],[[[26.6681338,39.35391889999999],[26.668042,39.3520099],[26.66395870000002,39.351417099999985],[26.6681338,39.35391889999999]]],[[[26.591002,39.35912],[26.591195499999984,39.35835739999998],[26.5905327,39.358786400000064],[26.591002,39.35912]]],[[[26.375299,39.368871300000066],[26.374427600000026,39.36800590000002],[26.373825399999987,39.36847690000006],[26.375299,39.368871300000066]]],[[[26.631829300000035,39.3693061],[26.6332778,39.367863],[26.63119120000003,39.368889700000054],[26.631829300000035,39.3693061]]],[[[26.568352,39.384334],[26.574663,39.380505],[26.56971,39.378689],[26.568352,39.384334]]],[[[26.34307750000004,39.38901050000009],[26.366903300000022,39.3776655000001],[26.356240499999988,39.346914],[26.424551700000034,39.33359350000006],[26.380770900000034,39.269967500000014],[26.474903,39.224472],[26.5000089,39.180181800000035],[26.540648,39.16748],[26.531042199999987,39.16070740000003],[26.529769,39.141499],[26.548092,39.138489],[26.567323500000047,39.11162320000003],[26.557283199999986,39.09610460000011],[26.6129283,39.04437090000004],[26.60915,39.010044],[26.537532,39.013377],[26.534488900000028,39.02851540000001],[26.521042600000037,39.03803210000009],[26.5316955,39.044946500000066],[26.51169410000004,39.0492921],[26.533424500000045,39.06208920000004],[26.528848,39.081657],[26.48425930000004,39.1195003],[26.441368,39.102073],[26.546153,39.003652],[26.517775,38.97057790000003],[26.513694700000023,38.9806166],[26.398016800000015,38.9623351],[26.233332100000027,39.01614440000002],[26.168409200000024,39.00543760000005],[26.1175141,39.06424929999997],[26.084377100000026,39.07940230000005],[26.115780100000023,39.0976212],[26.155566300000043,39.09457260000007],[26.187504300000036,39.125873500000026],[26.28117730000003,39.1547385],[26.29557030000003,39.1833324],[26.253540600000047,39.20546180000006],[26.167839,39.196873],[26.112392,39.104912],[26.096318,39.11185],[26.076123100000046,39.086169100000056],[25.99345790000001,39.1086495],[25.95799400000015,39.103377],[25.944467,39.126368],[25.885666700000108,39.150919400000035],[25.875183,39.149988],[25.832715,39.185138000000165],[25.855501500000145,39.19102850000008],[25.857641300000108,39.2252912000001],[25.84585,39.229439],[25.86169,39.240124],[25.856657,39.25522600000012],[25.90543400000016,39.283430000000116],[25.904275,39.294204],[25.95168910000015,39.2741272000001],[25.996707,39.27847300000019],[26.17128,39.325173],[26.181359,39.3362529],[26.165786900000015,39.370588800000014],[26.184008,39.3791291],[26.3168623,39.3731448],[26.34307750000004,39.38901050000009]]],[[[26.598457,39.385983],[26.669921,39.389803],[26.661385,39.375525],[26.622974,39.3808],[26.623529,39.369631],[26.6908419,39.33336360000005],[26.622766,39.326998],[26.607914,39.35186],[26.6236,39.356534],[26.617186,39.38013900000012],[26.598457,39.385983]]],[[[26.576282,39.39061060000004],[26.602841800000043,39.394594],[26.5887532,39.36818830000007],[26.576282,39.39061060000004]]],[[[26.073823,39.7928280000001],[26.072821,39.793077],[26.07382,39.793085000000126],[26.073823,39.7928280000001]]],[[[26.079114,39.795438],[26.078452,39.795176],[26.078442,39.795946],[26.079114,39.795438]]],[[[25.983915,39.8177540000001],[25.982924,39.817232],[25.98292,39.817488],[25.983915,39.8177540000001]]],[[[26.080344,39.828059],[26.079685,39.82754000000013],[26.079678,39.8280540000001],[26.080344,39.828059]]],[[[26.095814,39.842047000000115],[26.094495,39.841009],[26.094485,39.84178],[26.095814,39.842047000000115]]],[[[26.052112,39.846705],[26.076911,39.835735],[26.082867,39.801117],[26.060583,39.787329],[25.962297,39.838105],[26.052112,39.846705]]],[[[25.993938,39.849682],[25.992776,39.849415],[25.992761,39.850442],[25.993938,39.849682]]],[[[26.034743,39.850029],[26.032741,39.850269],[26.035066,39.850802],[26.034743,39.850029]]],[[[26.072798899999988,39.91844809999998],[26.076143,39.918727200000035],[26.0774772,39.91851460000005],[26.072798899999988,39.91844809999998]]],[[[26.086235900000013,39.9202687000001],[26.083628200000074,39.91757110000003],[26.0819648,39.91816910000004],[26.086235900000013,39.9202687000001]]],[[[26.05058440000008,39.93007290000003],[26.0525683,39.931076100000084],[26.053997800000033,39.93050480000006],[26.05058440000008,39.93007290000003]]],[[[26.056978,39.93233160000001],[26.057437100000048,39.93258410000006],[26.057506400000037,39.93247779999999],[26.056978,39.93233160000001]]],[[[26.05735050000003,39.9373669],[26.073984200000034,39.93626430000004],[26.079424800000073,39.93783189999997],[26.06864760000005,39.93159420000006],[26.05735050000003,39.9373669]]],[[[26.56224725336153,40.265772361903096],[26.562059100000052,40.26545560000002],[26.561966378643817,40.265531809333936],[26.56224725336153,40.265772361903096]]],[[[26.562707457574618,40.26616649956941],[26.562607,40.2659354],[26.562472344725016,40.265965139331364],[26.562707457574618,40.26616649956941]]],[[[26.56293001044926,40.26635710293231],[26.562867400000027,40.266237],[26.56284935199238,40.26628802373869],[26.56293001044926,40.26635710293231]]],[[[26.56483363486257,40.2678722335509],[26.56503210000002,40.26770370000004],[26.5648255,40.26771740000008],[26.56483363486257,40.2678722335509]]],[[[27.781654300000053,40.375711200000055],[27.787599100000055,40.37408370000008],[27.781796,40.373364],[27.781654300000053,40.375711200000055]]],[[[26.712006400000018,40.3868487],[26.7160266,40.38193810000012],[26.705744109286268,40.38332993880039],[26.712006400000018,40.3868487]]],[[[26.715489900000076,40.38932470000003],[26.71857670000013,40.389094800000144],[26.715462,40.389068],[26.70919540000008,40.385397200000035],[26.707871662512773,40.38561381762238],[26.715489900000076,40.38932470000003]]],[[[27.56096417744962,40.46095713885302],[27.561671913999874,40.45987962304065],[27.561196591667574,40.45967413749437],[27.56096417744962,40.46095713885302]]],[[[27.56529230000013,40.46975109999996],[27.5696817579435,40.466554811014426],[27.56112528774924,40.468516713609645],[27.56529230000013,40.46975109999996]]],[[[27.58960558600464,40.49450358519372],[27.589097,40.492932],[27.587691854795004,40.494645000998204],[27.58960558600464,40.49450358519372]]],[[[27.58744964212567,40.497818536169035],[27.586893250910194,40.49729109234978],[27.586449,40.49782300000015],[27.58744964212567,40.497818536169035]]],[[[27.650166600000013,40.499749000000136],[27.649157300000173,40.499677800000114],[27.650022000000188,40.50010690000001],[27.650166600000013,40.499749000000136]]],[[[27.59834165485891,40.50893938757542],[27.65131300000015,40.49285500000013],[27.637088204054876,40.461649253752604],[27.65070725244726,40.45277321873746],[27.663613261656838,40.46675949498176],[27.666451157604534,40.44580612057165],[27.57776770000012,40.4630716],[27.582621300000095,40.48277210000003],[27.60783350000013,40.48110450000006],[27.59834165485891,40.50893938757542]]],[[[27.477825897006205,40.51428615574603],[27.47798306041194,40.51353755954462],[27.477523007179148,40.5137243631513],[27.477825897006205,40.51428615574603]]],[[[27.803603015405237,40.518347283302525],[27.802872327068037,40.517086199028014],[27.803317392700595,40.51847339651239],[27.803603015405237,40.518347283302525]]],[[[27.584055354962462,40.519540157474076],[27.586693599939046,40.50650821853107],[27.581916237413903,40.4941569809494],[27.571505865344374,40.49811526342329],[27.584055354962462,40.519540157474076]]],[[[27.70796230000004,40.52529610000005],[27.710299800000055,40.524721],[27.70975210000002,40.5227835],[27.70796230000004,40.52529610000005]]],[[[27.58368457458741,40.522499637575024],[27.587709000000213,40.526573],[27.58735000000018,40.524008],[27.58368457458741,40.522499637575024]]],[[[27.01755500626556,37.65367291600034],[27.01462636606282,37.6565866055177],[27.006381533677658,37.65492098281356],[27.003889135294113,37.658450316183],[27.00445009613277,37.66175531045671],[27.02513168640359,37.687745647389086],[27.09574090000048,37.6803802000005],[27.149880000000586,37.69282300000045],[27.209164400000592,37.709696100000585],[27.251685963222624,37.74409496170746],[27.269675900000614,37.809612600000484],[27.23606559962526,37.83912132301969],[27.263299200000514,37.8663387000005],[27.26334234741869,37.915968834898116],[27.276988700000473,37.92690310000047],[27.251869,37.978165],[27.215722700000043,37.99275109999998],[27.132284283507712,37.98846438703592],[27.07277913529445,38.01858031618204],[27.047159135294308,38.050220316181246],[26.982059135294474,38.07453031618183],[26.896711500000027,38.06084680000004],[26.86671880000003,38.0316467],[26.824069135294693,38.159750316182944],[26.798039135293937,38.17380031618274],[26.776962390668622,38.1644718982378],[26.772461637123662,38.1969651424803],[26.788648300000034,38.20066820000004],[26.7575058,38.22240549999998],[26.73172330000003,38.207468],[26.635811100000083,38.20803890000003],[26.623831267057525,38.139218031851826],[26.601915500000043,38.147574],[26.613995419878258,38.11196098803879],[26.58790477939545,38.10595162657481],[26.57145610000001,38.143870699999965],[26.56246250000005,38.143804],[26.558500850215335,38.11758298636155],[26.53111535843361,38.13309996996181],[26.518249800000046,38.18785290000001],[26.50578590000005,38.17572610000003],[26.491447,38.19533280000002],[26.458319135293934,38.19295031618266],[26.443064300000014,38.21844270000005],[26.420128800000025,38.220361700000026],[26.43018880000002,38.19829879999998],[26.40019545815269,38.21771286446529],[26.391657400000014,38.26083439999996],[26.37884960000002,38.263583500000024],[26.367793200000023,38.23109908304344],[26.33540680000004,38.226157700000044],[26.2873275,38.264425100000054],[26.232772907298216,38.26658372676127],[26.2333294,38.292727113636644],[26.271530300000016,38.29009450000002],[26.279969135293577,38.31457031618246],[26.3041991352944,38.32135031618214],[26.283589135292793,38.37129031618142],[26.302457800000038,38.35544590000007],[26.313269135294497,38.37660031618165],[26.318809600000044,38.329886200000075],[26.34443960000003,38.33378920000002],[26.343844300000026,38.31994910000007],[26.375283600000042,38.30892510000002],[26.383317087759924,38.34606766610174],[26.401579300000023,38.33477850000004],[26.3935911,38.3249837],[26.395709500000045,38.3212103],[26.482509135293917,38.373580316181894],[26.4757627,38.401796900000065],[26.452554975894596,38.42076545521418],[26.47297678336087,38.422910325966235],[26.4913108,38.40070740000005],[26.51667913529479,38.42750031618178],[26.43518540000003,38.477481500000025],[26.419284500000014,38.47613250000002],[26.396034113054434,38.447317107912994],[26.412081200000024,38.494020899999974],[26.38078135388802,38.51929326894573],[26.362589135294645,38.56491031618121],[26.35770913529465,38.64962031618227],[26.425059135293726,38.67907031618217],[26.5227859,38.649923100000024],[26.523586700000077,38.62962480000008],[26.561729103395095,38.59716498281268],[26.569207100000025,38.55895679999996],[26.6047824,38.53296120000007],[26.62510729999999,38.527964300000036],[26.638949135294393,38.46652031618215],[26.5863161,38.46931970000006],[26.604026,38.45145809999999],[26.584008800000053,38.4273615],[26.640323100000025,38.37834670000006],[26.643736700000023,38.33985490000005],[26.67448970000003,38.3113133],[26.7037299,38.31968650000002],[26.676189135294283,38.39198031618246],[26.702629135294103,38.4278703161818],[26.73775555354416,38.42496477752872],[26.73494319999998,38.41422270000003],[26.764774500000023,38.367992],[26.80317220000003,38.35514169999997],[27.01008149418474,38.40869003054721],[27.059952,38.415208],[27.086833599999984,38.39868420000003],[27.156435951215446,38.44674233608241],[27.16811519999999,38.44117289999998],[27.17115280000004,38.4616899],[27.133366299999988,38.46477380000002],[27.109181600000014,38.44889169999998],[27.06604913529361,38.49080031618182],[27.10600080000005,38.45007090000007],[27.045456,38.467226],[27.0358214,38.44927849999995],[27.035819,38.465175],[26.98692840000001,38.44653150000004],[26.973409500000038,38.4544708],[26.947164800000028,38.43016420000002],[26.8850386,38.50739989999998],[26.813924,38.54372750000001],[26.845378,38.560303200000064],[26.847618400000044,38.576898],[26.7980501,38.61153449999998],[26.758799135293703,38.61641031618247],[26.7660103,38.64126660000004],[26.7489945,38.63511],[26.722913789949704,38.65335878783764],[26.75486760000001,38.669032299999955],[26.7335152,38.675329400000074],[26.728706400000036,38.695186400000026],[26.740387,38.74156440000003],[26.7798534,38.73648180000003],[26.830972,38.761185040325515],[26.834443400000037,38.74309580000001],[26.854498807042084,38.75246948376692],[26.895551400000034,38.73408280000001],[26.907726984398284,38.76634950092104],[26.93936260000002,38.76464280000006],[26.8927041,38.818158699999984],[26.944548200000046,38.83615849999996],[26.941773900000015,38.813092700000034],[26.969574,38.804777799999975],[26.98392930000004,38.825286],[26.9624177,38.83037339999996],[26.97079760000003,38.8462648],[27.025509,38.872651],[27.032729,38.854928],[27.06543,38.87636],[27.03728560000004,38.89483739999997],[27.057348600000047,38.91434840000004],[27.04371,38.941110900000034],[26.986655616044022,38.91748649507196],[26.957861500000014,38.9435166],[26.9364061,38.93743579999999],[26.938991800000043,38.9259758],[26.919134600000014,38.939787],[26.860523,38.91464170000005],[26.851422700000036,38.93273619999997],[26.802252,38.95099679999998],[26.797402900000034,38.99590010000004],[26.816327,39.024936],[26.799399,39.015277],[26.799022,39.032098],[26.886631,39.06809290000002],[26.880416,39.092306],[26.817475,39.154632],[26.767941400000055,39.16581170000003],[26.761482,39.179185],[26.734631538319398,39.20575236560555],[26.72926960000003,39.21478440000002],[26.736616400000013,39.20775610000002],[26.738830500000024,39.2223541],[26.7216059,39.256862799999986],[26.61128326126462,39.27840265000388],[26.626646,39.31263],[26.652192800000044,39.323306500000044],[26.655652702323643,39.305711667160665],[26.630529,39.296977],[26.670772,39.278864],[26.661649135293953,39.298390316182015],[26.702777800000025,39.337208499999974],[26.684899135294117,39.345540316182586],[26.71411250000004,39.341078100000054],[26.784215,39.37469890000001],[26.815169135293747,39.40511031618209],[26.801702746122356,39.404480959163],[26.7969359204021,39.430964579138745],[26.854114400000043,39.43928070000001],[26.85788709321144,39.477530986785276],[26.930225899999986,39.48496040000005],[26.952496800000045,39.554872300000035],[26.922333399999985,39.58364069999999],[26.879408,39.585506],[26.838736725691824,39.55881799307353],[26.726499135294766,39.567440316182676],[26.48821,39.527946],[26.37646840000002,39.49639740000008],[26.36788913529372,39.48137031618177],[26.265838,39.483612],[26.241811774474087,39.46425092722722],[26.22993760000006,39.4746126],[26.131194045407316,39.45371135294243],[26.076479135293745,39.471160316181425],[26.064828,39.485123],[26.094788,39.564196],[26.142302,39.61232],[26.163471,39.660237],[26.139414604717295,39.7587381109751],[26.156131,39.771886],[26.163567,39.817391],[26.14042422175943,39.83824570657473],[26.16093960000007,39.89373110000005],[26.150077200000045,39.9150837],[26.198135,40.008678],[26.26916290000015,40.00045880000002],[26.334318900000106,40.02842910000003],[26.364763,40.098298],[26.40951810000006,40.11772850000008],[26.404661236682024,40.19682645364555],[26.465807,40.196509],[26.524594,40.217179],[26.561193650495742,40.26487001341741],[26.606955,40.28116600000013],[26.691583045001554,40.35073623055646],[26.690152500000067,40.36563800000013],[26.74648693633476,40.400222694082146],[26.905812134447835,40.40523011066141],[26.95984031420132,40.38255894018071],[27.03346,40.389798],[27.06154970000019,40.429110800000025],[27.08985664776361,40.43944444315875],[27.205586218049046,40.434607254638344],[27.280469593031796,40.47418213873808],[27.333813599999978,40.41131740000008],[27.304717800000113,40.40160040000007],[27.317176850164813,40.37804214214655],[27.43701021523419,40.32296254691411],[27.532864666783937,40.30156378910545],[27.63294000000021,40.326834],[27.676365,40.307972],[27.7576773,40.30597950000012],[27.879862500000023,40.37538490000012],[27.821029000000145,40.40024000000016],[27.795651,40.384113],[27.783272683770747,40.409380732371154],[27.74550537505247,40.430660261502005],[27.75054710000019,40.45039750000011],[27.687684,40.474161900000055],[27.68402900000011,40.502165],[27.753420109982127,40.5287375943681],[27.7772831546348,40.52619933458707],[27.7830112360704,40.50648615986264],[27.794491166914195,40.52056965528831],[27.804911000000203,40.513069],[27.828899263231232,40.51794130007771],[27.836492000000177,40.509763],[27.869399888817,40.51669095002975],[28.032625155429418,40.48042893754159],[28.02339003878323,40.45392855882829],[27.89678320000015,40.3906204],[27.96231369717065,40.35100320381821],[28.187078841083355,40.39884061502117],[28.45286913529321,40.394820316181615],[28.495789135294753,40.37825031618194],[28.424407283172577,40.241340998753664],[28.561464237108325,40.09476620079436],[28.441539402414595,39.98435921012393],[28.586210631569074,39.919637870765335],[28.767049668012156,40.01481631099854],[28.8679388146594,39.92725214598402],[28.963117254892623,39.887277201086],[29.066504835595858,39.88561157838206],[29.155734623314505,39.78151015937693],[29.352040156295477,39.80530476943526],[29.36988611383922,39.76068987557595],[29.536448384247315,39.7160749817166],[29.602871434801838,39.883522808195664],[29.7599158611867,39.997736936475555],[29.92409867058898,39.963829617142466],[30.063297139430038,40.11730485201848],[30.500523099251346,39.94955285110744],[31.273253060894756,39.821061956792605],[31.106660389182018,39.43123510498502],[31.026978846791273,39.1304233998504],[31.050178591598133,38.96088680318496],[31.10014727272057,38.84131888764205],[31.235776550052936,38.734243142379675],[31.53689734034077,38.606347113316275],[31.87240134216283,38.59207034728131],[32.571962877876906,38.6027779218075],[33.101273978623894,38.70271528405241],[33.40108606535847,38.68130013499993],[33.57954564079577,38.18875170679305],[33.625945130409455,37.95318506721589],[33.54742291721704,37.59269672483259],[33.56169968325203,37.45349825599148],[33.26188759651745,37.142978594730586],[32.81448317774274,37.216104681387044],[32.5230649542071,37.210793233396764],[32.26608316557741,37.12513263718694],[32.155484734375406,37.02166961831671],[32.098807056867635,36.81059763547865],[32.135710932456774,36.47474504262188],[32.205697480032185,36.39519849504596],[32.214939601620195,36.33823035904217],[32.16524,36.41766],[32.02877940000004,36.53720750000007],[32.005465500000064,36.542817499999984],[31.99585332342752,36.5298842211774],[31.961095600000043,36.55867930000003],[31.772684789655933,36.60688279151214],[31.7740182,36.614675],[31.735793,36.64151],[31.67546919393201,36.6444820687469],[31.552393,36.714566],[31.388272618496362,36.76380554929249],[31.388477,36.77861],[31.35081785160683,36.80306031618213],[31.0080428,36.8573606],[30.74961897060966,36.85012424805258],[30.70250210000002,36.885137],[30.67880070000001,36.8838989],[30.605790200000037,36.839352],[30.574935,36.795368],[30.556884,36.619308],[30.5914329105688,36.594489170741504],[30.564184269482585,36.53214070905548],[30.5411951,36.52175230000003],[30.5061503,36.4668513],[30.509261,36.440318],[30.480827,36.43484],[30.489809,36.422443],[30.476132200000038,36.397549599999984],[30.526869135293737,36.33424031618216],[30.4667457,36.314106900000056],[30.469848,36.297956],[30.48736245190041,36.29603160769992],[30.412804,36.214025],[30.408249135294717,36.275670316183046],[30.369105,36.269452],[30.27416750000003,36.318200300000015],[30.184799,36.314054],[30.149842300000024,36.301243],[30.117189316093175,36.24817892388621],[30.05684913529481,36.27538031618156],[30.036473831844095,36.246954798545886],[29.97971277855401,36.215457883111625],[29.922401,36.23408059999996],[29.88816590000004,36.212238900000074],[29.897787,36.202022],[29.887037,36.194063],[29.8392086,36.194883700000034],[29.827881,36.188027],[29.83256,36.18599],[29.845157,36.192626],[29.848668,36.193313],[29.8502,36.191864],[29.831617,36.177408],[29.823621,36.181105],[29.800613,36.165295],[29.828789,36.169256],[29.823133,36.161684],[29.777276,36.136815],[29.756881,36.142167],[29.772833,36.154512],[29.7795391,36.155390700000055],[29.787261200000014,36.1583081],[29.787682700000023,36.159193800000075],[29.72453170000003,36.16368],[29.6836046,36.13092410000003],[29.67834840000004,36.15327690000003],[29.655453200000036,36.147612500000044],[29.631257800000043,36.16930319999996],[29.641272800000053,36.1832577],[29.65103520000001,36.17407150000002],[29.65152169999999,36.1917436],[29.641086900000044,36.19910080000002],[29.5840175,36.186977],[29.631346400000048,36.205148],[29.412311000000106,36.224359],[29.405011,36.244799],[29.415199000000147,36.251272],[29.417646400000187,36.259332300000054],[29.4140982,36.26311470000005],[29.36957590000004,36.26324860000004],[29.374196,36.248241],[29.353191,36.229904],[29.313741,36.246857000000105],[29.226101500000112,36.32812130000004],[29.207756,36.32348500000016],[29.138904,36.359546],[29.147551299999964,36.37841660000002],[29.101224,36.387445],[29.10295100000011,36.40436900000014],[29.1321386,36.415454],[29.11781600000012,36.425171],[29.134276,36.428474],[29.1253671,36.46084290000007],[29.10099020000006,36.474872000000154],[29.126798600000082,36.49819070000013],[29.126646699999966,36.54083430000002],[29.111324200000123,36.55493160000014],[29.110933100000178,36.5434462000001],[29.093841600000154,36.547897900000045],[29.096516300000076,36.55101840000003],[29.08827539999998,36.5664233],[29.049009200000103,36.55894570000009],[29.05272760000005,36.539136],[29.014950481219596,36.54771917731931],[29.04742640000001,36.55864590000019],[29.023132100000055,36.582465300000045],[29.04071270000004,36.61958149999999],[29.075328600000017,36.614098400000046],[29.077436,36.64589210000003],[29.101428900000013,36.64111619999997],[29.0885085,36.620361],[29.115725400000024,36.625316],[29.122270500000017,36.64731920000002],[29.0938568,36.6778876],[29.055030099999982,36.68203660000003],[29.0330957,36.70833150000002],[29.014119299999983,36.7041552],[29.019769200000038,36.71590139999997],[28.996189100000038,36.70834809999998],[28.971248099999986,36.7314064],[28.9649701,36.7223352],[28.9287725,36.75551519999997],[28.929892400000043,36.7348795],[28.891338300000026,36.7095099],[28.9089436,36.70790339999997],[28.900513499999978,36.69801420000007],[28.863669200000036,36.69602370000004],[28.868077699999986,36.67059090000003],[28.85044260000003,36.66244189999998],[28.86593,36.653875399999976],[28.8494117,36.6427958],[28.8793308,36.633922],[28.87924239999998,36.64837010000003],[28.908197,36.647864500000054],[28.867288,36.622022],[28.875392,36.601344],[28.8461,36.588828],[28.824677000000104,36.626022],[28.852189699999983,36.638002600000014],[28.830722,36.639031],[28.81876300000011,36.659122],[28.793708,36.65115400000018],[28.807189000000147,36.668676],[28.78624100000012,36.686717],[28.723505,36.705495],[28.670030700000062,36.691739],[28.674396,36.706582],[28.64862460000006,36.72294830000016],[28.632779000000134,36.699967],[28.617551,36.704029],[28.624769000000132,36.728592],[28.607674,36.735247],[28.63345900000012,36.75467600000018],[28.612007000000105,36.759336],[28.629654100000053,36.78017079999997],[28.587953000000155,36.815919],[28.549433500000102,36.830454800000126],[28.548874400000013,36.8144697],[28.528449900000158,36.80659830000014],[28.53648470502266,36.78567060816624],[28.489603862166014,36.799884510519],[28.499177,36.818356],[28.46135500000017,36.81214800000012],[28.450965,36.845671],[28.469665700000153,36.86189950000004],[28.45617560000007,36.879251400000044],[28.378916000000164,36.84730000000013],[28.387404100000087,36.8339462000001],[28.426800368377947,36.8355193185421],[28.398564,36.785286000000205],[28.310332700168644,36.81771095648201],[28.30140880000003,36.80330220000005],[28.313387300000045,36.79462290000012],[28.274118900000076,36.7961031],[28.265901700000043,36.81398570000011],[28.315781900000147,36.82639680000003],[28.2803554000001,36.852928],[28.263100300000023,36.849213],[28.23319170000003,36.80453030000005],[28.256366899999986,36.791557000000104],[28.248729,36.772953],[28.2678156000001,36.76591569999998],[28.268846499999988,36.74772640000004],[28.29279520000011,36.748414100000055],[28.303485700000106,36.7304075],[28.2900733,36.72016070000006],[28.276636,36.73666650000001],[28.2562091000001,36.731851700000156],[28.225195,36.688675],[28.163242000000114,36.684159],[28.114818,36.599841],[28.089081,36.582351],[28.066002,36.595149],[28.034805599999984,36.562887500000045],[28.010079600000044,36.576509500000014],[28.0183124,36.5653487],[27.978737299999977,36.553600800000105],[27.965623,36.581103],[27.979387,36.586386],[27.956474,36.601217],[28.064544,36.604925],[28.095552,36.64575],[28.0819,36.661161],[28.054382,36.654343],[28.07301,36.6755],[28.0481185,36.67474420000001],[28.052238100000043,36.683893400000045],[28.041549100000033,36.6936544],[28.024594,36.668219],[27.964195,36.683881],[28.017467,36.70823],[28.04388,36.702992],[28.062330700000015,36.723288500000116],[28.097349,36.72698930000005],[28.085288200000036,36.718034899999985],[28.09771070000005,36.704915600000085],[28.113580500000037,36.72795390000004],[28.1287865,36.72489530000003],[28.084389,36.747589],[28.112532700000045,36.7747211],[28.12688870000004,36.75412090000003],[28.131498499999978,36.75302280000005],[28.122107100000015,36.77394030000007],[28.1317537,36.793569499999975],[28.1279717,36.805552100000064],[28.12540590000004,36.802465600000026],[28.125476500000037,36.80606090000001],[28.102418,36.802786],[28.090479,36.794418],[28.080594,36.795665],[28.078233,36.775391],[28.05083870000004,36.75963759999998],[28.0392634,36.77295049999997],[28.044544900000012,36.7828991],[28.049295900000015,36.783867600000036],[28.050583,36.78644840000002],[28.050377,36.78728940000003],[28.04131530000004,36.78300150000001],[28.031006,36.766304],[28.015905,36.75924],[27.965029,36.750543],[27.967859,36.759898],[27.955263,36.761155],[27.930453,36.742598],[27.919428,36.755015],[27.894180400000028,36.75637039999999],[27.897875,36.741178],[27.8760369,36.75766190000007],[27.858299,36.741855],[27.8065,36.764312],[27.725340798089086,36.76067795217245],[27.68650710000008,36.72562310000007],[27.696085294617617,36.71148114319062],[27.675688900000033,36.70075780000004],[27.67877508658577,36.657712189378046],[27.57397360000008,36.68514240000006],[27.560506500000024,36.672253199999986],[27.51625869529983,36.678061834804936],[27.47716140000008,36.647346299999974],[27.468306300000023,36.66174469999998],[27.405097700000017,36.662786399999966],[27.40222370000005,36.680413700000045],[27.36344019984944,36.6847286293693],[27.363388700000066,36.7099966],[27.396484600000065,36.7006565],[27.421975,36.71385432186728],[27.427924788277462,36.74852232336261],[27.44904976246798,36.745673206455855],[27.46489824670549,36.76273585543321],[27.50365760000004,36.749447500000066],[27.609112798234143,36.76364981881526],[27.640881070627305,36.81119864375716],[27.69727058600414,36.78567653151719],[27.771939,36.788691],[27.8166,36.813314],[28.03234935690427,36.78715502306383],[28.060063,36.800988],[28.064414463581326,36.82432767170353],[28.016985471606787,36.82762840305077],[28.002526,36.835142],[28.028053221087564,36.83708517066706],[28.03228016207885,36.83899493260716],[27.999918860759365,36.85308942718775],[28.059074,36.868306],[28.046242639671604,36.869709842063884],[28.05976661617305,36.884235481452954],[28.014833263667242,36.9056576569676],[28.03540357861286,36.90632845024631],[28.04404766626491,36.91061943466384],[28.020986,36.925416],[28.07225668585922,36.92837531756819],[28.04264179179831,36.93485397859514],[28.073884791993432,36.94258585314479],[28.092495114665702,36.93053176588211],[28.123868838711044,36.93809310260676],[28.170881888833488,36.907615195668214],[28.160578472641312,36.93350509456404],[28.171112,36.939444],[28.158094719487785,36.94496984785619],[28.202340000501582,36.94876514374538],[28.200817650526698,36.96916649589761],[28.21612422498521,36.97766388628937],[28.19668202326619,36.98260997496943],[28.21484680000008,36.98520530000004],[28.22056,36.999702],[28.260439610199217,36.984242778182136],[28.24522309687913,37.0032455187501],[28.326713,37.02605],[28.32833210000008,37.0503716],[28.16367526654351,37.02906262576788],[28.10147114359729,37.03483534152402],[28.115560425135644,37.01605663655028],[28.098774269420236,37.01212392793374],[28.088382,37.029375],[27.977682420118406,37.032173345199496],[27.946712751610058,37.01626205366886],[27.89303278512801,37.028644115576256],[27.798293831262754,36.99499502662323],[27.78795590000006,37.00616290000005],[27.75850605929742,36.99021993294468],[27.756373500855666,37.0009218327142],[27.68539577508267,37.003773578381534],[27.648258317642682,36.998449220067265],[27.637848486384332,36.977949566493464],[27.585190001919763,36.99538351129632],[27.561464200000064,36.98861280000003],[27.57560110000008,36.98420120000004],[27.565366,36.97483],[27.51824750663672,36.99513673060238],[27.48242917168506,36.98642296050365],[27.42423170000007,37.036170300000016],[27.41181130000008,37.01701560000002],[27.395842446914465,37.02929874313643],[27.37606354392818,36.998829490075664],[27.381947,37.02662140000003],[27.33234630768192,37.01543651112391],[27.340344230516198,36.99819295812377],[27.300212008508232,36.97291369465419],[27.30337290000005,36.957167800000015],[27.263771541024536,36.96451673648986],[27.249182170989094,37.03177489200306],[27.23009739182693,37.040253698643426],[27.23690854217953,37.05171083632492],[27.225491200000057,37.058444],[27.239418,37.083195],[27.251631198526916,37.0815546118837],[27.293155300000013,37.1116337],[27.254470544928513,37.11190724721176],[27.253080118522018,37.12879335405257],[27.264049037951434,37.12033181959321],[27.273389851246773,37.140437076940245],[27.289589,37.121876],[27.313002500000064,37.11572460000002],[27.32284624896909,37.15899764005766],[27.343582224877263,37.15054022413892],[27.347108595564254,37.13048049427934],[27.366087618914083,37.15641309324674],[27.390040053889642,37.14458971214132],[27.376089181852162,37.13273653550239],[27.38647,37.120572],[27.43006961512325,37.128336190054476],[27.457368212608056,37.08250120228305],[27.472688264809243,37.08124204288028],[27.490727,37.094496],[27.488491292171222,37.1008539050614],[27.531368866239376,37.11838562960502],[27.537239404305264,37.12847831387298],[27.58103189411847,37.13565048262047],[27.572213976223928,37.13953472878597],[27.556701625555363,37.133675799311156],[27.549693822032317,37.13599154636766],[27.56282562698309,37.1532795688891],[27.542936,37.152585],[27.546375,37.184425],[27.525973385216282,37.1942150995783],[27.55453622870614,37.19307138484036],[27.570446233249797,37.2113151862217],[27.59335106228908,37.193811269540284],[27.575423246746084,37.17773702547686],[27.615561648426986,37.18744501822544],[27.57536071537048,37.215084972704965],[27.60817953215974,37.25602294710813],[27.639615052934285,37.25733299623958],[27.59473650481206,37.28762658421079],[27.58076357679374,37.27128583068531],[27.55637,37.277632],[27.540584347937823,37.25436822398785],[27.551873182450567,37.244755919017386],[27.53395308353734,37.25077366940327],[27.52274922905668,37.22710599036195],[27.504976508358855,37.22926437312658],[27.498182284531076,37.23780346934046],[27.522375722168974,37.25077148002667],[27.519075,37.277031],[27.47598299797173,37.26988905465305],[27.476363285535886,37.25554114679245],[27.457063691653474,37.25093448208869],[27.497908939262803,37.321393335477225],[27.4737488085321,37.34568797446925],[27.470730275991396,37.32024114169996],[27.443159427587904,37.30300081209529],[27.388433670304302,37.322906234510285],[27.382741240827855,37.35613634879127],[27.432685500000026,37.3831805],[27.416227740561258,37.41604515808442],[27.376297546321656,37.405299267865594],[27.359665002869487,37.37289916789963],[27.318322707161446,37.369372796361375],[27.330071260136418,37.34294658001317],[27.283982740115366,37.35657228838835],[27.249816560136466,37.33644698819014],[27.213159101330376,37.34717775572148],[27.222234240113284,37.3552766017173],[27.191974160136414,37.35377586638676],[27.217920353057085,37.39169324993817],[27.20923906013639,37.39815531050889],[27.23033625333782,37.40581529320089],[27.218465160136475,37.419868383149286],[27.220980082817203,37.50478057247242],[27.274149143726433,37.53647353352669],[27.20627210971033,37.603340080452256],[27.01755500626556,37.65367291600034]]],[[[27.535818569348315,40.530144951750614],[27.535084692626814,40.530244730486736],[27.535735962251334,40.53033287011912],[27.535818569348315,40.530144951750614]]],[[[27.51792128585885,40.53695518019334],[27.553026581627805,40.521545372268704],[27.5235832,40.50139230000006],[27.53673363629965,40.488292924801264],[27.489982033877553,40.467782045585004],[27.478359495197086,40.4944657526326],[27.51792128585885,40.53695518019334]]],[[[27.46738759756861,40.54772663920836],[27.5068543163393,40.54802463587087],[27.46528413197917,40.53938219432262],[27.46738759756861,40.54772663920836]]],[[[27.758496,40.633157],[27.758480000000183,40.631744],[27.756459000000127,40.631887],[27.758496,40.633157]]],[[[27.480242900000196,40.64162060000013],[27.489375716793408,40.64634067852181],[27.48770245151094,40.63696964591634],[27.480242900000196,40.64162060000013]]],[[[27.549366059036807,40.655993354123616],[27.54728636142017,40.65560568187152],[27.549413594982376,40.65655231945188],[27.549366059036807,40.655993354123616]]],[[[27.614677500000134,40.6615211],[27.616960000000145,40.66148],[27.61699490000002,40.66029630000015],[27.614677500000134,40.6615211]]],[[[27.60421065618425,40.66169998963526],[27.604876159421558,40.661330380319924],[27.604151236252363,40.66155575209736],[27.60421065618425,40.66169998963526]]],[[[27.676655437161696,40.66207861168827],[27.680614,40.663168],[27.67659601722981,40.65869798157262],[27.676655437161696,40.66207861168827]]],[[[27.674896607177292,40.664566645999166],[27.673803280430295,40.663809427990316],[27.67421921995364,40.664674819298625],[27.674896607177292,40.664566645999166]]],[[[27.63475450000001,40.6683459],[27.744120827845567,40.633152911879726],[27.608214600000036,40.57478609999997],[27.52967280000014,40.59699220000011],[27.532898500000055,40.64692780000012],[27.549743700000068,40.655032300000144],[27.5583589,40.642098],[27.572211,40.653109699999966],[27.61204980000011,40.6555438],[27.63475450000001,40.6683459]]]]}},{"type":"Feature","properties":{"Id":62,"Title":"Illyrikon"},"geometry":{"type":"MultiPolygon","coordinates":[[[[20.51947670000002,38.09689480000006],[20.519155300000083,38.0963797],[20.51850510000005,38.0963771],[20.51947670000002,38.09689480000006]]],[[[20.518168300000024,38.09817370000002],[20.51719660000008,38.09765610000004],[20.517193200000083,38.0981698],[20.518168300000024,38.09817370000002]]],[[[20.483546700000122,38.12191480000001],[20.485165100000064,38.122949200000036],[20.485170600000014,38.122178599999984],[20.483546700000122,38.12191480000001]]],[[[20.49096780000008,38.13016650000005],[20.489660644075073,38.13108994172524],[20.48965820000005,38.131445299999974],[20.49096780000008,38.13016650000005]]],[[[20.418569,38.13406470000007],[20.419951300000047,38.1341889],[20.419851200000046,38.132938],[20.418569,38.13406470000007]]],[[[20.41765280000001,38.13999120000008],[20.426592300000063,38.1354276],[20.4273393,38.132559400000076],[20.421271900000043,38.13234780000008],[20.41765280000001,38.13999120000008]]],[[[20.490001655684296,38.14306371177606],[20.489684258393872,38.14296210077801],[20.489752015960747,38.143261185590006],[20.490001655684296,38.14306371177606]]],[[[20.352327574900503,38.24959992829942],[20.35307626604253,38.25006656415563],[20.353159453947182,38.24970258844479],[20.352327574900503,38.24959992829942]]],[[[20.354752842342247,38.25608522794561],[20.35458512814068,38.25689672015028],[20.355262919536557,38.25679512010496],[20.354752842342247,38.25608522794561]]],[[[20.413144,38.34581779999997],[20.41225851821894,38.3447968348832],[20.411295915322036,38.34395798411157],[20.413144,38.34581779999997]]],[[[20.540505400000026,38.422927],[20.53902067184436,38.42210515418357],[20.540389707075438,38.423065996940736],[20.540505400000026,38.422927]]],[[[20.538647179727636,38.69664310000004],[20.537789379727716,38.69555570000006],[20.536862579727725,38.6955628],[20.538647179727636,38.69664310000004]]],[[[20.25677367972769,39.12904290000007],[20.256596879727674,39.128502200000035],[20.256459479727663,39.128870600000035],[20.25677367972769,39.12904290000007]]],[[[20.254484979727685,39.13002040000006],[20.255276679727668,39.129784800000024],[20.254942579727732,39.1294471],[20.254484979727685,39.13002040000006]]],[[[20.248086679727674,39.13087259999996],[20.25140787972769,39.13045440000003],[20.24729957972769,39.1301519],[20.248086679727674,39.13087259999996]]],[[[20.223423579727687,39.161205],[20.238878979727684,39.153971],[20.252458065272545,39.14020081188986],[20.217260179727635,39.1470095],[20.223423579727687,39.161205]]],[[[20.21633877972769,39.1505363],[20.21425027972768,39.15018079999996],[20.213961479727683,39.15137430000003],[20.21633877972769,39.1505363]]],[[[20.211634179727692,39.17817420000003],[20.215578479727682,39.1804902],[20.2154706655518,39.178712925358525],[20.211634179727692,39.17817420000003]]],[[[20.207061279727714,39.18524130000005],[20.210887579727608,39.177705],[20.204266279727626,39.183248500000055],[20.207061279727714,39.18524130000005]]],[[[20.152249879727602,39.1956039],[20.151767672239846,39.195155735209475],[20.1515898797277,39.19559920000001],[20.152249879727602,39.1956039]]],[[[20.191658779727696,39.20259679999998],[20.188574379727715,39.19720319999997],[20.185966479727668,39.200682899999954],[20.191658779727696,39.20259679999998]]],[[[20.194405179727685,39.20549310000003],[20.194245779727673,39.20234050000006],[20.19327697972773,39.20322130000001],[20.194405179727685,39.20549310000003]]],[[[20.196221379727717,39.20539880000006],[20.19629107972773,39.2056709],[20.196495279727685,39.20538910000005],[20.196221379727717,39.20539880000006]]],[[[20.495397746867255,39.20753175648712],[20.49496387477639,39.207268052830536],[20.494485056713202,39.20763489096529],[20.495397746867255,39.20753175648712]]],[[[20.13154877972766,39.23806850000005],[20.16312447972773,39.229159100000025],[20.18951587512607,39.20601788602433],[20.1849688797277,39.20080950000006],[20.186571879727722,39.19692880000003],[20.206417379727675,39.17841580000006],[20.142010792686925,39.199844662318895],[20.13154877972766,39.23806850000005]]],[[[20.12919646461697,39.21835221304235],[20.128865687861076,39.21840714934947],[20.129194079727753,39.218546600000046],[20.12919646461697,39.21835221304235]]],[[[20.125021179727703,39.2363984],[20.125369379727683,39.23593560000001],[20.12480027972765,39.236272400000026],[20.125021179727703,39.2363984]]],[[[20.417071879727697,39.27039290000004],[20.4174818797277,39.27067360000006],[20.41748787972768,39.27040050000005],[20.417071879727697,39.27039290000004]]],[[[20.40088037972762,39.2795014],[20.400675679727634,39.27999420000006],[20.401020779727634,39.27997690000004],[20.40088037972762,39.2795014]]],[[[20.400452879727673,39.28],[20.400332179727723,39.27967610000007],[20.400308079727633,39.279979200000035],[20.400452879727673,39.28]]],[[[20.401244479727616,39.280619900000055],[20.401192579727727,39.280797900000046],[20.4012789797277,39.28079260000004],[20.401244479727616,39.280619900000055]]],[[[20.405855779727673,39.280976600000024],[20.406005279727715,39.28080040000004],[20.405753879727673,39.2807057],[20.405855779727673,39.280976600000024]]],[[[20.403865979727712,39.28126970000005],[20.404077879727712,39.28138180000004],[20.403949079727628,39.28120540000005],[20.403865979727712,39.28126970000005]]],[[[20.40485327972772,39.281563200000015],[20.405284879727702,39.28142380000003],[20.404761479727703,39.28138960000002],[20.40485327972772,39.281563200000015]]],[[[20.402595679727675,39.282261],[20.401827179727697,39.28074440000003],[20.401234079727683,39.281111100000054],[20.402595679727675,39.282261]]],[[[20.33869867972767,39.2866121],[20.33875567972765,39.2865797],[20.3387003797277,39.28658620000006],[20.33869867972767,39.2866121]]],[[[20.338475779727705,39.2867665],[20.338460779727672,39.2866212],[20.33835687972769,39.28648110000011],[20.33839367972771,39.28669249999995],[20.338475779727705,39.2867665]]],[[[20.275653579727678,39.366856],[20.27557387972769,39.367185100000015],[20.275760279727688,39.36713680000005],[20.275653579727678,39.366856]]],[[[20.27402147972768,39.371751],[20.274182962093505,39.37098795414521],[20.273740879727722,39.37155880000003],[20.27402147972768,39.371751]]],[[[20.271212279727678,39.3862508],[20.273012165819008,39.385651069558804],[20.272199764045027,39.38464887116113],[20.271212279727678,39.3862508]]],[[[20.236927279727684,39.39557019999999],[20.23530787972768,39.3945801],[20.235846779727606,39.39544490000006],[20.236927279727684,39.39557019999999]]],[[[20.24134097972763,39.3970876],[20.241828279727724,39.3966942],[20.24142917972771,39.396679900000045],[20.24134097972763,39.3970876]]],[[[20.230263279727644,39.39918080000001],[20.238523679727628,39.39908530000007],[20.23325957972772,39.39499640000004],[20.230263279727644,39.39918080000001]]],[[[20.219509601671252,39.4040096134988],[20.224924279727723,39.39900560000003],[20.207952279727678,39.40734709999999],[20.219509601671252,39.4040096134988]]],[[[20.221404979727705,39.4101263],[20.23228907972768,39.40673980000005],[20.225640850725,39.40107672450763],[20.221404979727705,39.4101263]]],[[[19.903263879727717,39.416428700000026],[19.901285779727697,39.41589649999998],[19.901281879727637,39.4161531],[19.903263879727717,39.416428700000026]]],[[[19.903586879727644,39.416945400000046],[19.90423287972764,39.41797870000001],[19.904584079727726,39.416698],[19.903586879727644,39.416945400000046]]],[[[20.212010779727677,39.448227700000054],[20.208366379727718,39.44813119999998],[20.206191979727695,39.45010310000007],[20.212010779727677,39.448227700000054]]],[[[20.213664643905346,39.492867702173484],[20.2131388530725,39.49467053292113],[20.21436437595362,39.4934271703708],[20.213664643905346,39.492867702173484]]],[[[20.154066179727675,39.510841800000115],[20.15940257972768,39.508184600000035],[20.15309187972768,39.50916609999999],[20.154066179727675,39.510841800000115]]],[[[19.84170247972768,39.5352403],[19.84282907570694,39.53517390468856],[19.841706779727726,39.53498370000004],[19.84170247972768,39.5352403]]],[[[19.82976557972769,39.5687102],[19.829213279727693,39.56798420000006],[19.82911647972762,39.568751900000045],[19.82976557972769,39.5687102]]],[[[19.91836217972772,39.58576960000006],[19.917858479727684,39.58680570000005],[19.91868477972769,39.5867547],[19.91836217972772,39.58576960000006]]],[[[19.854096379727647,39.82066829999999],[19.956893779727704,39.77578270000003],[19.93101087972769,39.73449119999995],[19.838298879727724,39.69584540000008],[19.862767979727707,39.66468690000005],[19.84096367972771,39.6587756],[19.850451949903746,39.64680211014261],[19.857825007174753,39.6559914012676],[19.869999479727685,39.637894400000114],[19.9331543797277,39.624317499999975],[19.92493877972773,39.59372749999997],[19.90121497972772,39.599029900000026],[19.915530179727668,39.58671070000005],[19.929827579727693,39.48405529999999],[20.000731679727693,39.4573871],[20.01890007972772,39.4335173],[20.071224279727666,39.460878499999986],[20.122404692249773,39.37984853894832],[20.11227417972771,39.360367599999954],[19.868901479727636,39.456369700000025],[19.830545787383766,39.57439044860822],[19.741178209800115,39.624760307851766],[19.720727479727667,39.65364060000004],[19.729560424714247,39.67411298153587],[19.67341373393168,39.68025187249515],[19.682290680486023,39.71434789163102],[19.664345479727697,39.7221269],[19.656918079727674,39.71043160000008],[19.65358917972768,39.71064990000008],[19.6556326797277,39.73378370000001],[19.628365903884443,39.752454310396985],[19.641088579727704,39.75466989999998],[19.67405927972773,39.799062200000016],[19.794770879727707,39.7900817],[19.854096379727647,39.82066829999999]]],[[[20.18065907464091,39.62594617705044],[20.18297645198519,39.62395072068793],[20.18267935232559,39.623575422007434],[20.18065907464091,39.62594617705044]]],[[[19.728172375104965,39.636080423668766],[19.727449828733025,39.63653436122225],[19.727754058784406,39.63663686283818],[19.728172375104965,39.636080423668766]]],[[[19.926704279727705,39.64525190000005],[19.927627479727693,39.6374498],[19.916895579727715,39.6397785],[19.926704279727705,39.64525190000005]]],[[[19.91064967972768,39.64400810000007],[19.910418179727685,39.64400359999998],[19.910387279727708,39.64403929999998],[19.91064967972768,39.64400810000007]]],[[[19.924882679727762,39.646346900000054],[19.924941579727655,39.646335],[19.92487957972772,39.64625850000004],[19.924882679727762,39.646346900000054]]],[[[19.924705779727613,39.64640909999996],[19.924730579727672,39.646380400000055],[19.92468717972771,39.646323],[19.924705779727613,39.64640909999996]]],[[[19.92507197972766,39.64647120000004],[19.924985079727694,39.64648549999997],[19.92513717972768,39.64649749999998],[19.92507197972766,39.64647120000004]]],[[[19.881725979727726,39.64953570000004],[19.8797743797277,39.64797450000004],[19.878459779727713,39.649505799999986],[19.881725979727726,39.64953570000004]]],[[[20.104743116635227,39.654531118108025],[20.105435358753137,39.654764038885716],[20.104835469464263,39.65440542977527],[20.104743116635227,39.654531118108025]]],[[[19.695608479727667,39.668504],[19.694958679727723,39.667726499999944],[19.694949079727667,39.6682398],[19.695608479727667,39.668504]]],[[[19.98941647972773,39.68555660000011],[19.990441379727674,39.6857367],[19.99059637972773,39.685453499999966],[19.98941647972773,39.68555660000011]]],[[[20.00599491431314,39.688923577147904],[20.006023435880508,39.690964711236944],[20.006973879727713,39.689559799999984],[20.00599491431314,39.688923577147904]]],[[[19.634459179727724,39.72814410000002],[19.635569112763154,39.72672265464439],[19.636041879727678,39.72379750000007],[19.634459179727724,39.72814410000002]]],[[[19.636767018590426,39.73244039675914],[19.636101515353122,39.732411151203095],[19.636177572865957,39.73317153162939],[19.636767018590426,39.73244039675914]]],[[[19.636006443462016,39.73476537876692],[19.635683199032496,39.734355953662025],[19.635496779727596,39.734575800000016],[19.636006443462016,39.73476537876692]]],[[[19.51248251806531,39.74615963876585],[19.512710837113143,39.7469569499112],[19.513547469754425,39.746167481852126],[19.51248251806531,39.74615963876585]]],[[[19.58964057972767,39.764858],[19.588701179727718,39.76237230000002],[19.58723347972772,39.76467250000001],[19.58964057972767,39.764858]]],[[[19.59394497972769,39.7723084],[19.592338879727688,39.76346069999997],[19.58935407972771,39.76808789999998],[19.59394497972769,39.7723084]]],[[[19.5171929160212,39.780593536627],[19.531586370748204,39.76673329419206],[19.53522287058071,39.759136470128624],[19.519196147588563,39.762516780564596],[19.5171929160212,39.780593536627]]],[[[19.49712974256922,39.77098844966307],[19.4959710233055,39.77316482965018],[19.496587832790258,39.77333405211937],[19.49712974256922,39.77098844966307]]],[[[19.593140779727722,39.7731001],[19.593478479727636,39.77284740000001],[19.59314587972765,39.772843200000025],[19.593140779727722,39.7731001]]],[[[19.995591179727636,39.77263049999996],[19.99653377972764,39.77337829999996],[19.996229379727644,39.7728725],[19.995591179727636,39.77263049999996]]],[[[19.991138579727682,39.77345620000005],[19.991856179727694,39.773672],[19.993019379727734,39.77282330000001],[19.991138579727682,39.77345620000005]]],[[[19.99073297972773,39.775446299999984],[19.991363179727642,39.77424660000006],[19.990595479727645,39.77444490000004],[19.99073297972773,39.775446299999984]]],[[[19.996121779727616,39.776142300000025],[19.99718007972768,39.774073100000045],[19.99485777972771,39.77533330000003],[19.996121779727616,39.776142300000025]]],[[[19.995082379727673,39.7785018],[19.994808379727665,39.778219],[19.99478937972767,39.778528],[19.995082379727673,39.7785018]]],[[[19.943078979727698,39.78770469999997],[19.94311237972772,39.787695500000055],[19.943069379727646,39.787660600000024],[19.943078979727698,39.78770469999997]]],[[[19.942040279727696,39.78864590000005],[19.94201407972762,39.78870640000004],[19.942073779727625,39.78866420000006],[19.942040279727696,39.78864590000005]]],[[[19.95875707972768,39.79234670000008],[19.959360879727644,39.792947700000056],[19.959608379727694,39.79225540000004],[19.95875707972768,39.79234670000008]]],[[[19.672726448246703,39.7993930193062],[19.672728907375788,39.79843148314167],[19.672460246951786,39.79940762786707],[19.672726448246703,39.7993930193062]]],[[[19.673818979727656,39.7999845],[19.673271616883397,39.80009782962256],[19.673639138400755,39.800474044429244],[19.673818979727656,39.7999845]]],[[[20.00493837972769,39.80562660000008],[20.004882079727683,39.80548649999999],[20.00457967972767,39.805660699999976],[20.00493837972769,39.80562660000008]]],[[[19.8688498797276,39.81735589999999],[19.869818679727707,39.81640080000004],[19.869309279727684,39.81638550000007],[19.8688498797276,39.81735589999999]]],[[[19.86296717972764,39.817632099999976],[19.863288546660087,39.817636693154334],[19.863037179727637,39.817494],[19.86296717972764,39.817632099999976]]],[[[19.37447007972768,39.84573240000002],[19.374986408140266,39.84616649195883],[19.375271623813386,39.8458307228399],[19.37447007972768,39.84573240000002]]],[[[19.373598358530987,39.851684549169704],[19.402119925844932,39.860004590372135],[19.4332944028416,39.863144464388085],[19.391374160463002,39.8357392540831],[19.373598358530987,39.851684549169704]]],[[[19.433880179727723,39.86036820000004],[19.434169779727732,39.86034890000006],[19.434043879727614,39.8602329],[19.433880179727723,39.86036820000004]]],[[[19.572475479727675,39.895178],[19.596870679727704,39.884518],[19.576388279727684,39.8758934],[19.572475479727675,39.895178]]],[[[19.400506780989343,40.515962991755025],[19.40329561876985,40.517675537378764],[19.402379359116324,40.5163473365733],[19.400506780989343,40.515962991755025]]],[[[19.395997658429742,40.5213612697726],[19.397352432877188,40.521596147538204],[19.39837445570598,40.52038561486032],[19.395997658429742,40.5213612697726]]],[[[19.37590460045821,40.53887041089633],[19.391879621877063,40.52655762080087],[19.391514931056406,40.52386129122157],[19.37590460045821,40.53887041089633]]],[[[19.513157810794677,40.95856501233639],[19.511485443504945,40.958613353807806],[19.511491969902096,40.96050265304333],[19.513157810794677,40.95856501233639]]],[[[19.50417351709066,40.960413752881166],[19.50449438472296,40.95848424093791],[19.50341844806552,40.958249029450364],[19.50417351709066,40.960413752881166]]],[[[19.140993600000076,42.03527910000002],[19.140466800000112,42.0355528],[19.141032500000016,42.035547],[19.140993600000076,42.03527910000002]]],[[[21.65362580000008,36.94712159999998],[21.674802500000073,36.92117670000007],[21.671325200000073,36.909493499999954],[21.65362580000008,36.94712159999998]]],[[[21.55718418982058,37.06646063496134],[21.559143600000063,37.04345360000011],[21.54977750000002,37.033478],[21.538728400000043,37.057036100000055],[21.55718418982058,37.06646063496134]]],[[[21.01754090000003,37.252090100000025],[21.009036400000028,37.239967600000014],[21.001686600000035,37.24518],[21.01754090000003,37.252090100000025]]],[[[20.9977891,37.26151449999997],[21.004715,37.25847539999999],[21.00223330000008,37.25556630000001],[20.9977891,37.26151449999997]]],[[[20.815180058383522,37.6474949218209],[20.8142870186536,37.64791424823468],[20.814871644242725,37.648203901175954],[20.815180058383522,37.6474949218209]]],[[[21.300621299691855,37.65863150289987],[21.300621299691855,37.66043784273091],[21.301673898831243,37.66032162337409],[21.300621299691855,37.65863150289987]]],[[[21.303728239921636,37.66685422997129],[21.302825056956785,37.66592104054708],[21.303148301386237,37.66698216631649],[21.303728239921636,37.66685422997129]]],[[[21.302867700000068,37.67510360000004],[21.301192500000052,37.67413730000002],[21.300915700000118,37.67512210000007],[21.302867700000068,37.67510360000004]]],[[[21.299545076715532,37.678202078473944],[21.29934542574442,37.67799139152857],[21.299278875420647,37.67819455395046],[21.299545076715532,37.678202078473944]]],[[[20.777964802679275,37.681487252290225],[20.77805036738118,37.67964756505321],[20.775982553750925,37.68077621293886],[20.777964802679275,37.681487252290225]]],[[[20.868247200000063,37.68815620000003],[20.87410180000007,37.68148279999998],[20.866315599999986,37.685706],[20.868247200000063,37.68815620000003]]],[[[20.862509100000032,37.685517],[20.86218440000007,37.6862872],[20.86315420000004,37.68628829999996],[20.862509100000032,37.685517]]],[[[20.944201900000014,37.705496200000056],[20.9488051,37.7014621],[20.942848,37.70396749999996],[20.944201900000014,37.705496200000056]]],[[[20.86592880000012,37.713769],[20.86491350000003,37.7132947],[20.864717200000026,37.71389470000002],[20.86592880000012,37.713769]]],[[[21.309806478361388,37.718957687693035],[21.309260156355283,37.71912669723298],[21.309241141977015,37.7192921451996],[21.309806478361388,37.718957687693035]]],[[[20.670638144876854,37.76963711764189],[20.671750486002086,37.77068548618985],[20.672252862702706,37.77064461957693],[20.670638144876854,37.76963711764189]]],[[[20.701516,37.93284220000007],[20.70573790000002,37.907034],[20.74176990000006,37.85931280000004],[20.90472810000005,37.80519429999999],[20.90022547196711,37.77585383858017],[20.9932239,37.72849560000007],[20.993448200000053,37.70306359999998],[20.919242918924027,37.73690186498807],[20.88377060000004,37.73164940000005],[20.86250569919437,37.72086028744666],[20.83627980000004,37.68538670000006],[20.85952851306156,37.65619886187208],[20.82968866500309,37.64425574751048],[20.758532566471487,37.70779902332198],[20.711909900000034,37.724815],[20.692307,37.744105900000044],[20.697648852582418,37.760950252058336],[20.673092600000032,37.767176600000035],[20.678438793537172,37.789542308424686],[20.629666700000065,37.813983200000024],[20.627144700000063,37.85634429999999],[20.618519,37.862001299999974],[20.64541247334683,37.90022629275452],[20.701516,37.93284220000007]]],[[[20.883766600000044,37.8197394],[20.883978500000044,37.818777899999986],[20.883716800000045,37.81890260000005],[20.883766600000044,37.8197394]]],[[[20.62363528992542,37.81921128167686],[20.617319300000077,37.821008],[20.623606080376174,37.821372704293836],[20.62363528992542,37.81921128167686]]],[[[20.625060680309193,37.84034047320774],[20.6253641667384,37.840912501327395],[20.62592217866349,37.84042970659069],[20.625060680309193,37.84034047320774]]],[[[20.6272855,37.879728700000044],[20.627740400000025,37.87999179999998],[20.627503300000043,37.8795339000001],[20.6272855,37.879728700000044]]],[[[20.723595400000047,37.886191199999985],[20.724246,37.88562960000009],[20.723403,37.8854815],[20.723595400000047,37.886191199999985]]],[[[20.71085910000007,37.90686980000002],[20.7132873605919,37.904747272452774],[20.710248400000044,37.90613420000003],[20.71085910000007,37.90686980000002]]],[[[21.121515500000065,37.94086880000003],[21.119176927299545,37.939319282289674],[21.119893800000064,37.9408705000001],[21.121515500000065,37.94086880000003]]],[[[20.54327580000003,38.085431],[20.544569300000067,38.08646350000002],[20.54457730000006,38.085179],[20.54327580000003,38.085431]]],[[[20.575630688736965,38.101303730723664],[20.575360671534483,38.10079659721913],[20.57515041810279,38.10137616333619],[20.575630688736965,38.101303730723664]]],[[[20.53662486018999,38.469070927825676],[20.582249700000077,38.4642879],[20.595273215800926,38.40462069055795],[20.611031381741835,38.40169268472088],[20.627650069216415,38.31871057085073],[20.59747959999999,38.301239899999985],[20.625548859504637,38.25882542145805],[20.64826755231382,38.25269982340903],[20.67821393354984,38.27988557065172],[20.672810200000075,38.26129770000008],[20.6960847141522,38.26304340351687],[20.713029,38.22338809999999],[20.81361448881997,38.11767444356959],[20.787422182836693,38.05726936446439],[20.703580658920107,38.06859093199072],[20.6193113114938,38.1171321611241],[20.576398236672812,38.1042096883267],[20.567303899999988,38.088989099999964],[20.513080357235825,38.100225889160654],[20.487454791818603,38.12101218113247],[20.495650500000085,38.134810299999955],[20.46748150149265,38.191247230211424],[20.509794700000054,38.169227400000054],[20.44407473816612,38.28062893840475],[20.421599331514212,38.268841504945065],[20.439354007167104,38.226226972853794],[20.440239100000028,38.161316500000034],[20.38398651461896,38.1487176975052],[20.33866099056258,38.17914090582584],[20.357141400000028,38.2612771],[20.38748040661493,38.274336829470464],[20.398545209339414,38.35491123712051],[20.41089020000003,38.3357469],[20.442383527323138,38.35692240281592],[20.44577135981277,38.32821374952175],[20.46950590764287,38.32613564463726],[20.4775016034495,38.30921171150925],[20.534171900000047,38.341481],[20.548199438428927,38.36230795613457],[20.525616200000027,38.38782230000005],[20.549060263538873,38.386272985172575],[20.53662486018999,38.469070927825676]]],[[[21.118792252257414,38.3176915954824],[21.10618631014427,38.28305049103441],[21.09619920024614,38.28403092792292],[21.104242282228668,38.317068061531806],[21.118792252257414,38.3176915954824]]],[[[21.125566199058813,38.34587315749589],[21.162274373606287,38.327560363701295],[21.162363774488337,38.30788641607483],[21.137787690652818,38.31515975242264],[21.125566199058813,38.34587315749589]]],[[[20.7489648797276,38.3374024],[20.749280279727728,38.332846],[20.747526779727735,38.33331710000005],[20.7489648797276,38.3374024]]],[[[21.052635079727704,38.35164110000002],[21.056057879727604,38.34958470000006],[21.05654637972773,38.3480433],[21.052635079727704,38.35164110000002]]],[[[20.545878146359716,38.359442371128665],[20.54501453007884,38.35967084153394],[20.546048436894022,38.35942855763567],[20.545878146359716,38.359442371128665]]],[[[21.024591079727703,38.37271209999995],[21.04880240765721,38.35151415094342],[21.04969687972764,38.34766070000001],[21.02808055962075,38.362828097289636],[21.024591079727703,38.37271209999995]]],[[[20.71307366052858,38.367898160564735],[20.71312668288004,38.36850334473197],[20.713344615418027,38.36812178110151],[20.71307366052858,38.367898160564735]]],[[[20.999330033101014,38.37225535493831],[20.990156747789662,38.365541288876436],[20.992381430040126,38.37782861332213],[20.999330033101014,38.37225535493831]]],[[[21.103484059795516,38.38514148454977],[21.0962110601305,38.371167160345586],[21.09146934956451,38.36297695206517],[21.103484059795516,38.38514148454977]]],[[[20.698904379727686,38.37515],[20.699720979727697,38.37540000000011],[20.699704379727642,38.374633300000056],[20.698904379727686,38.37515]]],[[[20.650682681501404,38.50138774306123],[20.678262852557758,38.4894862872249],[20.66349207972769,38.45914770000004],[20.69252387127893,38.46067481166472],[20.710055591362828,38.434596756679184],[20.67453475623975,38.36525999255935],[20.719410288287865,38.36457476979122],[20.702046257183508,38.384443624228645],[20.7357135345699,38.387223155033304],[20.75640267487298,38.36461831331054],[20.736207919077913,38.364927056850156],[20.74846831023949,38.354002253895366],[20.738125983805254,38.33986858880028],[20.76597987634252,38.31900131470071],[20.722785254199007,38.30031076803509],[20.69152427972765,38.3214515],[20.6420346797277,38.43997550000009],[20.61512963052149,38.46612363947259],[20.624023600317283,38.47934141535253],[20.646832320442027,38.46749734030989],[20.650682681501404,38.50138774306123]]],[[[21.077928038612807,38.42970446780442],[21.107718744370604,38.41657208545613],[21.100617069372827,38.39309082109005],[21.077928038612807,38.42970446780442]]],[[[21.022810225110156,38.42133501476745],[21.02198132056835,38.42794183358884],[21.0266184520542,38.42137626323833],[21.022810225110156,38.42133501476745]]],[[[21.02466947828762,38.432334064300235],[21.02559027972773,38.43101690000002],[21.024491218491995,38.430472193270866],[21.02466947828762,38.432334064300235]]],[[[20.598035400000025,38.431213499999984],[20.597927100000057,38.43219080000006],[20.598690700000052,38.43098629999998],[20.598035400000025,38.431213499999984]]],[[[21.02569150111648,38.43383283560008],[21.02665410401332,38.43548982604257],[21.02670164850374,38.435383043725096],[21.02569150111648,38.43383283560008]]],[[[21.026554823210382,38.4404099559111],[21.02749289138562,38.43942328062154],[21.025919836003634,38.43963737291502],[21.026554823210382,38.4404099559111]]],[[[21.06124035715805,38.459566750421125],[21.068720994477037,38.45136225097108],[21.059714453306793,38.45531204837559],[21.06124035715805,38.459566750421125]]],[[[21.035348426303553,38.46017347446958],[21.037903980538832,38.464320279452565],[21.036721014726382,38.459714020582986],[21.035348426303553,38.46017347446958]]],[[[21.052380326108082,38.46822530500354],[21.04178852941008,38.455451502725275],[21.046186979727697,38.470822],[21.052380326108082,38.46822530500354]]],[[[21.014311921018695,38.46458341533574],[21.017989485161074,38.46308196644795],[21.015147679727676,38.462097200000095],[21.014311921018695,38.46458341533574]]],[[[21.013011763245125,38.46879907874497],[21.01344072338959,38.46887994731376],[21.013273210945474,38.4686595106311],[21.013011763245125,38.46879907874497]]],[[[21.01462565825918,38.47073566905274],[21.01673574636961,38.471626849880785],[21.016605133740924,38.47026747230993],[21.01462565825918,38.47073566905274]]],[[[21.00904029430373,38.471236413914724],[21.00039096970863,38.46977604797837],[21.004193845350517,38.47613998073373],[21.00904029430373,38.471236413914724]]],[[[21.04290708989572,38.479268702952446],[21.04285333458984,38.47026553765602],[21.037168035505278,38.47592235610819],[21.04290708989572,38.479268702952446]]],[[[20.675612479891285,38.48010581794076],[20.67500186765849,38.48010894391308],[20.675000579727715,38.48039659999996],[20.675612479891285,38.48010581794076]]],[[[21.00054546153159,38.47723779536299],[20.99942836681186,38.483935963087326],[21.003217217415237,38.476907715391356],[21.00054546153159,38.47723779536299]]],[[[21.017334850634427,38.490991036406434],[21.02828412626515,38.47193205751762],[21.006808322354367,38.48454062815194],[21.017334850634427,38.490991036406434]]],[[[20.970072892291782,38.48313268845322],[20.96907817972767,38.482385],[20.96907797972769,38.48315560000006],[20.970072892291782,38.48313268845322]]],[[[20.816101779727674,38.502535300000034],[20.82226992973469,38.47885817662447],[20.796889379727606,38.47694669999996],[20.816101779727674,38.502535300000034]]],[[[21.032521966261058,38.49309723457142],[21.02782769811089,38.48940264399876],[21.028826665464674,38.49356755231606],[21.032521966261058,38.49309723457142]]],[[[21.03747897972761,38.50456319999996],[21.03719787972769,38.504847],[21.03773607972768,38.50472969999998],[21.03747897972761,38.50456319999996]]],[[[20.720085275850614,38.54244824791563],[20.7188426427105,38.54210592529401],[20.718543640435442,38.542503978679534],[20.720085275850614,38.54244824791563]]],[[[20.699421400331723,38.54583899173952],[20.718274156326146,38.56138528937492],[20.721740739333885,38.561507820312805],[20.72203900321156,38.55874243292439],[20.715077880214672,38.538028275103756],[20.699421400331723,38.54583899173952]]],[[[20.8558878655588,38.56194909093759],[20.856258645933888,38.56080052870366],[20.855075000890388,38.561447294161255],[20.8558878655588,38.56194909093759]]],[[[20.718994153828014,38.56164658537537],[20.71898719550895,38.56161946184198],[20.71894441315795,38.56161946184198],[20.718994153828014,38.56164658537537]]],[[[20.546623879727655,38.56211060000007],[20.547194979727603,38.561926599999985],[20.54647647972767,38.56205179999998],[20.546623879727655,38.56211060000007]]],[[[20.854678273116864,38.56479355510045],[20.85062563638933,38.56109045876639],[20.850796765793273,38.56482599149743],[20.854678273116864,38.56479355510045]]],[[[20.90263137972763,38.56570250000006],[20.902285979727676,38.56542980000002],[20.902338379727727,38.56576530000001],[20.90263137972763,38.56570250000006]]],[[[20.918546579727696,38.57221770000002],[20.919015179727676,38.571485],[20.918299879727726,38.57203259999997],[20.918546579727696,38.57221770000002]]],[[[20.932206379727646,38.603644800000026],[20.89997397972763,38.555474199999985],[20.90827297972767,38.54078129999992],[20.896519979727604,38.540780499999954],[20.898184079727677,38.56727070000002],[20.90305397972769,38.56331020000005],[20.932206379727646,38.603644800000026]]],[[[20.924554779727647,38.574400600000054],[20.92429827972771,38.57243370000004],[20.923893779727724,38.5732706],[20.924554779727647,38.574400600000054]]],[[[20.799722779727702,38.58869990000002],[20.801959379727705,38.5806379],[20.78620577972771,38.58688289999998],[20.799722779727702,38.58869990000002]]],[[[21.019546874198827,38.58654621908132],[21.020081793229846,38.58644403080859],[21.019523106226057,38.5863883004789],[21.019546874198827,38.58654621908132]]],[[[20.770364579727666,38.5919985],[20.770623379727667,38.59287259999996],[20.77188327972767,38.59179630000005],[20.770364579727666,38.5919985]]],[[[20.548831979727684,38.59492720000005],[20.548035879727614,38.594619],[20.54938557972769,38.5953598],[20.548831979727684,38.59492720000005]]],[[[20.94063127972767,38.606634800000016],[20.93692577972769,38.608193800000016],[20.940535479727686,38.6102063],[20.94063127972767,38.606634800000016]]],[[[20.959941679727642,38.651845900000055],[20.95209217972765,38.633128199999966],[20.885003379727646,38.6019151],[20.870493279727675,38.57858110000004],[20.871480679727693,38.60577939999998],[20.90201637972772,38.6461397],[20.959941679727642,38.651845900000055]]],[[[20.785076979727716,38.67885402263464],[20.789923779727733,38.66485050000005],[20.805043779727686,38.6727591218447],[20.7979985797277,38.66055690000007],[20.804082479727672,38.66691710000005],[20.80939457972768,38.6683899],[20.80408907972772,38.653025],[20.764177028889463,38.64648274663097],[20.75305361763699,38.62607897228328],[20.811701879727686,38.58979170000009],[20.765509979727632,38.61155110000005],[20.735077479727682,38.64037550000008],[20.741875879727694,38.668533599999975],[20.78532172428231,38.66337711144125],[20.785076979727716,38.67885402263464]]],[[[20.735280079727712,38.655477200000014],[20.731630979727687,38.658627200000055],[20.735431279727717,38.660070699999984],[20.735280079727712,38.655477200000014]]],[[[20.80723271154713,38.673885952809904],[20.807813179727667,38.67366132196154],[20.807185175601628,38.673802450671644],[20.80723271154713,38.673885952809904]]],[[[20.802926079727694,38.675572822209254],[20.802201779727664,38.67405792201303],[20.80205387972768,38.67560792221392],[20.802926079727694,38.675572822209254]]],[[[20.739910279727688,38.686408599999965],[20.745377979727653,38.69331942450991],[20.754331979727706,38.696707324949365],[20.739910279727688,38.686408599999965]]],[[[20.736478879727667,38.6931048],[20.736642379727645,38.692073500000014],[20.736066579727694,38.6934111],[20.736478879727667,38.6931048]]],[[[20.710504107071824,38.832541574395556],[20.733210479727692,38.73076090000006],[20.699309779727724,38.690749300000036],[20.698622979727716,38.6802015],[20.709471079727685,38.677727],[20.714513379727723,38.705092],[20.725777079727653,38.6948094],[20.711511539743427,38.67214932496592],[20.72247095198381,38.62623518356615],[20.69489440705953,38.63938885417367],[20.700502087817732,38.618418468451345],[20.681613806806585,38.62469213578309],[20.684029179727695,38.60381740000005],[20.652686379727765,38.60873570000002],[20.64089497972762,38.57884250000007],[20.59505317972769,38.63202740000008],[20.571113779727668,38.588295],[20.54126667972772,38.56071210000007],[20.55823216069666,38.63018995068841],[20.555774079727666,38.68096030000005],[20.600669279727697,38.78131940000006],[20.6489995797277,38.833124300000016],[20.710504107071824,38.832541574395556]]],[[[20.742529879727712,38.70075132547367],[20.747697579727703,38.70158902558244],[20.742935179727713,38.69808472512789],[20.742529879727712,38.70075132547367]]],[[[20.725790979727687,38.70901119999998],[20.724662579727653,38.70504710000005],[20.7226763797277,38.70781660000004],[20.725790979727687,38.70901119999998]]],[[[20.7385260797277,38.71520530000006],[20.74319836334903,38.71206310573182],[20.735229479727632,38.709492399999924],[20.7385260797277,38.71520530000006]]],[[[20.72562427972772,38.71557550000004],[20.723951179727628,38.7154109],[20.72541377972767,38.71619230000002],[20.72562427972772,38.71557550000004]]],[[[20.79306677972772,38.75308333226434],[20.794634479727648,38.754189232407896],[20.79446877972764,38.75248323218645],[20.79306677972772,38.75308333226434]]],[[[20.817840879727633,38.76756753414517],[20.816745179727718,38.76680333404594],[20.81768017972768,38.767947534194484],[20.817840879727633,38.76756753414517]]],[[[20.82066587972768,38.76781203417694],[20.82116487972771,38.768899634318196],[20.82096997972772,38.767321334113234],[20.82066587972768,38.76781203417694]]],[[[20.90040607972771,38.923991399999906],[20.899697879727636,38.9275099],[20.900460279727696,38.928291],[20.90040607972771,38.923991399999906]]],[[[20.840199979727668,38.962818800000015],[20.83921447972773,38.96217490000004],[20.838226779727698,38.962559300000045],[20.840199979727668,38.962818800000015]]],[[[20.871824679727695,38.96362890000006],[20.873960179727646,38.96491550000007],[20.873797979727673,38.9638879],[20.871824679727695,38.96362890000006]]],[[[20.919096750161845,38.987403702868576],[20.91536725813586,38.985240771015974],[20.914164895813844,38.98928807392968],[20.919096750161845,38.987403702868576]]],[[[20.927213512860032,38.989371206791624],[20.92670250144555,38.989823817327476],[20.926845109282226,38.989943897187814],[20.927213512860032,38.989371206791624]]],[[[20.920747994057926,38.99403446109758],[20.92124236789142,38.99503937109005],[20.921792679727652,38.99474890000007],[20.920747994057926,38.99403446109758]]],[[[20.925411579727673,38.995778600000016],[20.92447481218704,38.99684226207404],[20.925539617366734,38.99594082232367],[20.925411579727673,38.995778600000016]]],[[[20.697353179727674,38.999665800000045],[20.69724857972772,38.99945869999998],[20.697173879727686,38.999590300000044],[20.697353179727674,38.999665800000045]]],[[[20.930951640462357,38.999269328821825],[20.93100257972767,38.9998912],[20.931358017098805,38.999576066503145],[20.930951640462357,38.999269328821825]]],[[[22.966681878432702,36.15163120000004],[22.966522678432735,36.151948800000035],[22.966950678432745,36.15196810000002],[22.966681878432702,36.15163120000004]]],[[[22.915709678432695,36.1693754],[22.916051578432814,36.17039750000005],[22.9163431784328,36.16936520000002],[22.915709678432695,36.1693754]]],[[[22.91233807843271,36.174053600000036],[22.913940578432808,36.17479860000006],[22.913903178432722,36.173257900000046],[22.91233807843271,36.174053600000036]]],[[[22.898586978432775,36.1950817],[22.90141347843274,36.19400909999999],[22.90163707843278,36.190152],[22.898586978432775,36.1950817]]],[[[22.911820378432772,36.20489],[22.911367377048755,36.20611361857231],[22.91209467701523,36.20520456126787],[22.911820378432772,36.20489]]],[[[22.91068285943318,36.210555189773636],[22.90973967843278,36.210575200000044],[22.909841473197464,36.21086586019167],[22.91068285943318,36.210555189773636]]],[[[22.905135414590625,36.24059246184717],[22.904194202869242,36.24091451484396],[22.904236985220276,36.241121548212675],[22.905135414590625,36.24059246184717]]],[[[22.898330778432722,36.25006280000003],[22.89992227843272,36.250294299999986],[22.900220578432727,36.249519],[22.898330778432722,36.25006280000003]]],[[[22.915146078432812,36.27625529999998],[22.91481627843279,36.27574670000007],[22.91482887843275,36.276260400000076],[22.915146078432812,36.27625529999998]]],[[[22.91926437843272,36.37195510000005],[22.919155178432735,36.37258350000002],[22.919283878432775,36.372718700000064],[22.91926437843272,36.37195510000005]]],[[[22.923512482299298,36.47230340764724],[22.92424530613563,36.47013012285031],[22.92276767843272,36.470088800000056],[22.923512482299298,36.47230340764724]]],[[[22.979766278432756,36.510412899999984],[22.98839627843269,36.455654700000075],[22.97002242167457,36.47660929998109],[22.925899557039894,36.466609351714276],[22.946725669292555,36.501377248333824],[22.979766278432756,36.510412899999984]]],[[[22.92703457843275,36.48825910000002],[22.931111251295878,36.48873579320583],[22.93101547843278,36.48845170000003],[22.92703457843275,36.48825910000002]]],[[[22.937678964340506,36.49314308073933],[22.9373259784328,36.49271640000007],[22.937332178432722,36.49297310000007],[22.937678964340506,36.49314308073933]]],[[[22.937850093744448,36.49535572539809],[22.939130685198826,36.497585729534116],[22.93954712699955,36.49547036847648],[22.937850093744448,36.49535572539809]]],[[[22.981274179979888,36.511346795275905],[22.980275925123895,36.51139264305691],[22.98084635647016,36.51198866173944],[22.981274179979888,36.511346795275905]]],[[[22.988396478432765,36.515479],[22.988764878432775,36.51507240000006],[22.988317878432706,36.51508630000004],[22.988396478432765,36.515479]]],[[[22.898608660744205,36.5994348101438],[22.8953888084721,36.598757287171054],[22.898727790656988,36.60014167312298],[22.898608660744205,36.5994348101438]]],[[[21.893090600000058,36.672618000000114],[21.893906300000086,36.674153200000106],[21.893566500000055,36.672357500000125],[21.893090600000058,36.672618000000114]]],[[[21.89153885879033,36.69997969353713],[21.882279400000048,36.689398200000106],[21.884950600504624,36.70515386848873],[21.89153885879033,36.69997969353713]]],[[[21.76490170000001,36.75317729999997],[21.78784830000004,36.740392400000026],[21.777405300000027,36.69854270000012],[21.748521200000052,36.71960310000008],[21.76490170000001,36.75317729999997]]],[[[21.694176100000057,36.7359818000001],[21.69466140000006,36.73374470000003],[21.693581400000014,36.733634500000086],[21.694176100000057,36.7359818000001]]],[[[21.69999010000009,36.735992400000065],[21.701481,36.7367906],[21.701944100000023,36.73582970000007],[21.69999010000009,36.735992400000065]]],[[[22.798209100000044,36.7477219],[22.797649900000017,36.74701460000006],[22.797566100000058,36.7472937],[22.798209100000044,36.7477219]]],[[[21.744197500000087,36.75303950000004],[21.737675,36.757079300000015],[21.74164050000007,36.758552799999975],[21.744197500000087,36.75303950000004]]],[[[22.574456099480816,36.7533145626218],[22.573457844624826,36.75474280103314],[22.576281479788886,36.75437717453206],[22.574456099480816,36.7533145626218]]],[[[21.704768,36.75610890000006],[21.704569,36.75659490000004],[21.70500730000005,36.75671260000011],[21.704768,36.75610890000006]]],[[[21.707043800000065,36.75820109999999],[21.706717500000014,36.75565960000008],[21.706422600000035,36.75588240000016],[21.707043800000065,36.75820109999999]]],[[[21.935107900000062,36.761606399999984],[21.935145400000053,36.761216400000016],[21.934805900000075,36.7615058],[21.935107900000062,36.761606399999984]]],[[[21.70641080000002,36.793768200000116],[21.726226900000082,36.78283660000007],[21.69992840000004,36.75876980000003],[21.695243900000065,36.736740200000064],[21.692577500000116,36.777783699999965],[21.70641080000002,36.793768200000116]]],[[[22.608843253221725,36.791362827642615],[22.608787747736336,36.79048683159419],[22.608521657685316,36.791148004465235],[22.608843253221725,36.791362827642615]]],[[[22.604069300000074,36.7920686],[22.60304065192254,36.79285083345947],[22.604210036182472,36.792211303920624],[22.604069300000074,36.7920686]]],[[[22.6070051497792,36.792782312692815],[22.606762716457055,36.79262243066561],[22.606691412538783,36.79313633599414],[22.6070051497792,36.792782312692815]]],[[[21.719319998605645,36.805513991902664],[21.718868554528797,36.804795767305215],[21.718431900000027,36.805341200000086],[21.719319998605645,36.805513991902664]]],[[[22.294603055808995,36.81092263499162],[22.29503191129083,36.81099274044888],[22.295190900000044,36.81073410000001],[22.294603055808995,36.81092263499162]]],[[[21.697083579108146,36.82795932115142],[21.696103800000074,36.827054600000054],[21.696533636957295,36.82821991741521],[21.697083579108146,36.82795932115142]]],[[[21.69610738980689,36.8320080801474],[21.69247560000012,36.8322141],[21.69606485211481,36.83357506605406],[21.69610738980689,36.8320080801474]]],[[[22.233844900000076,36.88023600000015],[22.23176700000011,36.8802575000001],[22.232107400000107,36.88153860000007],[22.233844900000076,36.88023600000015]]],[[[21.672037,36.907471500000064],[21.67346160000004,36.90544920000012],[21.67230490000011,36.904826700000115],[21.672037,36.907471500000064]]],[[[21.672569300000067,36.907808500000094],[21.67264040000006,36.90804160000005],[21.67285250000004,36.907764],[21.672569300000067,36.907808500000094]]],[[[21.67227490000005,36.907967699999965],[21.672556500000063,36.908073500000064],[21.672292,36.90788129999998],[21.67227490000005,36.907967699999965]]],[[[21.672187,36.908436],[21.67246520000004,36.90851270000008],[21.672531,36.90823770000009],[21.672187,36.908436]]],[[[21.671390200000083,36.90926060000009],[21.671441500000068,36.90942940000004],[21.671686800000025,36.90949940000011],[21.671390200000083,36.90926060000009]]],[[[21.688067644312916,36.941939380420564],[21.688507351808926,36.94238579526871],[21.688325300000034,36.941045700000075],[21.688067644312916,36.941939380420564]]],[[[22.973553600000027,37.442422100000016],[22.997629200000024,37.435202700000055],[22.96695720000008,37.43256070000006],[22.973553600000027,37.442422100000016]]],[[[22.91113182832283,37.500501991132694],[22.924903400000073,37.49445860000005],[22.936216546775412,37.491676733520826],[22.921099081582998,37.48907813685216],[22.91113182832283,37.500501991132694]]],[[[22.863855600000075,37.5026115],[22.865903600000056,37.50361050000004],[22.867336500000018,37.50184990000001],[22.863855600000075,37.5026115]]],[[[22.86292750000004,37.514934700000076],[22.875043099999985,37.5026892],[22.853562700000108,37.509159],[22.86292750000004,37.514934700000076]]],[[[22.866323200000046,37.51879809999996],[22.866412700000065,37.51974169999998],[22.86747790000006,37.51837240000002],[22.866323200000046,37.51879809999996]]],[[[22.816016,37.5374359],[22.815910600000024,37.538028800000035],[22.81660910000004,37.53771530000003],[22.816016,37.5374359]]],[[[22.79137760000003,37.57007690000006],[22.79025610000006,37.56953489999997],[22.790042700000072,37.56972839999997],[22.79137760000003,37.57007690000006]]],[[[22.910371700000063,38.0565073],[22.91025520000005,38.056673700000054],[22.910524800000076,38.0566638],[22.910371700000063,38.0565073]]],[[[22.934633100000053,38.066485800000066],[22.934890300000028,38.066716],[22.934897,38.066651600000036],[22.934633100000053,38.066485800000066]]],[[[22.952503,38.0791981],[22.951981300000057,38.079621],[22.952600900000064,38.079300500000045],[22.952503,38.0791981]]],[[[22.979057700000055,38.112799500000015],[22.984138200000057,38.1083476],[22.977122199999986,38.11334570000004],[22.979057700000055,38.112799500000015]]],[[[22.97584320000005,38.114137599999964],[22.97435980000004,38.113392200000035],[22.97455050000002,38.114416200000015],[22.97584320000005,38.114137599999964]]],[[[22.98486630000008,38.123231199999964],[22.977689400000077,38.12232510000006],[22.9777517,38.124635400000045],[22.98486630000008,38.123231199999964]]],[[[22.971171800000032,38.17696409999998],[22.9514215,38.17266870000002],[22.94547770000005,38.173819700000045],[22.967271400000037,38.17983249999997],[22.971171800000032,38.17696409999998]]],[[[22.881114,38.1814306],[22.88516810000002,38.17972549999998],[22.881692900000072,38.177959],[22.881114,38.1814306]]],[[[22.906832700000106,38.18037150000004],[22.90640310000004,38.17983320000004],[22.906575,38.1806958],[22.906832700000106,38.18037150000004]]],[[[22.989429700000045,38.18350760000008],[22.983184200000064,38.1785584],[22.98297399488774,38.18364986948428],[22.989429700000045,38.18350760000008]]],[[[22.987345500000018,38.2027443],[22.987322100000036,38.20277689999999],[22.9873494,38.20276670000007],[22.987345500000018,38.2027443]]],[[[22.98734290000003,38.203015],[22.987318200000043,38.203024200000065],[22.987346800000022,38.2030313],[22.98734290000003,38.203015]]],[[[22.98696580000002,38.2039757],[22.98694139999998,38.20394640000007],[22.98693650000007,38.20396810000004],[22.98696580000002,38.2039757]]],[[[22.9864774000001,38.205492699999965],[22.99211950000004,38.204704],[22.987010400000056,38.201899799999985],[22.986888200000056,38.20229],[22.98742260000002,38.2026844],[22.987495500000055,38.20332950000004],[22.9864774000001,38.205492699999965]]],[[[22.98851,38.20649810000007],[22.98849960000006,38.20647770000003],[22.98849440000003,38.20648910000011],[22.98851,38.20649810000007]]],[[[22.98859840000002,38.2065365],[22.988633800000056,38.20652670000006],[22.988614,38.206521],[22.98859840000002,38.2065365]]],[[[22.86483420000005,38.22525510000002],[22.86668740000005,38.22609110000003],[22.8666911,38.225104400000035],[22.86483420000005,38.22525510000002]]],[[[22.699326200000026,38.29439370000005],[22.7015403,38.29847080000002],[22.701429200000074,38.293720700000044],[22.699326200000026,38.29439370000005]]],[[[22.684225700000063,38.29666630000005],[22.685878300000045,38.29766990000006],[22.6860229,38.29689719999998],[22.684225700000063,38.29666630000005]]],[[[22.619841600000047,38.3121999],[22.628685,38.31010470000001],[22.62886910000003,38.30731310000005],[22.619841600000047,38.3121999]]],[[[22.693854500000036,38.31402310000006],[22.693487300000026,38.31450970000007],[22.694068,38.314246399999966],[22.693854500000036,38.31402310000006]]],[[[22.168771900000063,38.33419879999999],[22.168364900000032,38.334886499999975],[22.169299500000076,38.3345561],[22.168771900000063,38.33419879999999]]],[[[22.160081500000057,38.342636399999975],[22.161292600000017,38.343106700000064],[22.16072310000003,38.34191950000007],[22.160081500000057,38.342636399999975]]],[[[22.1571405,38.34741480000002],[22.157119300000044,38.3469217],[22.156992,38.34739440000001],[22.1571405,38.34741480000002]]],[[[22.123577979790046,38.353950708216026],[22.125396229706332,38.35599161318993],[22.124717380192024,38.35381879127616],[22.123577979790046,38.353950708216026]]],[[[22.620058300000025,38.35705810000003],[22.61960080000002,38.35689170000004],[22.6193527,38.35704220000002],[22.620058300000025,38.35705810000003]]],[[[22.096011700000034,38.3599343],[22.101828300000054,38.3583864],[22.09586050000003,38.35753490000005],[22.096011700000034,38.3599343]]],[[[22.08093380000004,38.36574920000007],[22.08073460000004,38.36508580000003],[22.080541100000065,38.36560979999997],[22.08093380000004,38.36574920000007]]],[[[22.06028560000004,38.37437509999997],[22.074824100000114,38.36646440000004],[22.088366300000057,38.35589490000006],[22.06028560000004,38.37437509999997]]],[[[22.401958200000067,38.3787694],[22.40135740000004,38.3776528],[22.40068129999998,38.37846369999995],[22.401958200000067,38.3787694]]],[[[22.396200500000035,38.38172330000001],[22.396355100000036,38.381760200000045],[22.396193799999985,38.38157580000008],[22.396200500000035,38.38172330000001]]],[[[22.401908700000114,38.3828286],[22.404669800000015,38.38476149999999],[22.404952400000052,38.38314670000007],[22.401908700000114,38.3828286]]],[[[22.42408720000002,38.39094450000002],[22.4242865,38.39135270000004],[22.42498870000002,38.39096560000003],[22.42408720000002,38.39094450000002]]],[[[22.406108300000035,38.39100409999999],[22.40633110000003,38.39211559999995],[22.40650070000006,38.39107260000004],[22.406108300000035,38.39100409999999]]],[[[22.418051900000076,38.4175007],[22.417259900000012,38.418201900000014],[22.418177400000037,38.41809720000003],[22.418051900000076,38.4175007]]],[[[22.422654600000072,38.419815100000015],[22.421657800000048,38.41892790000006],[22.42133890000002,38.419317399999976],[22.422654600000072,38.419815100000015]]],[[[22.819937100000047,38.80801050000008],[22.820917,38.81023070000006],[22.822315500000045,38.80760940000004],[22.819937100000047,38.80801050000008]]],[[[22.817821617787523,38.81579863866085],[22.81914220000008,38.81547010000003],[22.817579184465405,38.81498749412338],[22.817821617787523,38.81579863866085]]],[[[22.82015748513083,38.81666669101301],[22.818876915778215,38.81752090122497],[22.820046300038047,38.817243119757585],[22.82015748513083,38.81666669101301]]],[[[22.819247145991067,38.81853135108018],[22.820185500000047,38.81776520000002],[22.81944734712448,38.81780979280182],[22.819247145991067,38.81853135108018]]],[[[22.819880200000036,38.81866820000007],[22.820302994143866,38.82082086216422],[22.82234228620678,38.819520895806576],[22.819880200000036,38.81866820000007]]],[[[22.811489900000108,38.826782800000046],[22.8174809,38.82558230000007],[22.82309160000003,38.821379],[22.811489900000108,38.826782800000046]]],[[[22.813044255262476,38.828575723907576],[22.812887386642203,38.82756475113207],[22.81253086705085,38.82838686195209],[22.813044255262476,38.828575723907576]]],[[[22.94349980000008,38.92638179999997],[22.943864916162752,38.925474924748166],[22.942857400000022,38.92621380000004],[22.94349980000008,38.92638179999997]]],[[[22.899868599999987,39.172981],[22.90163230000003,39.17650190000004],[22.90149613257053,39.172604927574575],[22.899868599999987,39.172981]]],[[[22.854848278330394,40.63071804054573],[22.862073742049777,40.63223321909381],[22.85901861484771,40.63061727078202],[22.854848278330394,40.63071804054573]]],[[[24.63123416104161,40.90861330259221],[24.53969950000007,40.956549],[24.42938440000002,40.9445825],[24.41336071980387,40.929619527435165],[24.39472840000007,40.934042900000016],[24.379788300000076,40.910059600000054],[24.344119200000065,40.900626600000045],[24.31686924407974,40.878402635076725],[24.33704839898033,40.85870025752919],[24.331671937515594,40.843414699084924],[24.30973885225116,40.84775144529681],[24.306588898613075,40.82830452797735],[24.34007153908961,40.82536345101392],[24.073980774596013,40.718853692709736],[23.913544700000035,40.755975400000054],[23.857155827036156,40.77782567579564],[23.855800291833567,40.79577720655492],[23.741859556095825,40.756466727772825],[23.716218667080614,40.72857983646792],[23.695918441544926,40.666805686311214],[23.74175633874312,40.65558816112906],[23.780008649370224,40.61616738595477],[23.783606910886146,40.59264049766764],[23.819969433380955,40.580007656941184],[23.833372787420547,40.557167636594],[23.883103705228308,40.559939015086705],[23.920569449179254,40.533301263680784],[23.823821405905484,40.50733175465802],[23.83108252158425,40.45264369623582],[23.871196,40.408592],[23.930194968000233,40.381066208382585],[23.998480353744437,40.38236072570174],[24.011200300000027,40.392623900000046],[23.9932751677096,40.44256900550018],[24.010352456138904,40.45047333394284],[24.0668669,40.36709620000006],[24.15650010000005,40.358554800000036],[24.192670873890233,40.34187850158049],[24.194308837519934,40.320174534589334],[24.248123901256434,40.31011330415297],[24.28541330504499,40.247559934199074],[24.37364360000007,40.19348650000006],[24.398386213454007,40.15581396422811],[24.39348303660021,40.137516986167974],[24.30515404366037,40.11443355876818],[24.279466664000346,40.163207905432635],[24.226870340779005,40.19052854288304],[24.221624200000036,40.2189448],[24.156537583415528,40.28382668905727],[24.03927115940427,40.29317097636658],[23.917835832970535,40.36490159873332],[23.849978270736088,40.36983629904203],[23.783400249454857,40.336781719520175],[23.735654321752598,40.35378135352975],[23.727533,40.3332557],[23.701214529220913,40.32502140397777],[23.693734025895093,40.28697339425918],[23.7369926,40.229717],[23.761406920239832,40.229822463814315],[23.758958819045393,40.213226009399456],[23.76637600452861,40.19900503878959],[23.91545130000004,40.15800890000004],[23.9978227,40.107563],[23.97935504680193,40.08373419793972],[24.00806760000003,40.05330760000004],[23.985465011095545,40.04130078844311],[24.017627,40.03692830000004],[24.02119890000005,40.00855290000008],[23.99588390000003,39.997153600000026],[23.99997930000002,39.9889407],[23.991879145161512,39.99138390087793],[23.987363230336822,39.98631233324216],[24.000501200000034,39.970853799999986],[23.96672290000005,39.963793500000044],[23.992071700000082,39.94816330000001],[23.947625200000022,39.9379582],[23.918856097126643,39.94806127341849],[23.932406567197773,39.95817423049283],[23.918977662587437,39.97093507877771],[23.901964706137917,39.96061473336163],[23.89182790000005,39.99435039999997],[23.81377652733993,40.02427917179537],[23.8125372,40.04284120000002],[23.785286,40.06638730000007],[23.792161806601815,40.088915483538294],[23.773008200000053,40.095888200000026],[23.77357571878405,40.11688300901418],[23.73250526143752,40.14262453280704],[23.719693724533478,40.172533668585224],[23.665716658391965,40.216678344486304],[23.538485400000074,40.235095800000025],[23.40216410000008,40.2793192],[23.331317275501497,40.21096018793313],[23.36295117962195,40.14658744243649],[23.41638538526565,40.12719087206864],[23.49443465422035,40.03343899810961],[23.66579918277464,39.981704761607695],[23.691112073765733,39.93424550888135],[23.744976092831898,39.934442834373705],[23.75015171810547,39.91612761587913],[23.593363988212896,39.92105394577032],[23.465772756834042,39.9698939786351],[23.355380030545444,39.953880812040026],[23.382204564604155,40.00142839859604],[23.30394948877345,40.099803007091985],[23.32285691110526,40.1293220309398],[23.326861777814738,40.1823570029146],[23.309850600000022,40.225912100000016],[23.01953864892036,40.32434036803323],[22.98006760000003,40.3690495],[22.935699501800997,40.38150458899441],[22.88765505916951,40.37309266994959],[22.90282850000007,40.397993],[22.865826900000037,40.43257650000001],[22.857039100000055,40.4641478],[22.814007258353502,40.479140485740054],[22.824193581563552,40.50606398544812],[22.910389079524123,40.505535793109736],[22.975872241836136,40.536883941272556],[22.980668618739447,40.552225208836916],[22.935557006437712,40.583153524780705],[22.948962143075285,40.595553334457925],[22.94660911377185,40.62785062614815],[22.894932964392787,40.643911566427164],[22.75706199926549,40.64947365673875],[22.623723672072433,40.68516939856781],[22.533524215441798,40.60969909652287],[22.517124314236252,40.5401043543149],[22.58408728163184,40.52295944425698],[22.602819643568953,40.48390517907076],[22.58597126425271,40.45982295790592],[22.606513200000013,40.44188039999998],[22.61984390000005,40.38731489999997],[22.661982398348204,40.36445853089127],[22.599327665850605,40.27114074494568],[22.590538259043747,40.2098249571412],[22.547976046477217,40.15382826779898],[22.594241200000063,40.012347099999964],[22.708211900000048,39.95309730000008],[22.734649135294482,39.8698003161824],[22.84643927771557,39.80291709750855],[22.903731600000064,39.62589590000007],[22.935666,39.573472199999955],[23.061093494476808,39.51799714568357],[23.207550468135533,39.364300501169176],[23.23222162386216,39.3416340652592],[23.271878486414895,39.31953580719021],[23.28274044996705,39.27457317556371],[23.351178900000026,39.187287],[23.30555095028369,39.140659396276625],[23.211287170311188,39.12777256600898],[23.205554335281057,39.116963509075696],[23.22588441951458,39.111348610313776],[23.203671911838384,39.09584953519045],[23.18827026548883,39.10475845584024],[23.072853626507065,39.08537933257867],[23.05036912427457,39.10061645670746],[23.078641127874484,39.14635415531451],[23.10861254152681,39.160085338451964],[23.110050503878977,39.13686056316314],[23.12214840201464,39.13592956918285],[23.098380429253037,39.114043056791814],[23.09447059773373,39.10709031533243],[23.0960273999496,39.101594029024795],[23.092949447477007,39.09666914005328],[23.094268569965234,39.0960788681022],[23.156279210900244,39.11960291209627],[23.15043228960097,39.132389836135495],[23.17715937497126,39.127411785492306],[23.17352287513875,39.14842782787573],[23.182388328978863,39.159947118415865],[23.200252917201414,39.144085872860835],[23.21256856280764,39.146803916733084],[23.222594,39.181137599999964],[23.18969220000002,39.207956800000055],[23.164454205131673,39.272335840051575],[23.121124800000025,39.304875],[23.019727500000077,39.31637150000004],[22.99341730000006,39.350727099999965],[22.931686656716174,39.36007439603368],[22.924939590018496,39.34973445142781],[22.94392830000008,39.34391530000002],[22.92525170000003,39.31962630000006],[22.946720758323597,39.299491672696725],[22.821592267892527,39.277262028442664],[22.8224946,39.20749690000004],[22.85019510000002,39.153724],[22.880134096375816,39.168771995259284],[22.869844700000026,39.186282700000056],[22.890757357102732,39.18891250809441],[22.887926800000017,39.169012],[22.911409200000026,39.15922149999997],[22.922393,39.112892],[22.94146240000001,39.11322140000005],[22.930869406094143,39.125458721508295],[22.934943041564146,39.13202808993897],[22.982759539799563,39.098254984015036],[22.99755654445324,39.039309287595465],[22.96161961999251,39.0327412865842],[22.960610400000036,39.00641930000004],[23.067194257765145,39.03878525298899],[23.056126842095836,39.01556041415863],[23.02578960000003,39.014852],[22.99057430000008,38.9441959],[22.93561476055676,38.94428463208901],[22.940271900000102,38.9285143],[22.917905136861087,38.91844551752217],[22.855505700000037,38.92646180000006],[22.831401700000043,38.88870180000007],[22.75088437364001,38.86927739884156],[22.70902516903116,38.88754406016233],[22.668976500000074,38.8807849],[22.613154453105615,38.91131256701489],[22.540662904996548,38.8845044868804],[22.523666735502232,38.84039994345386],[22.562456067049173,38.82018111880795],[22.69558265749428,38.83000750427232],[22.772239600000045,38.77775070000011],[22.8248383,38.78982940000004],[22.86506630000008,38.753837700000034],[22.898742,38.7766928],[22.968177300000026,38.74497770000008],[23.033847300000076,38.75589149999997],[23.063811800000053,38.7235081],[23.06251479551994,38.686240420830075],[23.085338189430775,38.64138464566046],[23.106592100000086,38.624816399999965],[23.1311814,38.63332630000007],[23.14018310000002,38.64645530000004],[23.189775600000026,38.64938710000009],[23.164300148539464,38.67485965090135],[23.195716654935705,38.68062655111622],[23.253130569938648,38.643846248387405],[23.312645300000057,38.642431],[23.340480800000023,38.6051159],[23.303941742108346,38.58833384282553],[23.284219078310773,38.558821921546176],[23.315867,38.5700108000001],[23.334664,38.531915],[23.378215900000054,38.525765800000045],[23.332107978229512,38.51803309013085],[23.33238150000005,38.49741549999997],[23.404181978831733,38.50986510915672],[23.513564600000016,38.47997910000004],[23.537916100000032,38.5106129],[23.551885100000018,38.5066263],[23.591855511814536,38.47343927644953],[23.56477294417195,38.451906156633605],[23.598237600000047,38.441940599999974],[23.593408215312177,38.41652722239172],[23.63289970000005,38.40986130000002],[23.631124600000017,38.3775691],[23.656833100000057,38.35127330000004],[23.954000400000034,38.285120499999955],[24.07230460000004,38.19998219999996],[24.057500700000023,38.18240829999998],[24.08011520000003,38.16341480000002],[24.060320500000074,38.15801590000006],[24.057822,38.122186500000076],[24.052706500000035,38.14223130000005],[24.035548900000038,38.1417722],[23.98056010000008,38.1030073],[24.002548900000065,38.0674626],[24.000037762483846,38.03354453299538],[24.031732100000056,37.992561899999984],[24.009487943457593,37.98014286029699],[24.017696700000048,37.94297710000004],[24.000845908561427,37.92518903693704],[24.031586300000026,37.9227492],[24.046653800000026,37.901498],[24.008416400000044,37.88874909999998],[24.024474800000025,37.87044170000002],[24.037966728420503,37.867796224598266],[24.044432900000025,37.87533409999999],[24.040377400000068,37.86331590000005],[24.057871500000076,37.85687660000002],[24.04758440894412,37.83640749909448],[24.060000500000083,37.82870719999997],[24.050044099999987,37.827673300000036],[24.04561166720484,37.82181150782027],[24.084762600000065,37.79613779999996],[24.081522500000055,37.744069700000075],[24.052179900000016,37.73209020000006],[24.072707,37.68450720000003],[24.052438700000017,37.6781894],[24.03340790000004,37.66005060000002],[24.030569800000038,37.64836749999998],[24.02109780000003,37.65757990000006],[23.937918400000026,37.671947199999984],[23.945568600000048,37.721221],[23.910224300000035,37.71913629999997],[23.9013,37.77413769999998],[23.835073427812166,37.8192654138569],[23.804797784108388,37.81979488059221],[23.788851400000045,37.7962989],[23.776601124982395,37.81286119415973],[23.774848574462816,37.79769986181124],[23.77021980000005,37.797869599999984],[23.773478013361547,37.81041637365407],[23.755954700000085,37.81358220000012],[23.768460118952053,37.81873729516811],[23.769058834186193,37.83453921040689],[23.73966860000006,37.84841770000003],[23.75044410000005,37.85904220000004],[23.68733323026307,37.939861457930725],[23.663302764023722,37.943402282894866],[23.632097400000024,37.9264433],[23.624156912885365,37.934142230856395],[23.640984637600603,37.94913768135484],[23.55623988240308,37.964433966901204],[23.569887800000036,37.99940979999999],[23.599105981077344,38.01099704524222],[23.59423962208841,38.033646462561926],[23.52306643080484,38.04469003990397],[23.451246700000027,38.023707700000024],[23.387320257124156,37.980150896049466],[23.41752470000005,37.97374670000003],[23.420846100000045,37.9692389],[23.243336400000068,37.97605030000004],[23.16629890000008,37.9489257],[23.1389066,37.9215752],[23.057856100000024,37.912249500000094],[23.016036300000028,37.92403560000003],[23.017598900000024,37.90011610000005],[22.992025700000042,37.87958290000001],[23.011525900000013,37.84457610000002],[23.112987100000037,37.847806],[23.178586248849253,37.803364799283045],[23.17862300347271,37.77663968281159],[23.11689,37.755546],[23.11892142494045,37.73040648916182],[23.175727506411718,37.71607685110972],[23.15051444090613,37.67563464433917],[23.169844976276337,37.65087214282264],[23.15973580000005,37.61668080000006],[23.331619400000072,37.532331],[23.36856050000002,37.552541300000044],[23.307416599999986,37.617912299999986],[23.34348590000004,37.636681],[23.398409900000036,37.637426700000056],[23.41543040000004,37.61327289999998],[23.4072958000001,37.59223280000004],[23.38755254270771,37.57797224130352],[23.386827500000056,37.5608275],[23.365052500000015,37.560304100000046],[23.419214800000056,37.52860670000003],[23.38666115626306,37.51862895631659],[23.3912747,37.50921820000004],[23.4777715,37.485949800000014],[23.478055100000024,37.475028300000034],[23.519272900000065,37.45565780000001],[23.516961600000027,37.43041570000003],[23.410004305163632,37.4039769436561],[23.33965761332965,37.415310586162406],[23.300240807301844,37.40556902509647],[23.309638768040962,37.39318720065783],[23.267379312470823,37.40596069257522],[23.247152767650725,37.38722926967122],[23.26046980000007,37.3844153],[23.224668265418263,37.373867053293964],[23.276614581818034,37.34651607601775],[23.19309251360446,37.34103216606466],[23.179556653116794,37.322379031967934],[23.200649062284565,37.2917496050853],[23.184093400000044,37.29538890000003],[23.16931295506324,37.28561986218093],[23.13603250000002,37.30877870000009],[23.15412250000003,37.32491870000012],[23.127066800000062,37.31389390000007],[23.110213592584813,37.33267190138128],[23.13821560000004,37.3261287],[23.124468725197573,37.34238184397313],[23.065949470566522,37.35242040679416],[23.07433481135677,37.37700451926843],[23.063311225589935,37.39181456944414],[23.101555304134912,37.390673972311255],[23.1120038,37.42272839999998],[23.143285700338243,37.4146754507489],[23.12326808075047,37.4498168426187],[23.05652559135314,37.451057148969525],[23.041914748419373,37.48154297484891],[23.003127024444556,37.4601162873158],[22.980479,37.51394180000003],[22.93616960000005,37.52046190000005],[22.929218700000025,37.53511390000002],[22.899991429465025,37.53787856661943],[22.929136800000077,37.52444309999998],[22.897447500000062,37.53292230000005],[22.868563300000083,37.52748160000005],[22.852015,37.51269890000003],[22.820089400000082,37.527936],[22.821775100000032,37.5438913],[22.78090469564662,37.58925490403329],[22.718279600000017,37.56493310000001],[22.73891760000003,37.5164845],[22.7275061164483,37.48625792659403],[22.771885800000074,37.4239057],[22.753706288207194,37.392162843335726],[22.81677830000005,37.337453600000075],[22.838568076122634,37.27885000874574],[22.862931400000033,37.27018739999997],[22.854777700000025,37.25478810000007],[22.91186350339794,37.18988191536724],[22.891750100000074,37.144384299999984],[22.89704580000007,37.119776],[22.918636719620785,37.10807100620532],[22.95497721926231,37.11880376165732],[22.95425868353992,37.09772518602483],[22.984141740152328,37.08495066545198],[22.98477684906221,37.07214498952619],[22.964183100000064,37.07012279999997],[23.005255194783548,37.02415378101532],[23.006174539693976,36.98398421908812],[22.991676076309442,36.972344944834305],[23.009867400000026,36.96905180000001],[23.019864892004666,36.945432990091746],[23.010391100000042,36.94027370000007],[23.051298035981894,36.86136930883452],[23.03874580000007,36.85761930000008],[23.08997948670709,36.81874663366912],[23.08921960000005,36.784917],[23.078562100000056,36.78992310000003],[23.074721373138495,36.785941212645795],[23.110378936837982,36.773260301263356],[23.084209400000024,36.75996240000006],[23.085961963387973,36.729083775923094],[23.057679736668412,36.74559489414268],[23.026383700000036,36.72808170000004],[23.03969421157918,36.686790740772615],[23.02520630000001,36.65665419999998],[23.031841948301945,36.62652000407101],[23.074324822816095,36.57978788997772],[23.15234367843276,36.53680939999999],[23.129214579111792,36.49785261324128],[23.195829378432737,36.45921],[23.19831789160401,36.43535755636098],[23.086069178432773,36.439601400000036],[23.052791039494053,36.51487470266695],[23.019991237083065,36.52850113848755],[22.968376478432766,36.51993580000002],[22.937718878432687,36.55950110000007],[22.937136725096327,36.58332955607452],[22.868709259047208,36.63025466064339],[22.884063369451226,36.63986728560627],[22.87043243707239,36.66414145224539],[22.838096110130177,36.688693857073524],[22.82126073485858,36.65460436415621],[22.806550800511655,36.67199360334863],[22.821045251686844,36.711353517789355],[22.785445500000026,36.796976899999954],[22.622784936665436,36.80505557810594],[22.564842548698117,36.77481919334621],[22.576031700000073,36.73310120000003],[22.522247370512606,36.70797417857924],[22.52169119995001,36.680850880783595],[22.547859737960582,36.67216986227299],[22.550776088822577,36.64961391957357],[22.515131239467795,36.668875622612234],[22.49899980000004,36.660395399999985],[22.528562311942434,36.61654689048454],[22.509794002361115,36.60258006967788],[22.496067049045134,36.61975837210107],[22.476213560867887,36.614534651599094],[22.472320366929527,36.52714727209714],[22.50379019688125,36.487099677342115],[22.501720387232464,36.443651657345754],[22.481529100000046,36.433121],[22.50060417843275,36.40114860000007],[22.485536600000074,36.401771400000044],[22.483075,36.3854134],[22.458312400000068,36.452058400000055],[22.399876160764766,36.482243862666884],[22.392632757255775,36.466067286069965],[22.3681280037344,36.47770789356924],[22.346854567128144,36.51442296034852],[22.36455630000002,36.54643570000001],[22.391219865085002,36.54099759816989],[22.38709849860813,36.57440061225774],[22.37168259147494,36.57678271716953],[22.3869496,36.59235970000008],[22.363739334978018,36.60664441010827],[22.376260303028868,36.61706122297469],[22.362657899999988,36.63888289999998],[22.382706177241776,36.64539698793699],[22.36085940000011,36.6651333],[22.389123529887414,36.69320997099398],[22.34832342784486,36.69844700381002],[22.31309929221216,36.77125963962621],[22.300889100000045,36.76982470000005],[22.29636910000008,36.8143179],[22.257950900000022,36.83887940000003],[22.226545200000103,36.89367030000005],[22.201466700000033,36.905744000000134],[22.17051210000009,36.88973949999996],[22.125595899711282,36.914898566529885],[22.14649590000008,36.938982700000054],[22.15533438723063,36.99641655713366],[22.142328552535478,37.02052853490193],[22.037638697510317,37.032658589487006],[21.930771100000076,36.98326990000008],[21.921324434608874,36.86390742756631],[21.938313300000075,36.8081271],[21.967639,36.79409560000007],[21.935058300000104,36.7796552000001],[21.933509800000053,36.75820630000009],[21.877522300000095,36.717843299999984],[21.82272290000011,36.803475800000015],[21.768167,36.799123799999975],[21.760300884646853,36.78580851778536],[21.71652978600903,36.8165481450923],[21.70380420000005,36.812879],[21.679445594320473,36.888477820502054],[21.710325500000042,36.94317940000007],[21.65724380000008,36.95082800000016],[21.64105784743153,37.003674437318075],[21.573350498784865,37.059536608546345],[21.582238037032905,37.090831907245864],[21.56538139461748,37.16235702731438],[21.576619422348376,37.192687303326785],[21.67062924915127,37.257426485314554],[21.698585373343924,37.31103190032246],[21.65207439999999,37.43451720000006],[21.55211990000008,37.55314390000012],[21.412013100000074,37.64080729999998],[21.33703093302313,37.66341962110243],[21.310359100000042,37.632331],[21.31016460694554,37.66402452266334],[21.301282864987158,37.678852815881584],[21.31956594934461,37.705348097376906],[21.30360076436098,37.758049047824876],[21.27711070000007,37.78324460000011],[21.1048449,37.85020910000006],[21.1261225190133,37.93816367551978],[21.197320016200067,37.93453232818287],[21.308212072529738,38.03109040807377],[21.365322130601786,38.12002458214534],[21.374195457582793,38.21706311674053],[21.410224872529792,38.19113960105198],[21.452875500000083,38.1988553],[21.53178260000008,38.15514680000006],[21.606891200000014,38.143103199999985],[21.672809100000073,38.168918599999984],[21.71495480000007,38.2110857],[21.745919500000063,38.28126330000002],[21.78092960335773,38.30911394705878],[21.826113800000037,38.31678690000006],[21.849633899621697,38.3389426902048],[21.878510500000058,38.32480339999998],[21.958538750815208,38.32638586042265],[22.01881320000008,38.31010870000003],[22.026821794808694,38.28507823825121],[22.07781832211923,38.253873572235946],[22.109308200000033,38.26615],[22.14828325875941,38.218518063190835],[22.21658310100975,38.18009906435785],[22.33479051322563,38.17690848940702],[22.3535417,38.15012790000005],[22.390695813884644,38.1358547209536],[22.49099610000003,38.13587869999997],[22.638300300000058,38.0780943],[22.726102100000023,38.035247500000054],[22.799958300000053,37.965755600000065],[22.89598620000003,37.931907900000056],[22.949497700000066,37.9425196],[22.976499300000057,37.97815230000004],[22.912578047073353,38.016469061809346],[22.84906950000005,38.02802210000005],[22.88546830000007,38.05363780000003],[22.909530200000077,38.054682600000135],[22.91983172985879,38.067137281040985],[22.9385418780167,38.06613803959798],[22.960061400555144,38.07990167020749],[23.024274500000033,38.0540922],[23.14243120000005,38.0654288],[23.2160718,38.09995730000005],[23.217047300000033,38.11696809999999],[23.178381430302874,38.12655219366427],[23.17567217383089,38.14363169235548],[23.224789500000046,38.15279929999998],[23.124321160568552,38.16400745336214],[23.142913600000025,38.18317690000002],[23.111683905517857,38.20725797358828],[23.067092821527257,38.17046323135105],[23.028081090282736,38.179446592630335],[23.051308300000077,38.1950674],[23.023645300000073,38.21404379999998],[22.955757500000033,38.2108481],[22.950857100000036,38.22411829999997],[22.918071,38.20245080000003],[22.944096,38.208264600000064],[22.969091200000044,38.18912439999998],[22.91305810000003,38.195848600000076],[22.905831700000075,38.182875900000056],[22.892241500000033,38.23688350000003],[22.88153940000007,38.222109099999976],[22.864274600000066,38.23322580000003],[22.778715800000036,38.233266],[22.7626697,38.24667670000004],[22.797188200000065,38.27571289999998],[22.69238310000002,38.316686100000084],[22.67360120000004,38.3432339],[22.688258398868797,38.362469882767144],[22.65770540000005,38.38593479999996],[22.628186036112595,38.37530306141491],[22.64805843813852,38.366481582617396],[22.63656887016204,38.34923298435493],[22.619087526195884,38.363947673251694],[22.594202458714516,38.35254148722682],[22.5855390326429,38.326498085211945],[22.608047302848163,38.316922871153565],[22.588592,38.304935],[22.584177374144033,38.27863368931999],[22.5514082237573,38.281846467024174],[22.51851334945527,38.32700151813792],[22.535982400000037,38.34493119999996],[22.455447,38.42711730000004],[22.4184072,38.432118900000056],[22.40371960000004,38.4494817],[22.398111600000068,38.432232],[22.416554500000064,38.412425600000034],[22.3731113,38.391934],[22.402326700000046,38.364000899999986],[22.382964600796054,38.3646092514472],[22.37890027745382,38.34756469600653],[22.39527641068653,38.348589905688435],[22.37758243408899,38.33207899581811],[22.3582885,38.348558],[22.29838220000005,38.3559812],[22.285280847020843,38.33815829964951],[22.24936760000008,38.36252640000004],[22.191798795874703,38.33796430121042],[22.185430800000017,38.320226500000054],[22.166406100000057,38.34410160000007],[22.154784600000024,38.35028639999999],[22.150960300000044,38.3430721],[22.135564300000038,38.348547900000014],[22.12582048802023,38.367026569486676],[22.051044400000023,38.3950376],[22.00565291939106,38.38944069844135],[21.9355938,38.4070849],[21.8796021166401,38.367645363321074],[21.831785600000014,38.393278600000016],[21.787798100000014,38.374781699999964],[21.766789810724532,38.32922255929665],[21.63883112508899,38.35722202042633],[21.519048600000065,38.31189940000005],[21.4667396,38.367419200000064],[21.42399,38.3586671],[21.420515250908142,38.38257138263405],[21.37563814927119,38.415006159307836],[21.358271921519748,38.459553495438264],[21.318769550789906,38.49963141675695],[21.300325603926908,38.48281405561175],[21.346127207260693,38.4353895966727],[21.332709466814627,38.38890710222569],[21.241995212013844,38.34626085314118],[21.17357923936338,38.351795743477744],[21.141946930339685,38.387428068995625],[21.126572479727713,38.385745900000025],[21.122754435241195,38.413945363483805],[21.15056534016965,38.405910863650384],[21.2075246281036,38.48461292810709],[21.17016134047905,38.50721870157687],[21.160906053019637,38.46069538045518],[21.14232980963195,38.44769053196506],[21.115472000411366,38.44804792966932],[21.09176775822757,38.466337133786574],[21.106670277149128,38.48074332363982],[21.073273898621753,38.48379091891346],[21.1012015390898,38.48646384862225],[21.08359870598938,38.49254227096935],[21.0950134797277,38.53281380000002],[21.02780915349448,38.50221803625513],[21.008683279727695,38.53440330000006],[21.01486507972767,38.53567750000001],[21.022862506399033,38.60595827178749],[20.98927836088686,38.6451935872616],[20.988368179727637,38.669963400000135],[20.91454544611758,38.67386373670551],[20.875554086802083,38.79177348376098],[20.848173382180736,38.79485789973551],[20.804490679727706,38.759020733035236],[20.772135579727728,38.754611932462794],[20.754181079727687,38.78639563659101],[20.730448379727665,38.7941711],[20.727959379727665,38.81487239999996],[20.751514467724885,38.857926125175005],[20.8011615956457,38.86780776026336],[20.75390660940612,38.90581815210279],[20.764273379727673,38.95781090000001],[20.81010117972766,38.91821450000005],[20.840204758743177,38.92093871041453],[20.86295487972766,38.95732620000007],[20.87532867972767,38.9348682],[20.864267900016625,38.93287982945512],[20.883294079727705,38.924494],[20.868858179727603,38.91732350000007],[20.908025704967628,38.92203693798546],[20.919420589510864,38.94843266182851],[20.94422568474851,38.932502426343476],[20.97911622989887,38.94524953556746],[20.996447849795953,38.92063430108083],[21.02386057972771,38.927087900000046],[21.019253979727726,38.89716430000005],[21.081972779727693,38.862537200000055],[21.098481679727712,38.91341],[21.15030757972767,38.89336060000002],[21.174334475894263,38.86668390195259],[21.165782979727616,38.906053100000065],[21.13979867972766,38.9228302],[21.15355573896833,38.993291693128185],[21.118498879727717,39.04074639999998],[21.082407085206263,39.046030230656775],[21.075515779727674,39.023515300000014],[21.06192807972764,39.0420599],[21.051196779727697,39.01770940000008],[21.038218879727708,39.0223546],[21.054360825578257,39.01490115448615],[21.018851526041633,39.012795926308634],[20.954676379727633,39.0366287],[20.92220907972763,39.00425120000005],[20.897241479727676,39.0314745],[20.831593279727613,39.03438409999998],[20.816995679727672,39.058703],[20.79618917972769,39.06102189999997],[20.762244979727722,39.035629800000045],[20.755672033900794,39.006995908283386],[20.83129212404889,38.95991613824752],[20.7585145286731,38.97205717130687],[20.758328455907215,38.984131510654414],[20.75698330148673,38.95066785321151],[20.727022279727677,38.9495987],[20.699953790055257,38.9974369492814],[20.714875979727736,39.01291770000005],[20.705136779727674,39.048377200000076],[20.578630579727708,39.13659730000004],[20.531791266759754,39.18956194564018],[20.47511637972765,39.21900670000002],[20.47781197972771,39.27617410000007],[20.463178379727697,39.269928700000015],[20.44124226902713,39.28232980533144],[20.340472079727608,39.2838216],[20.33476977972767,39.29443550000002],[20.287406822412677,39.326171451338446],[20.281514751335482,39.37965034860937],[20.26368638559661,39.396494583534796],[20.230993879727674,39.40138650000005],[20.23990187972761,39.4087198],[20.21351217972765,39.44537140000004],[20.27358544915218,39.44499070460161],[20.212795689751356,39.491981830467154],[20.256256579727683,39.483551],[20.260919298401053,39.50875958750186],[20.17364853137448,39.512859029479074],[20.156283795827857,39.523121063862774],[20.203040006491506,39.51871181242206],[20.16737140976817,39.53632494307826],[20.13872803159373,39.531577216569076],[20.164489879727707,39.5539307],[20.1874804828234,39.62445416694085],[20.113451163648445,39.65978970324473],[20.104717931034063,39.65886106185023],[20.10172928551534,39.65030965791273],[20.060200152993264,39.6834034337756],[20.02363550369679,39.677641382031936],[20.01957697972766,39.691464500000016],[20.003984143817558,39.69470663366368],[19.99971437972769,39.68590239999996],[19.98304931340912,39.68928571824473],[19.99941277972769,39.7428635],[20.023406579727713,39.742829],[20.050988979727673,39.757913600000045],[20.050755079727708,39.80265860000002],[20.014841679727663,39.812942],[20.02114387972764,39.76995369999998],[20.006024679727666,39.76841660000004],[20.023148279727707,39.76568320000003],[20.023931479727697,39.745276099999984],[19.994933379727694,39.74371250000005],[20.000096579727728,39.75067040000005],[19.995554174889122,39.755566023257174],[19.97707094971547,39.74463399288248],[19.984254749070203,39.769132146208854],[19.996447579727676,39.766089400000055],[20.007808179727718,39.77956580000004],[19.993864879727678,39.7988621],[20.003151179727695,39.80152750000001],[20.01366337972769,39.81878560000006],[20.019993079727683,39.85892350000003],[19.95531098313011,39.89638210095853],[19.91462496735677,39.90061611930189],[19.937099962400165,39.942121894832965],[19.864153257948136,40.0366470834848],[19.836534479727707,40.0513308],[19.796463679727637,40.04685549999997],[19.79132977972769,40.06790940000002],[19.776764479727674,40.07126080000003],[19.777033079727705,40.05763960000004],[19.767895479727716,40.0797935],[19.7489265797277,40.0795035],[19.751256179727694,40.098738099999984],[19.657513879727606,40.1260004],[19.47321257972768,40.21373069999997],[19.379688663717612,40.29869896479548],[19.363906729803734,40.35126616920268],[19.289609253449797,40.41999790680097],[19.320491779727732,40.438703899999965],[19.3559383797277,40.42342730000006],[19.401588179727643,40.382475],[19.42182225782984,40.32134960433835],[19.485289766698877,40.348186834887414],[19.477613015932178,40.39562989469076],[19.493679900000036,40.44633940000005],[19.40526567440579,40.499036540495446],[19.385946568949972,40.52324423924297],[19.405093780445565,40.51156378514189],[19.412152868355903,40.524482728066054],[19.445760781841244,40.498443542127696],[19.453337224093733,40.5613483971102],[19.395932491579902,40.57788436321903],[19.380242255487207,40.54406327382994],[19.31181401432345,40.66826369739207],[19.36030913529412,40.70245031618279],[19.37182814554654,40.82177438881237],[19.416099800000037,40.91755690000005],[19.453922102341554,40.94522011984925],[19.43316816505657,40.924690869930814],[19.456966863517174,40.91423959616014],[19.43615638714201,40.89996526882342],[19.434017269593422,40.87642678272724],[19.44209838033249,40.89098210185437],[19.445425896519215,40.8785833282915],[19.48154294735299,40.88420158807115],[19.525085873452838,40.90931803416818],[19.526797167491637,40.943581741983486],[19.500248341916674,40.98356949651935],[19.461606088325937,40.920304123230544],[19.453742316478632,40.92638567189814],[19.47640722569767,40.97560353093863],[19.441889095160278,41.00017651460336],[19.457994652558682,41.08200794428046],[19.43496942894583,41.14792657698234],[19.47088135933495,41.158880199911415],[19.518791600000018,41.26334530000005],[19.488084906074885,41.30634657094931],[19.467837207318862,41.31513543216387],[19.452432946932493,41.302463147729256],[19.420517025052344,41.32514227198219],[19.422632374628133,41.382733820664356],[19.39158049231821,41.413117556794795],[19.435939780201867,41.40640706703998],[19.511239800000062,41.49353820000002],[19.506524335948452,41.53922067560678],[19.47020505877023,41.54967109241099],[19.442495785693367,41.58842881543048],[19.52454120000004,41.56927739999997],[19.55752354270955,41.57722150185473],[19.582915660276782,41.604602693527326],[19.569087241066057,41.651995878348885],[19.582520906359996,41.70767920166456],[19.572095221486023,41.74961140197843],[19.575264170445315,41.76635930509502],[19.60008543823094,41.77026712712796],[19.60103749690401,41.79816264287052],[19.470341719817913,41.85440351921449],[19.414815430316736,41.86322903929189],[19.368610491268107,41.8473670123173],[19.305864627709056,41.889156718804124],[19.16251404199065,41.94022707733532],[19.146619210206275,41.95348541956939],[19.16832037669095,41.95057480537451],[19.13830041973973,41.97657044891529],[19.152328100000048,41.9828774],[19.14158020000005,42.0437208],[19.07423487405431,42.08861257542199],[19.09127127390103,42.09779035669495],[19.06101430000005,42.13376969999998],[19.025349135294032,42.13938031618272],[19.03022229546283,42.642025436462546],[18.97212819968515,42.908944254900774],[18.79989047009846,43.16169972013582],[18.803697607707722,43.41106723354698],[18.906490323159638,43.5176670866082],[19.201543487882617,43.68898827902795],[19.18003861231806,43.745847570139944],[19.24190459846964,43.802954634279914],[19.14196723622473,43.86957954244313],[19.232386754446285,43.969516904688035],[19.47985069905264,43.945722294629675],[19.589305905320817,44.03138289083959],[19.47985069905264,44.0599364229095],[19.40846686887777,44.15035594113106],[19.379913336807796,44.14559701911941],[19.24190459846964,44.288364679469254],[19.113413704154752,44.29312360148085],[19.08961909409647,44.46444479390072],[19.199074300364646,44.5215518580406],[19.170520768294704,44.63576598632043],[19.337083038702865,44.859435320868506],[19.349799000299043,44.97557907539597],[19.30985655286786,45.2879860749459],[19.75478398960164,45.25460519628958],[19.890445038290505,45.333671726257805],[20.044634111468472,45.230879010805914],[20.233087423130012,45.22897544200131],[20.32826586336323,45.118568451330724],[20.400601477940672,44.86158666270106],[20.61247413782785,44.93081915104337],[20.655304435932813,44.802328256728615],[20.836143472375895,44.74522119258865],[21.045536040888983,44.740462270577],[21.212098311297144,44.826122866786896],[21.383419503716897,44.87847100891513],[21.60708883826494,44.77853364667024],[21.635642370334885,44.71666766051865],[21.840276016836345,44.730944426553705],[22.097257805465958,44.55962323413388],[22.235266543804176,44.56914107815721],[22.22098977776919,44.6690784404021],[22.335203906049024,44.71666766051865],[22.444659112317197,44.78805149069358],[22.49852560379324,44.73818284265754],[22.61273973207308,44.736398246903114],[22.675200583476116,44.60076896957087],[22.530648327371942,44.575784629009654],[22.473968619980816,44.50181215861949],[22.48960262502137,44.42052479837934],[22.607385944809963,44.30452607434511],[22.9448530019619,44.18495815880217],[23.044790364206776,44.04397509420675],[22.948422193470616,44.04040590269801],[22.902022703856968,43.96723747676865],[22.89085018820226,43.91741653558765],[23.03361784855211,43.833659508182336],[23.303367342288983,43.872195150144755],[23.567676920237982,43.87265390178695],[23.9281652626211,43.78699330557704],[24.557995747327354,43.78416671926115],[24.61146620189665,43.741374095955514],[24.582912669826673,43.3035532708827],[23.19568690342763,41.9710551076177],[23.03150409402532,41.690278708929775],[23.685855870628686,41.595100268696484],[24.17798789315954,41.31536488419858],[24.556322193086533,40.995922244165904],[24.58539913529395,40.9342703161819],[24.712875584600553,40.89482292997348],[24.63123416104161,40.90861330259221]],[[21.121689702085792,38.44912011216224],[21.121452022358145,38.44912011216224],[21.121509859548166,38.449115417308825],[21.121689702085792,38.44912011216224]],[[19.434266,41.87863330000004],[19.434510800000034,41.87910180000003],[19.434020400000065,41.87870110000004],[19.434266,41.87863330000004]]],[[[23.272959078432738,35.90403960000007],[23.28918457843277,35.8820359000001],[23.31489387843269,35.88393170000001],[23.326172878432732,35.82239570000008],[23.28963117843275,35.8524577],[23.272959078432738,35.90403960000007]]],[[[23.303097778432775,35.89261790000005],[23.30197317843273,35.89369010000004],[23.3021868784328,35.89396129999999],[23.303097778432775,35.89261790000005]]],[[[23.2146589784328,35.93785680000004],[23.214429378432747,35.9372016],[23.21383617843276,35.937523699999964],[23.2146589784328,35.93785680000004]]],[[[23.205743578432774,35.95960970000002],[23.2083632784327,35.958790899999975],[23.20864617843272,35.958479400000044],[23.205743578432774,35.95960970000002]]],[[[23.242740778432747,35.977161300000105],[23.246187778432773,35.971446],[23.24194707843275,35.9751426],[23.242740778432747,35.977161300000105]]],[[[22.99435517843273,36.096076899999964],[22.999725978432785,36.09555580000004],[22.998413978432747,36.090887600000066],[22.99435517843273,36.096076899999964]]],[[[22.99542877843271,36.09934680000001],[22.995623478432787,36.09928930000006],[22.995581178432715,36.09924270000006],[22.99542877843271,36.09934680000001]]],[[[23.101730078432798,36.112175],[23.10165897843274,36.11150160000001],[23.101232478432717,36.11198440000004],[23.101730078432798,36.112175]]],[[[23.09470677843274,36.120291300000034],[23.095481978432808,36.1199834],[23.09461527843274,36.120179],[23.09470677843274,36.120291300000034]]],[[[23.057964678432715,36.14492070000005],[23.057721802603425,36.145181857854254],[23.058135561551314,36.145051169646834],[23.057964678432715,36.14492070000005]]],[[[23.107305505685336,36.22615255227891],[23.113495678432727,36.21947990000003],[23.104257390301317,36.22349602931358],[23.107305505685336,36.22615255227891]]],[[[23.11240164426111,36.23762491107968],[23.110733132573248,36.234220140431084],[23.11045167843274,36.23597470000005],[23.11240164426111,36.23762491107968]]],[[[22.951670478432803,36.3849863],[22.98600831870932,36.32129420128566],[23.10367404466301,36.24345638657368],[23.092328308594205,36.22008258039049],[23.054197978432686,36.21791349999997],[23.047762978432765,36.1301955],[22.998643478432694,36.145705],[22.98921699503214,36.13322898426898],[22.975113079995392,36.151528465780196],[22.96413747843278,36.1547177],[22.958138673292503,36.151457556392515],[22.95226730457691,36.16367585787791],[22.940960205426556,36.15770828035262],[22.907859224269185,36.19989959857946],[22.91357507843273,36.205376],[22.91100087843269,36.21029810000002],[22.91645057843275,36.21278],[22.900386573632886,36.23152842626216],[22.92588847843273,36.2485944],[22.91313288750573,36.27302685899985],[22.91977187843274,36.277027100000055],[22.923089741214763,36.286747517801125],[22.891031499553883,36.3198809147368],[22.921946530748176,36.36528109134346],[22.921106878432735,36.37646290000007],[22.951670478432803,36.3849863]]],[[[23.093138678432723,36.26453690000013],[23.0952950589895,36.26474569190777],[23.09573347394699,36.26390664638503],[23.093138678432723,36.26453690000013]]],[[[23.0789385784327,36.2744322],[23.086035778432816,36.26729910000007],[23.08080927843274,36.263172799999985],[23.0789385784327,36.2744322]]],[[[23.07383647843272,36.45779660000002],[23.074410387518,36.45840659632473],[23.07414699526726,36.45779117889793],[23.07383647843272,36.45779660000002]]],[[[23.163112461864415,36.485780136505824],[23.163352619910864,36.48634307243555],[23.1633976775376,36.48572280781621],[23.163112461864415,36.485780136505824]]],[[[22.990357478432735,36.51894080000002],[22.99000877843279,36.519108499999966],[22.990362378432785,36.51901180000009],[22.990357478432735,36.51894080000002]]],[[[23.06217192975541,36.59429140373042],[23.061602,36.59492759999996],[23.062622775308256,36.59452268887482],[23.06217192975541,36.59429140373042]]],[[[23.046856607097666,36.61468174425491],[23.04836429010084,36.61545192567103],[23.048422400000057,36.614549100000076],[23.046856607097666,36.61468174425491]]],[[[23.053891400000026,36.6855836],[23.04965540000001,36.690223600000046],[23.059205,36.689753],[23.053891400000026,36.6855836]]],[[[23.08878680000003,36.752176],[23.090145111957625,36.750510915432656],[23.089562641936173,36.75016916336355],[23.08878680000003,36.752176]]],[[[23.07969980000002,36.78567659999999],[23.0802551,36.784648],[23.0793683000001,36.78508469999998],[23.07969980000002,36.78567659999999]]],[[[23.010714222491437,36.97015170118227],[23.011511571648565,36.96979458878258],[23.010201,36.969559900000036],[23.010714222491437,36.97015170118227]]],[[[23.157086600000024,37.225997],[23.179163881308977,37.220836903452316],[23.180026500000064,37.21571249999998],[23.157086600000024,37.225997]]],[[[23.19021611071379,37.2253399409856],[23.18982117640398,37.22677810301131],[23.19220896048346,37.224994679096575],[23.19021611071379,37.2253399409856]]],[[[23.186985300000043,37.22868359999997],[23.18646648243089,37.227993556567725],[23.186151787371525,37.228784311360165],[23.186985300000043,37.22868359999997]]],[[[23.091676274374947,37.277011355047335],[23.168065399405915,37.26341380379392],[23.163514400000064,37.23913210000002],[23.114139494548226,37.24847499219236],[23.091676274374947,37.277011355047335]]],[[[23.31287520000006,37.25942370000011],[23.313229944123993,37.26032566627834],[23.314833600000046,37.26041270000001],[23.31287520000006,37.25942370000011]]],[[[23.317272280231997,37.26067981341172],[23.31865193587042,37.262314655941424],[23.31925462611913,37.26144644757288],[23.317272280231997,37.26067981341172]]],[[[23.31492790000001,37.263493],[23.313624228990484,37.26289613007786],[23.3136606615905,37.26366526489094],[23.31492790000001,37.263493]]],[[[23.352659062113748,37.26643190762654],[23.354613800000052,37.26861740000003],[23.354070879695797,37.26688587171078],[23.352659062113748,37.26643190762654]]],[[[23.276051982789834,37.27443095413651],[23.287675400000044,37.26556409999996],[23.27393779336109,37.259524994698616],[23.276051982789834,37.27443095413651]]],[[[23.34107633478776,37.2779909037735],[23.34156174543,37.27642883055595],[23.33976373405334,37.276836645401154],[23.34107633478776,37.2779909037735]]],[[[23.080125700000043,37.2840934],[23.080547100000036,37.283415],[23.079895100000066,37.283922],[23.080125700000043,37.2840934]]],[[[23.187619358689897,37.29285920438024],[23.188192700000027,37.29261680000001],[23.187887327569758,37.29232017125373],[23.187619358689897,37.29285920438024]]],[[[23.13749490000005,37.30343480000002],[23.13970870000004,37.3004386],[23.13564420000003,37.30163130000007],[23.13749490000005,37.30343480000002]]],[[[23.205390782070726,37.30528449408517],[23.204006340977152,37.30747719894609],[23.205860262481668,37.30583312441021],[23.205390782070726,37.30528449408517]]],[[[23.13706630000004,37.3165738000001],[23.137290700000026,37.316354],[23.137062300000075,37.31629990000005],[23.13706630000004,37.3165738000001]]],[[[23.351661050933554,37.34768388956744],[23.358108083447448,37.33288167556138],[23.330932660887353,37.32155867146818],[23.282527500000057,37.3344977],[23.351661050933554,37.34768388956744]]],[[[23.21544547841749,37.340910356222906],[23.214840208681313,37.34054085617403],[23.214923396585966,37.34114554481363],[23.21544547841749,37.340910356222906]]],[[[23.067902700000083,37.36104839999997],[23.062826358945603,37.36095605290865],[23.06777044921371,37.36205250557966],[23.067902700000083,37.36104839999997]]],[[[23.262711487509378,37.3654876400375],[23.263682700000054,37.365681],[23.26378840594266,37.36531983127729],[23.262711487509378,37.3654876400375]]],[[[23.124242258515576,37.42686588470496],[23.118112773353488,37.42352717857469],[23.11544880000003,37.4269877],[23.124242258515576,37.42686588470496]]],[[[23.316966532953355,37.68491048308798],[23.314095361843723,37.6793426305665],[23.309151623509305,37.679372728189996],[23.316966532953355,37.68491048308798]]],[[[23.339659030733664,37.71078408483506],[23.373420655275503,37.69367564304531],[23.323431421544495,37.67648330065395],[23.339659030733664,37.71078408483506]]],[[[23.235331147466916,37.70315533147941],[23.236530644053396,37.701700958515],[23.23553564819887,37.70212988258807],[23.235331147466916,37.70315533147941]]],[[[23.26951899948722,37.7096239619413],[23.256703308574117,37.69788975037357],[23.251987742778248,37.70524641563756],[23.26951899948722,37.7096239619413]]],[[[23.176697239700342,37.71779154633185],[23.17611640125809,37.716263255946345],[23.175406200000054,37.717153700000026],[23.176697239700342,37.71779154633185]]],[[[23.175456952470622,37.76051325228598],[23.172571200000032,37.76394950000005],[23.175941976145218,37.76329267603761],[23.175456952470622,37.76051325228598]]],[[[23.327526579994544,37.80449652461588],[23.3378355,37.7982818],[23.322535900000034,37.800639],[23.327526579994544,37.80449652461588]]],[[[23.321274234587555,37.80168985889665],[23.318654400000025,37.80071550000004],[23.321314400000073,37.80297439999999],[23.321274234587555,37.80168985889665]]],[[[23.26283860000002,37.80273420000006],[23.259925200000083,37.80034139999998],[23.257254700000033,37.80166070000005],[23.26283860000002,37.80273420000006]]],[[[23.2477157000001,37.80517640000005],[23.25209470000005,37.80255910000004],[23.242898500000056,37.80451010000002],[23.2477157000001,37.80517640000005]]],[[[23.323140370089117,37.80447105402182],[23.323308455405055,37.80579258819735],[23.324189556618784,37.805397922611185],[23.323140370089117,37.80447105402182]]],[[[23.324004166431276,37.80706547989819],[23.324061209565844,37.80609649849015],[23.323833037027367,37.80604016197062],[23.324004166431276,37.80706547989819]]],[[[23.286795900000037,37.8101851],[23.287209,37.80944819999998],[23.285776300000034,37.8099716],[23.286795900000037,37.8101851]]],[[[23.264046600000068,37.81034009999998],[23.2630891,37.80937910000005],[23.262216800000054,37.80994980000005],[23.264046600000068,37.81034009999998]]],[[[23.236444881423754,37.810988816995604],[23.24694700823728,37.811302068944634],[23.25658990000006,37.813992199999966],[23.24971253375864,37.805441231189526],[23.236444881423754,37.810988816995604]]],[[[23.263331212211675,37.82611449265064],[23.257208582428287,37.81615622852562],[23.252131743446395,37.82290035816557],[23.263331212211675,37.82611449265064]]],[[[23.04313570000001,37.8460749],[23.04285490000008,37.8467112],[23.043594400000025,37.846317400000025],[23.04313570000001,37.8460749]]],[[[23.144637,37.86077309999999],[23.14424260000004,37.85833990000003],[23.135504700000066,37.85862760000004],[23.144637,37.86077309999999]]],[[[23.08329979293479,37.86831199433962],[23.087794036692877,37.866841178782664],[23.08777733015723,37.86624719665072],[23.08329979293479,37.86831199433962]]],[[[22.995613534211927,38.067687419380675],[22.996540485149612,38.06834982536139],[22.99667911595479,38.06823639780015],[22.995613534211927,38.067687419380675]]],[[[22.994894924662088,38.068516081716936],[22.99442988916839,38.06878768364912],[22.995212518848124,38.068845288225035],[22.994894924662088,38.068516081716936]]],[[[22.99293830000005,38.109226100000015],[22.99706790000004,38.11763109999996],[22.998985300000033,38.1045003],[22.99293830000005,38.109226100000015]]],[[[22.990926900000044,38.180240499999975],[22.991833500000077,38.1801823],[22.99186780000005,38.18005329999998],[22.990926900000044,38.180240499999975]]],[[[23.006797700000057,38.18381819999998],[22.99687130000002,38.17745390000007],[22.991226300000047,38.181344],[23.006797700000057,38.18381819999998]]],[[[22.99217610000003,38.204973899999985],[22.99219360000004,38.204980100000014],[22.99218650000003,38.204966700000014],[22.99217610000003,38.204973899999985]]],[[[22.9922294,38.205076],[22.992245,38.20506280000003],[22.992234600000067,38.2050515],[22.9922294,38.205076]]],[[[23.300263762562107,38.576634387662146],[23.298950467828455,38.5765282993773],[23.300405067761474,38.57691850415389],[23.300263762562107,38.576634387662146]]],[[[23.3100215,38.5865936],[23.309874228109653,38.58548017826369],[23.307581826982005,38.58551987029464],[23.3100215,38.5865936]]],[[[23.123438100000044,38.6374653],[23.125247,38.6358223],[23.123965200000058,38.63467520000003],[23.123438100000044,38.6374653]]],[[[23.10017430000002,38.64707980000002],[23.122901800000065,38.64496440000006],[23.102386600000024,38.6332509],[23.10017430000002,38.64707980000002]]],[[[23.094575017845276,38.645738803243695],[23.094658205749933,38.64472709548774],[23.09399270251263,38.64572023992728],[23.094575017845276,38.645738803243695]]],[[[23.087875222456635,38.67418935158803],[23.08777097148307,38.673311511230665],[23.086924503546147,38.6737996757608],[23.087875222456635,38.67418935158803]]],[[[23.0969277,38.68183019999998],[23.103462100000044,38.67249710000007],[23.095081900000032,38.66551780000001],[23.08683854271135,38.66616481803989],[23.0969277,38.68183019999998]]],[[[23.090263903719187,38.683976941363596],[23.091233161162375,38.68310741336278],[23.089741008318423,38.6831698637458],[23.090263903719187,38.683976941363596]]],[[[23.055501820763013,38.94372083747345],[23.056144927402833,38.94351283896004],[23.055533469178307,38.943054260595574],[23.055501820763013,38.94372083747345]]],[[[23.067195400000024,39.005652],[23.06679710000003,39.0052066],[23.067031400000086,39.00568390000007],[23.067195400000024,39.005652]]],[[[23.073325100000073,39.01147950000002],[23.0671445,39.006152900000025],[23.05929330000004,39.0094993],[23.073325100000073,39.01147950000002]]],[[[23.059602477799825,39.01466583536974],[23.059275700000025,39.014025899999986],[23.058901900000073,39.01452320000007],[23.059602477799825,39.01466583536974]]],[[[23.341682,39.017344600000065],[23.34128780000002,39.016565300000025],[23.341193900000082,39.01728450000003],[23.341682,39.017344600000065]]],[[[23.345861700000057,39.04206],[23.34620780000005,39.042566500000056],[23.346831900000016,39.04152680000004],[23.345861700000057,39.04206]]],[[[23.334681,39.050464],[23.335651,39.044074],[23.329969,39.045297],[23.334681,39.050464]]],[[[23.16606481653391,39.14605402777401],[23.164805605575847,39.14624716676914],[23.165229592693798,39.14722542610228],[23.16606481653391,39.14605402777401]]],[[[23.064845900000023,39.15061280000003],[23.093966,39.1683116],[23.089152,39.15787219999996],[23.064845900000023,39.15061280000003]]],[[[23.208853966648938,39.170791958536725],[23.208198148541385,39.15928278130277],[23.19659801149446,39.151513953938704],[23.208853966648938,39.170791958536725]]],[[[23.202434424144666,39.16285215805602],[23.20215020993151,39.163117510560035],[23.20237838247006,39.16319122462415],[23.202434424144666,39.16285215805602]]],[[[23.056020800000027,39.1754106],[23.055983400000038,39.17412730000002],[23.055331300000063,39.1743957],[23.056020800000027,39.1754106]]],[[[23.047155200000066,39.176850600000016],[23.047477400000083,39.17658830000005],[23.047147600000063,39.17659390000005],[23.047155200000066,39.176850600000016]]],[[[23.054724300000014,39.17620380000003],[23.048541100000023,39.17913730000005],[23.054933500000026,39.18339],[23.054724300000014,39.17620380000003]]],[[[23.321708041309716,39.23099010683844],[23.321634302311978,39.231301656914546],[23.322093353638888,39.23110641132326],[23.321708041309716,39.23099010683844]]],[[[23.320472106726143,39.23265625827564],[23.320575034579903,39.23297344972258],[23.32113760996345,39.23266546342224],[23.320472106726143,39.23265625827564]]],[[[23.243239183813323,39.3392600693479],[23.242680203014203,39.33978867358196],[23.24329307106653,39.33942546208887],[23.243239183813323,39.3392600693479]]],[[[23.23634536713628,39.342360137414715],[23.23675964290149,39.34171696653728],[23.23625029524517,39.34197412530894],[23.23634536713628,39.342360137414715]]],[[[23.115103300000044,39.46311809999999],[23.115027500000078,39.463141600000014],[23.11506720000003,39.46318670000007],[23.115103300000044,39.46311809999999]]],[[[23.114447100000028,39.464874500000064],[23.114385100000028,39.46487069999998],[23.114391600000033,39.46491529999999],[23.114447100000028,39.464874500000064]]],[[[23.534564078432716,35.272916400000014],[23.525483478432776,35.26590359999996],[23.52217067843278,35.26818809999999],[23.534564078432716,35.272916400000014]]],[[[23.540550478432777,35.270263100000065],[23.54056657843277,35.27017339999997],[23.540459278432724,35.27022589999997],[23.540550478432777,35.270263100000065]]],[[[23.53865687843272,35.2715465],[23.538581778432764,35.271783],[23.53874267843273,35.27169540000003],[23.53865687843272,35.2715465]]],[[[23.538050678432786,35.2717348],[23.53794337843281,35.2720151],[23.53820627843271,35.271818],[23.538050678432786,35.2717348]]],[[[23.536106678432763,35.27314959999996],[23.535679678432743,35.273190900000074],[23.535545578432757,35.27340769999997],[23.536106678432763,35.27314959999996]]],[[[23.48166447843274,35.58612710000003],[23.478511220717106,35.588420455215555],[23.481067678432748,35.587167],[23.48166447843274,35.58612710000003]]],[[[23.47707673643355,35.589248586439666],[23.47704517843269,35.589305],[23.477207336705536,35.58920716090228],[23.47707673643355,35.589248586439666]]],[[[23.450419600000075,36.93149260000005],[23.469359600000026,36.913634600000044],[23.468833100000047,36.90722429999999],[23.450419600000075,36.93149260000005]]],[[[23.444863970999005,37.25603380505884],[23.450461900000043,37.251261],[23.442038493987813,37.253018686637944],[23.444863970999005,37.25603380505884]]],[[[23.36669010000003,37.27454070000002],[23.361200677324938,37.27205661322501],[23.364124137974642,37.27457589112936],[23.36669010000003,37.27454070000002]]],[[[23.3746381384054,37.286930196587754],[23.366625678604105,37.281668471135276],[23.364047873644864,37.28254635653885],[23.3746381384054,37.286930196587754]]],[[[23.38885110000003,37.29438550000006],[23.385880785654507,37.29487112741205],[23.388610076917338,37.295753451348446],[23.38885110000003,37.29438550000006]]],[[[23.358333705223785,37.30862814544821],[23.35970087615017,37.30806938406956],[23.35614390000008,37.307369800000075],[23.358333705223785,37.30862814544821]]],[[[23.458203300000047,37.31145670000009],[23.459496900000058,37.31168670000003],[23.459801500000026,37.31116659999997],[23.458203300000047,37.31145670000009]]],[[[23.378013397957567,37.315895068146034],[23.367011290061534,37.30913558871945],[23.364751057869487,37.31048001949647],[23.378013397957567,37.315895068146034]]],[[[23.4040975262275,37.32854590528782],[23.40444490000006,37.329769899999974],[23.40473829524366,37.32947251700704],[23.4040975262275,37.32854590528782]]],[[[23.398575300000026,37.329696300000066],[23.399166899999987,37.329557600000015],[23.39929930000004,37.32943060000003],[23.398575300000026,37.329696300000066]]],[[[23.40749538008395,37.33186136074488],[23.406699,37.32985209999999],[23.405974502522508,37.331103050898484],[23.40749538008395,37.33186136074488]]],[[[23.517750252130543,37.370321865499555],[23.57942814144693,37.364428234771],[23.502462692050262,37.342062229364124],[23.503490895477494,37.31812487920494],[23.447915194562317,37.31687691413398],[23.400493901065843,37.29345383830441],[23.394622646036243,37.301337413254544],[23.363331187296957,37.29923227433573],[23.517750252130543,37.370321865499555]]],[[[23.426243556998365,37.33641204906603],[23.42596282879995,37.33563482065847],[23.42576819754307,37.335761967612925],[23.426243556998365,37.33641204906603]]],[[[23.503881100000065,37.34106149999999],[23.503432425338982,37.34133661126963],[23.504211,37.34131130000004],[23.503881100000065,37.34106149999999]]],[[[23.443185100000054,37.347744],[23.443115800000065,37.3469304],[23.442561,37.34721190000005],[23.443185100000054,37.347744]]],[[[23.451918600000013,37.34966590000005],[23.451373300000018,37.349237400000035],[23.450899400000065,37.3492683],[23.451538200000044,37.34963160000004],[23.451918600000013,37.34966590000005]]],[[[23.49123620000005,37.420593],[23.492112799999987,37.41994120000005],[23.491056400000065,37.4202797],[23.49123620000005,37.420593]]],[[[23.520339900000064,37.433095500000036],[23.51991160000004,37.43358890000001],[23.521115400000014,37.433508],[23.520339900000064,37.433095500000036]]],[[[23.52966640000003,37.43881870000012],[23.53073090000005,37.43305989999999],[23.523153400000083,37.43408479999999],[23.52966640000003,37.43881870000012]]],[[[23.547534800000015,37.442859699999985],[23.540061100000027,37.436178600000105],[23.534678,37.439122900000044],[23.535191700000077,37.441174200000056],[23.547534800000015,37.442859699999985]]],[[[23.521004200000043,37.44997850000003],[23.52090670000003,37.4499378],[23.520917,37.44999210000003],[23.521004200000043,37.44997850000003]]],[[[23.478908116266165,37.4813367744577],[23.479561242211968,37.48159592247151],[23.479403044912104,37.48103590333537],[23.478908116266165,37.4813367744577]]],[[[23.470176300000112,37.49056740000006],[23.470719200000072,37.48966020000008],[23.469729300000076,37.49016560000004],[23.470176300000112,37.49056740000006]]],[[[23.474302900000033,37.4907531],[23.475571,37.49005750000002],[23.474116800000083,37.4897744],[23.474302900000033,37.4907531]]],[[[23.46943380000003,37.49121130000006],[23.46994610000006,37.4910393],[23.469491400000013,37.490894699999956],[23.46943380000003,37.49121130000006]]],[[[23.533872100000067,37.510441600000036],[23.526987267447517,37.50767908849235],[23.53495429191721,37.51324471793808],[23.533872100000067,37.510441600000036]]],[[[23.430538800000022,37.516300200000025],[23.429570800000025,37.516858600000056],[23.43084230000003,37.516372400000044],[23.430538800000022,37.516300200000025]]],[[[23.42508810000004,37.52264370000008],[23.42466,37.52288710000006],[23.42465340000008,37.523383500000044],[23.42508810000004,37.52264370000008]]],[[[23.507108,37.5245387],[23.507220600000036,37.52451],[23.507118,37.52445260000002],[23.507108,37.5245387]]],[[[23.483749,37.55789670000004],[23.48311010000003,37.53120219999998],[23.491189500000093,37.53767670000002],[23.502446100000082,37.52229169999997],[23.524292300000052,37.523302],[23.5111547,37.507611099999984],[23.46028880000005,37.507137200000045],[23.4620052,37.49361650000004],[23.4568773,37.50707420000003],[23.43398760000002,37.5195753],[23.421832700000046,37.518043699999986],[23.475587800000074,37.53401839999999],[23.483749,37.55789670000004]]],[[[23.48587330000012,37.55375280000003],[23.48651360000005,37.551834100000036],[23.483643600000047,37.552322900000014],[23.48587330000012,37.55375280000003]]],[[[23.389108600000057,37.575865200000074],[23.38852830000008,37.57539660000004],[23.38821450000008,37.5757149000001],[23.389108600000057,37.575865200000074]]],[[[23.391388693511463,37.5751466837996],[23.389522927704757,37.57592904597797],[23.39064713276132,37.576469058058734],[23.391388693511463,37.5751466837996]]],[[[23.50853780000007,37.576986400000045],[23.50784120000003,37.5754602],[23.50559260000004,37.575764900000024],[23.50853780000007,37.576986400000045]]],[[[23.474894100000036,37.612636],[23.47478090000002,37.6124001],[23.474545700000043,37.61257230000004],[23.474894100000036,37.612636]]],[[[23.476847,37.61307690000003],[23.476957200000047,37.61299670000006],[23.47682320000007,37.613025],[23.476847,37.61307690000003]]],[[[23.47733240000002,37.61322550000004],[23.47727330000005,37.61325750000002],[23.477275900000098,37.61327740000005],[23.47733240000002,37.61322550000004]]],[[[23.476733800000055,37.61326330000006],[23.4764688,37.6131925],[23.47680230000003,37.61337650000007],[23.476733800000055,37.61326330000006]]],[[[23.476998900000048,37.61348270000004],[23.477153800000035,37.61348270000004],[23.476995900000045,37.613426],[23.476998900000048,37.61348270000004]]],[[[23.47805910000009,37.6135652],[23.477368200000047,37.6136714],[23.478800700000054,37.61417620000002],[23.47805910000009,37.6135652]]],[[[23.479378400000083,37.61450890000001],[23.4793278,37.6146834],[23.47941410000007,37.614648],[23.479378400000083,37.61450890000001]]],[[[23.432022100000026,37.6969509],[23.443617100000026,37.693406],[23.423011300000102,37.6861527],[23.432022100000026,37.6969509]]],[[[23.381225526643302,37.726027279028045],[23.378039247179363,37.7195046620913],[23.37673025874452,37.719379630464736],[23.381225526643302,37.726027279028045]]],[[[23.41746,37.76184460000002],[23.565375508950822,37.76464414972582],[23.535798900000035,37.74267130000003],[23.52541,37.692904],[23.48147949418463,37.67369925802236],[23.45020609101313,37.68739087605434],[23.467993,37.697520800000056],[23.46295883137595,37.71445360285638],[23.434197700000013,37.7288729],[23.41746,37.76184460000002]]],[[[23.385767956376313,37.812175436561446],[23.38122339789192,37.80986751213038],[23.380233700000023,37.813355100000024],[23.385767956376313,37.812175436561446]]],[[[23.462280200000034,37.8139871],[23.462790800000032,37.81341130000001],[23.462081600000037,37.81344670000002],[23.462280200000034,37.8139871]]],[[[23.465725800000047,37.816565200000056],[23.472992500000053,37.81262120000005],[23.463832900000032,37.81507840000007],[23.465725800000047,37.816565200000056]]],[[[23.36038164294219,37.81690574229755],[23.360766684100945,37.814044211686294],[23.356375100000026,37.81640330000004],[23.36038164294219,37.81690574229755]]],[[[23.45446851901766,37.818227920726756],[23.456412225281415,37.81660367582906],[23.453686403203044,37.81695015360166],[23.45446851901766,37.818227920726756]]],[[[23.449661656615973,37.81875889200985],[23.45139866831887,37.8190962920077],[23.449397160451113,37.81783615621329],[23.449661656615973,37.81875889200985]]],[[[23.457722500000067,37.875113],[23.456675400000048,37.876285],[23.458374800000055,37.8750926],[23.457722500000067,37.875113]]],[[[23.4599198,37.87602080000002],[23.460014200000042,37.87675930000002],[23.460512,37.8763121],[23.4599198,37.87602080000002]]],[[[23.499160900000074,37.89651949999998],[23.497948600000107,37.8957067],[23.497176100000065,37.89653640000006],[23.499160900000074,37.89651949999998]]],[[[23.39678240000003,37.90502270000006],[23.40254409999999,37.903211900000045],[23.393557400000024,37.9035449],[23.39678240000003,37.90502270000006]]],[[[23.39202650000005,37.90290760000002],[23.39195940000002,37.904047699999985],[23.3932074,37.90356770000007],[23.39202650000005,37.90290760000002]]],[[[23.49126502950212,38.001951320462986],[23.539052915536573,37.98350850755387],[23.52943508651873,37.9756930769845],[23.52524720000003,37.96240190000001],[23.550746278404244,37.953323842352916],[23.537760400000032,37.9483313],[23.579256900000086,37.9470297],[23.53928030000004,37.94107150000002],[23.54629562324884,37.925741926188465],[23.512409494486413,37.91338640313528],[23.515721119559345,37.89684593347182],[23.490298742569472,37.900923132224776],[23.450876500000078,37.873195],[23.401558300000065,37.89491530000003],[23.412303149620097,37.920371293903784],[23.40508719308968,37.929899292844034],[23.46925020000006,37.9241658],[23.50087212331894,37.96392340269722],[23.42360226501654,37.95135267968133],[23.451404200000063,37.97167119999997],[23.418605400000068,37.98372410000004],[23.47333922444535,37.98022630231832],[23.4678345619538,37.99571432497045],[23.49126502950212,38.001951320462986]]],[[[23.406560242627744,37.95999429427449],[23.397434324046568,37.96071863867725],[23.397028091493446,37.96242078669957],[23.406560242627744,37.95999429427449]]],[[[23.542155705540797,37.96476564762489],[23.53896129000158,37.96090918091453],[23.534383578447713,37.96260695068881],[23.542155705540797,37.96476564762489]]],[[[23.363614,37.966236],[23.36867430000007,37.96396040000005],[23.362901500000042,37.9658695],[23.363614,37.966236]]],[[[23.410381200000035,37.967855],[23.423538700000034,37.96721410000006],[23.426431100000027,37.96571310000003],[23.41444919999998,37.965684],[23.410381200000035,37.967855]]],[[[23.36353270000005,37.969686800000034],[23.361524200000044,37.969123400000015],[23.361425200000046,37.97103880000006],[23.36353270000005,37.969686800000034]]],[[[23.5346181397397,37.97815119809338],[23.533326809686372,37.9772997196989],[23.532435911919823,37.97794440874986],[23.5346181397397,37.97815119809338]]],[[[23.53674266858414,37.995534511828986],[23.541905072268005,37.99198311195863],[23.535188243165518,37.9879145248499],[23.53674266858414,37.995534511828986]]],[[[23.499809500000048,38.49392930000005],[23.505450900000046,38.490562500000074],[23.505151600000016,38.4868313],[23.499809500000048,38.49392930000005]]],[[[23.551108,38.507171400000026],[23.551386900000033,38.50682719999998],[23.5508827,38.5071462],[23.551108,38.507171400000026]]],[[[23.3903176,38.52168130000002],[23.38794180000008,38.51903310000004],[23.384386900000074,38.52026159999998],[23.3903176,38.52168130000002]]],[[[23.438928,38.89099230000004],[23.4378282,38.89043980000005],[23.437272800000027,38.89085650000002],[23.438928,38.89099230000004]]],[[[23.432279400000038,38.948837900000015],[23.433032200000046,38.948390299999986],[23.43224660000005,38.94787410000002],[23.432279400000038,38.948837900000015]]],[[[23.434694065934448,38.950332589341286],[23.435020970890616,38.95061705112148],[23.435071189347774,38.95044161375939],[23.434694065934448,38.950332589341286]]],[[[23.4425333,38.954229099999985],[23.443768800000026,38.955445200000035],[23.444098900000068,38.955207500000064],[23.4425333,38.954229099999985]]],[[[23.44967170000005,38.95619850000003],[23.450740600000053,38.9558677],[23.449567900000037,38.95598870000002],[23.44967170000005,38.95619850000003]]],[[[23.45343870000003,38.9568199],[23.45263960000009,38.957400900000074],[23.45333490000002,38.9576511],[23.45343870000003,38.9568199]]],[[[23.49389070000008,39.1282823],[23.506395200000046,39.11624190000002],[23.49953430000004,39.11506140000002],[23.49389070000008,39.1282823]]],[[[23.482402800000074,39.1238533],[23.481977900000047,39.1268476],[23.48470450000006,39.12456750000011],[23.482402800000074,39.1238533]]],[[[23.422862400000028,39.13098],[23.42257090000008,39.13084330000006],[23.422627700000017,39.13103610000004],[23.422862400000028,39.13098]]],[[[23.422347100000028,39.1312014],[23.422361300000116,39.131730400000016],[23.42254950000008,39.1316478],[23.422347100000028,39.1312014]]],[[[23.423570500000032,39.13199780000004],[23.423878500000065,39.13221519999998],[23.424110900000045,39.1320401],[23.423570500000032,39.13199780000004]]],[[[23.41891360000008,39.1354838],[23.418929700000074,39.13653150000005],[23.420455900000047,39.135913100000025],[23.41891360000008,39.1354838]]],[[[23.46913560000006,39.13849990000006],[23.468527100000095,39.13877389999996],[23.468718500000048,39.13903040000008],[23.46913560000006,39.13849990000006]]],[[[23.525910100000065,39.14660650000004],[23.526318,39.146339400000045],[23.52596450000003,39.146339400000045],[23.525910100000065,39.14660650000004]]],[[[23.53000760000004,39.1466979],[23.526635300000017,39.148244599999956],[23.531603,39.14801260000004],[23.53000760000004,39.1466979]]],[[[23.516768300000034,39.15566650000006],[23.518915100000033,39.145214200000034],[23.51331570000002,39.153298100000036],[23.516768300000034,39.15566650000006]]],[[[23.5020499,39.1501615],[23.501288600000038,39.153484200000015],[23.50298830000003,39.15282509999997],[23.5020499,39.1501615]]],[[[23.495492300000056,39.161264],[23.49523140000007,39.16057410000004],[23.495274300000037,39.16123960000003],[23.495492300000056,39.161264]]],[[[23.461683,39.20986720000003],[23.51215230000004,39.18725109999998],[23.50670290000003,39.15826010000002],[23.50144940000003,39.16977340000005],[23.477068300000077,39.1613292],[23.46005060000007,39.12738160000002],[23.444753900000045,39.1419104],[23.390120100000026,39.141369],[23.390306300000045,39.162499200000035],[23.443353400000046,39.18144069999999],[23.441308200000062,39.19795980000004],[23.461683,39.20986720000003]]],[[[23.518260900000033,39.172682],[23.52148040000003,39.16908929999998],[23.51863020000003,39.16741989999995],[23.518260900000033,39.172682]]],[[[23.515630900000048,39.17683740000001],[23.51592450000002,39.176367500000055],[23.51524530000005,39.176508600000055],[23.515630900000048,39.17683740000001]]],[[[23.516655800000024,39.180456900000074],[23.5166097,39.179898300000026],[23.51570850000005,39.17994490000001],[23.516655800000024,39.180456900000074]]],[[[23.49292660000007,39.2000596],[23.4931466,39.200138600000045],[23.49307680000002,39.20000969999997],[23.49292660000007,39.2000596]]],[[[23.46212960000003,39.21207590000003],[23.461107400000046,39.211470400000046],[23.461174500000077,39.21207890000004],[23.46212960000003,39.21207590000003]]],[[[23.462235200000045,39.213390800000035],[23.46133440000005,39.2127846],[23.46188710000007,39.21437840000002],[23.462235200000045,39.213390800000035]]],[[[23.670641178432717,35.22127850000002],[23.67144337843277,35.221947900000046],[23.672082478432767,35.2211191],[23.670641178432717,35.22127850000002]]],[[[23.635564978432807,35.230691600000014],[23.63603467843275,35.23074890000005],[23.636080278432807,35.23067],[23.635564978432807,35.230691600000014]]],[[[23.55920507843273,35.474559300000074],[23.558901178432734,35.473604799999976],[23.557970478432683,35.474131],[23.55920507843273,35.474559300000074]]],[[[23.564047178432777,35.481610300000014],[23.564647478432704,35.48176320000002],[23.564333078432767,35.48070959999998],[23.564047178432777,35.481610300000014]]],[[[23.567780778432734,35.4816636],[23.565724678432723,35.48138750000003],[23.5653791784328,35.48185889999996],[23.567780778432734,35.4816636]]],[[[23.5621346784328,35.5046985],[23.56262067843278,35.503821100000046],[23.561772878432734,35.50387650000002],[23.5621346784328,35.5046985]]],[[[23.575009678432796,35.594186400000076],[23.575340478432807,35.59469319999997],[23.57532397843279,35.5941796],[23.575009678432796,35.594186400000076]]],[[[23.589351378432738,35.60004410000005],[23.589682378432798,35.60055079999997],[23.589665678432798,35.600037499999985],[23.589351378432738,35.60004410000005]]],[[[23.577820478432727,35.60337430000003],[23.57877177843273,35.60361070000001],[23.578440978432784,35.603104],[23.577820478432727,35.60337430000003]]],[[[23.581070378432734,35.61640590000004],[23.577878178432748,35.6051711],[23.574303578432744,35.6114129],[23.581070378432734,35.61640590000004]]],[[[23.576066578432748,35.64789720000005],[23.59339387843278,35.63995290000001],[23.59404857843271,35.634050299999984],[23.576066578432748,35.64789720000005]]],[[[23.60085940000006,36.769468],[23.600438600000036,36.770153],[23.601470200000026,36.7699355],[23.60085940000006,36.769468]]],[[[23.60239310000003,36.77106619999997],[23.603492500000026,36.77037039999998],[23.60148370000007,36.770587899999974],[23.60239310000003,36.77106619999997]]],[[[23.87862429902918,36.84733319047435],[23.897524,36.83872330000011],[23.87423197766286,36.84424047706933],[23.87862429902918,36.84733319047435]]],[[[23.873662300000046,36.84597640000007],[23.873606800000054,36.84599489999999],[23.873626800000068,36.846025700000034],[23.873662300000046,36.84597640000007]]],[[[23.873625,36.846185600000034],[23.873677700000034,36.84608],[23.873629900000083,36.846115700000034],[23.873625,36.846185600000034]]],[[[23.893036700000042,37.72901750000001],[23.893159300000065,37.7290137],[23.89299990000002,37.728940900000026],[23.893036700000042,37.72901750000001]]],[[[23.8930383000001,37.729081800000046],[23.89275760000004,37.72930010000009],[23.893098400000028,37.72933929999997],[23.8930383000001,37.729081800000046]]],[[[23.893312,37.729270100000015],[23.89353590000005,37.72937050000006],[23.89331560000003,37.7291929],[23.893312,37.729270100000015]]],[[[23.890182700000057,37.76098670000012],[23.890209200000015,37.7610861],[23.890276700000037,37.76100250000009],[23.890182700000057,37.76098670000012]]],[[[23.890302600000094,37.761156],[23.89029050000003,37.761105500000056],[23.890270300000036,37.7611163],[23.890302600000094,37.761156]]],[[[23.889862500000024,37.761149400000065],[23.889914,37.76116509999998],[23.889915900000062,37.7611454],[23.889862500000024,37.761149400000065]]],[[[23.890692700000024,37.76123250000004],[23.890686400000025,37.76117020000002],[23.89066190000008,37.761186],[23.890692700000024,37.76123250000004]]],[[[23.8903436,37.7616469],[23.890133200000044,37.7611058],[23.889609100000065,37.76139949999997],[23.8903436,37.7616469]]],[[[23.8895367,37.761421400000074],[23.88950750000002,37.7613868],[23.88946920000008,37.76142420000004],[23.8895367,37.761421400000074]]],[[[23.764021,37.762989800000035],[23.763506,37.76233839999995],[23.76316270000004,37.76265059999998],[23.764021,37.762989800000035]]],[[[23.873377700000027,37.76375079999997],[23.87327160000002,37.763723500000026],[23.87328020000005,37.76374389999999],[23.873377700000027,37.76375079999997]]],[[[23.8725957,37.764325700000015],[23.872578900000104,37.76361260000002],[23.87167440000003,37.7640944],[23.8725957,37.764325700000015]]],[[[23.87272950000004,37.7652033],[23.872805800000034,37.76482370000003],[23.872537499999986,37.76499550000005],[23.87272950000004,37.7652033]]],[[[23.75706870000002,37.775785900000024],[23.763205600000013,37.76355979999997],[23.75210770000003,37.77020910000007],[23.75706870000002,37.775785900000024]]],[[[23.55018685518987,37.775767970782],[23.55201142765584,37.774830225896835],[23.550174116837514,37.775398185544674],[23.55018685518987,37.775767970782]]],[[[23.76777250000008,37.78022869999999],[23.76661310000006,37.77887940000011],[23.766810500000027,37.7801684],[23.76777250000008,37.78022869999999]]],[[[23.88511980000007,37.7833702],[23.884124700000076,37.78358989999998],[23.885180600000034,37.78390569999996],[23.88511980000007,37.7833702]]],[[[23.82309130000004,37.79065410000002],[23.823765300000044,37.790568400000026],[23.824794,37.78959589999998],[23.82309130000004,37.79065410000002]]],[[[23.76858580000004,37.794371199999965],[23.769051800000035,37.793733900000014],[23.76842450000005,37.79431930000003],[23.76858580000004,37.794371199999965]]],[[[23.808113000000112,37.79493440000002],[23.80794920000005,37.79456030000011],[23.80780049999999,37.79466509999999],[23.808113000000112,37.79493440000002]]],[[[23.80947580000004,37.7979585],[23.809716,37.797188100000064],[23.80928740000006,37.7977027],[23.80947580000004,37.7979585]]],[[[23.84518030000006,37.806186299999986],[23.843858500000024,37.806491500000014],[23.846038600000043,37.807251],[23.84518030000006,37.806186299999986]]],[[[23.752524,37.813970500000075],[23.753397,37.81390770000002],[23.75259020000004,37.813636400000085],[23.752524,37.813970500000075]]],[[[23.76125910000001,37.81827430000004],[23.76067540000007,37.81785390000002],[23.76074410000003,37.81832850000007],[23.76125910000001,37.81827430000004]]],[[[23.745778500000032,37.83678580000003],[23.745145300000075,37.83441589999997],[23.743479600000043,37.83578389999998],[23.745778500000032,37.83678580000003]]],[[[23.74264450000003,37.83604389999997],[23.742161900000045,37.8353614],[23.74191180000001,37.835751400000056],[23.74264450000003,37.83604389999997]]],[[[23.745975800000092,37.83788980000003],[23.745685600000016,37.837263],[23.745472400000075,37.83751370000007],[23.745975800000092,37.83788980000003]]],[[[23.6579328,37.93425930000004],[23.657454900000058,37.93481010000004],[23.658120400000072,37.93442680000004],[23.6579328,37.93425930000004]]],[[[23.57335310000005,37.935082900000054],[23.57160430000006,37.9352352],[23.572848800000045,37.93581060000003],[23.57335310000005,37.935082900000054]]],[[[23.583382,37.9408349],[23.589227100000045,37.93833710000003],[23.58069550000011,37.93670570000002],[23.583382,37.9408349]]],[[[23.56066960000007,37.98844520000002],[23.559845600000063,37.9883911],[23.559141800000045,37.988594],[23.56066960000007,37.98844520000002]]],[[[23.560405813828936,37.99854696928871],[23.556935689805734,37.999333616216944],[23.561998268004025,38.00013898409236],[23.560405813828936,37.99854696928871]]],[[[23.808483,38.37921810000005],[23.808112600000022,38.37854460000004],[23.807884400000052,38.37913970000004],[23.808483,38.37921810000005]]],[[[23.821810400000025,38.380089],[23.822818,38.380835100000056],[23.822778100000072,38.37980889999998],[23.821810400000025,38.380089]]],[[[23.813545599999987,38.3856802],[23.814128,38.38386880000003],[23.81468020000008,38.3812876],[23.813545599999987,38.3856802]]],[[[23.799030679719003,38.38230773713465],[23.800669859580832,38.38615050864463],[23.80216724186475,38.38598283509502],[23.799030679719003,38.38230773713465]]],[[[23.612375900000046,38.42131870000002],[23.611989700000077,38.421562400000084],[23.612470900000083,38.42163010000002],[23.612375900000046,38.42131870000002]]],[[[23.60200785030023,38.444579541638625],[23.604547919459165,38.44617075462247],[23.60483192394016,38.444204689004565],[23.60200785030023,38.444579541638625]]],[[[23.57106390000005,38.491214],[23.570970100000046,38.4915349],[23.571235600000033,38.491214],[23.57106390000005,38.491214]]],[[[24.047518,38.68267819999998],[24.155728400000054,38.650955299999985],[24.122345275877382,38.62899079856881],[24.131368737722116,38.585706438626865],[24.231908450225394,38.52497386793868],[24.18746848816223,38.484385221593925],[24.180801571802597,38.43480435195676],[24.20841995615166,38.41101615263628],[24.181669102808367,38.393786930802065],[24.205139975910466,38.38053160550083],[24.211973268079443,38.3808017663879],[24.219392699983796,38.362367631776884],[24.205342003678897,38.337414048926625],[24.255761796563934,38.287997308876776],[24.25831629904985,38.24759775556115],[24.245975600000044,38.23847080000006],[24.260391,38.20948020000003],[24.315283316744875,38.18026828867254],[24.32823160000008,38.18670740000003],[24.32767593774282,38.16876595008509],[24.34916693871386,38.15490692095228],[24.39649847967139,38.16689356528564],[24.461156872772083,38.14022648473527],[24.55637529724677,38.140822916643955],[24.59123940670792,38.1560379881541],[24.57374575974394,38.10674987941378],[24.58424169651548,38.02399106115948],[24.561310356395058,37.98213256147387],[24.525582057266394,37.95720035890501],[24.476395466991878,37.95526258573084],[24.46051679474823,37.997675167284115],[24.417962874450694,38.01320609546324],[24.392678246892054,38.00582226987394],[24.385747506034754,37.984615440508044],[24.402604985101235,37.97722962709916],[24.372603017877815,37.96220449915601],[24.3383432493507,37.98661263750801],[24.331841743811378,38.01217076362669],[24.304473,38.025839],[24.321431371741912,38.04425314291714],[24.306942415546377,38.0688670629733],[24.286174200000037,38.067174],[24.28244920000004,38.08442189999998],[24.24684747321588,38.09627847828464],[24.202991200000028,38.08532770000005],[24.213026717848592,38.12330312916895],[24.17900590849957,38.13002664988382],[24.211038645453215,38.16553569539742],[24.185892100000064,38.21588329999996],[24.138793515447016,38.22585497989055],[24.15082170000002,38.21178980000002],[24.133973100000077,38.21895149999999],[24.12757116538589,38.20684428820833],[24.11651715123432,38.22047385362303],[24.138616879674426,38.23931876049421],[24.15040970000007,38.26231159999997],[24.15963340000008,38.26679830000002],[24.154418,38.2791511],[24.139629400000036,38.28121280000005],[24.11221164842031,38.250450671957445],[24.09557243862339,38.279994163710754],[24.116396680926243,38.28731213076027],[24.11117870000005,38.31612840000001],[24.02275920000005,38.32824010000007],[24.059758700000028,38.34077949999991],[24.04961809419377,38.39484842474663],[24.016694200000032,38.390851],[23.995539400000062,38.40521830000002],[23.96350070000007,38.386563500000015],[23.89376080000003,38.38415420000004],[23.82454241142251,38.40589973263536],[23.790060053810006,38.38758064855537],[23.687871814448663,38.41540917718106],[23.64579040000005,38.40114759999997],[23.611224855887045,38.45672514806599],[23.587446,38.44826090000003],[23.603584900000047,38.4768023000001],[23.624344600000033,38.47567479999997],[23.635988600000058,38.50985770000004],[23.600410642530633,38.57035762639599],[23.511912228936772,38.58630727646475],[23.491829035766507,38.6343840709554],[23.449132071314043,38.649375248329434],[23.42881570000002,38.684463600000036],[23.385299436999087,38.69894707330601],[23.322881500000097,38.7628794],[23.282645493347168,38.767135030009655],[23.20411349999998,38.830603300000014],[23.134825800000012,38.85229719999999],[23.082516900000044,38.838667900000075],[23.04419760000005,38.8531846],[23.032127200000044,38.88195229999997],[22.96364530000003,38.890317400000065],[22.9486444,38.87620330000005],[22.98099450000003,38.87253280000004],[22.992316900000105,38.85051740000004],[22.82854020000006,38.82480060000002],[22.850345400000073,38.87126860000004],[23.0073472,38.9092902],[23.049243500000067,38.943364],[23.0797515138173,38.93979521372034],[23.095817840861585,38.98131299725643],[23.139372650947248,39.00703623808804],[23.205358100000073,39.004196],[23.280220799999984,39.038616200000064],[23.31712320000007,39.038573100000015],[23.336403400000037,39.0163391],[23.37661950192213,39.007180414033],[23.384043500000036,38.96307880000001],[23.430262700000064,38.95443330000005],[23.426307479262512,38.905271521914955],[23.45682080269387,38.848533077591526],[23.57360190000007,38.77896150000005],[23.590003800000027,38.78435560000005],[23.589308758532678,38.76384750355383],[23.605798455963626,38.77135363564369],[23.62809316623388,38.75461596043097],[23.667844,38.75099930000005],[23.684847,38.75296730000003],[23.70107480000003,38.76322390000008],[23.704996467081443,38.76927816398747],[23.754751152861903,38.70790248722893],[23.859651100645234,38.67181908554679],[23.894578136618367,38.680419532415186],[23.955728376939458,38.66090514337311],[23.982524389430868,38.68218217169238],[24.010927032533615,38.67267353595531],[24.047368172719107,38.6873139878823],[24.047518,38.68267819999998]],[[23.861409018479566,38.671975],[23.861404,38.6718488],[23.86151874554144,38.671975],[23.861409018479566,38.671975]]],[[[23.643246003451193,38.75722893461873],[23.643345197343564,38.75680167794985],[23.643012238139455,38.75710587112423],[23.643246003451193,38.75722893461873]]],[[[23.698037204656877,38.76564594329318],[23.69882747132552,38.763747298541794],[23.69775198898373,38.7638816550916],[23.698037204656877,38.76564594329318]]],[[[23.744878200000034,39.083415],[23.745546500000042,39.083656],[23.74518740000003,39.08289440000002],[23.744878200000034,39.083415]]],[[[23.62507050000006,39.11300720000005],[23.62709870000003,39.114374199999965],[23.62736140000002,39.1125709],[23.62507050000006,39.11300720000005]]],[[[23.640905900000064,39.11341959999998],[23.634234200000048,39.12011850000006],[23.642769200000043,39.11479],[23.640905900000064,39.11341959999998]]],[[[23.613972200000017,39.1293048],[23.614824800000036,39.13005610000004],[23.614457400000052,39.129037199999985],[23.613972200000017,39.1293048]]],[[[23.803974100000087,39.132332],[23.79605960000008,39.13226550000004],[23.804054400000044,39.1384921],[23.803974100000087,39.132332]]],[[[23.618327700000115,39.13562610000006],[23.62066230000006,39.13634390000005],[23.620285200000083,39.135068599999954],[23.618327700000115,39.13562610000006]]],[[[23.729782400000072,39.13614849999997],[23.73046090000007,39.13664610000006],[23.730441,39.136133],[23.729782400000072,39.13614849999997]]],[[[23.86859159815646,39.13791193267498],[23.86853455502179,39.138431801342705],[23.869162029502693,39.13878575228175],[23.86859159815646,39.13791193267498]]],[[[23.613,39.202],[23.66175,39.16425],[23.72225,39.14675],[23.732,39.119],[23.75425,39.13025],[23.7835,39.1295],[23.7925,39.1205],[23.7665,39.088],[23.74675,39.08575],[23.726,39.07],[23.6975,39.0895],[23.653,39.0855],[23.66325,39.1115],[23.589321800000064,39.203079799999976],[23.613,39.202]]],[[[23.80900530000002,39.1386297],[23.810445300000023,39.141676],[23.813028700000064,39.143381500000054],[23.80900530000002,39.1386297]]],[[[23.592369500000064,39.14699090000003],[23.591070500000075,39.1475333],[23.592068300000022,39.1477678],[23.592369500000064,39.14699090000003]]],[[[23.865439964968246,39.192035079870166],[23.865254574780668,39.192576653642526],[23.865581777639004,39.19214498018659],[23.865439964968246,39.192035079870166]]],[[[23.860020600000073,39.201575799999986],[23.864986300000034,39.20196720000004],[23.86441820000006,39.200184],[23.860020600000073,39.201575799999986]]],[[[23.588869900000077,39.203576600000034],[23.589041600000066,39.203518399999965],[23.588945,39.203472699999985],[23.588869900000077,39.203576600000034]]],[[[23.821851069309723,40.00430891327491],[23.82212570000011,40.0043722],[23.822110100000014,40.004146900000016],[23.821851069309723,40.00430891327491]]],[[[23.831996928950648,40.00583857265749],[23.8315662668935,40.005860540968676],[23.832015486532043,40.00620238638878],[23.831996928950648,40.00583857265749]]],[[[23.819754558932264,40.01453285244771],[23.825551599999987,40.00435],[23.81801622634378,40.01032219363889],[23.819754558932264,40.01453285244771]]],[[[23.807865700000075,40.02308910000003],[23.807224900000048,40.018775700000035],[23.805584622634697,40.02152919726563],[23.807865700000075,40.02308910000003]]],[[[23.802394103561248,40.021700267503476],[23.803636602822984,40.02169910206463],[23.803482110999987,40.021507985667384],[23.802394103561248,40.021700267503476]]],[[[23.809578596013388,40.02431097250799],[23.81060061884215,40.02472049016464],[23.81124235410669,40.02415626519795],[23.809578596013388,40.02431097250799]]],[[[23.80962613195893,40.03297402194927],[23.808687400637787,40.03373635752899],[23.80994699959123,40.03356547154531],[23.80962613195893,40.03297402194927]]],[[[23.716314800000024,40.05983570000003],[23.730410700000046,40.058300400000036],[23.71888940000002,40.05812850000002],[23.716314800000024,40.05983570000003]]],[[[23.72976770000003,40.06527110000001],[23.72985970000009,40.06501589999998],[23.72971780000002,40.065212399999986],[23.72976770000003,40.06527110000001]]],[[[23.713896249094486,40.175437044386136],[23.713623300000062,40.17554959993093],[23.7137843000001,40.17563979976198],[23.713896249094486,40.175437044386136]]],[[[23.68478404765713,40.18959346078086],[23.684690656364673,40.1901450797773],[23.685639694676578,40.19012726475785],[23.68478404765713,40.18959346078086]]],[[[23.804950412149342,40.1979758716728],[23.80568406512648,40.19789134429624],[23.804707571327295,40.19733293638146],[23.804950412149342,40.1979758716728]]],[[[23.801572972620374,40.19909987703418],[23.80175270343014,40.199813554545074],[23.802499156776435,40.199189374888846],[23.801572972620374,40.19909987703418]]],[[[23.797792900000076,40.2005034],[23.79761979139268,40.200335333449146],[23.79760874832248,40.200411244909645],[23.797792900000076,40.2005034]]],[[[23.796450700000033,40.211802],[23.79713870000008,40.210927099999985],[23.795790400000083,40.21198119999998],[23.796450700000033,40.211802]]],[[[23.768895823885394,40.22372420061951],[23.78972645978538,40.217255265398734],[23.78739488546456,40.20707209041313],[23.795098021629425,40.20045604133388],[23.771144800000037,40.20623050000006],[23.768895823885394,40.22372420061951]]],[[[23.7937237,40.2233096],[23.789739944647064,40.22070055513701],[23.788746758558755,40.22453484721045],[23.7937237,40.2233096]]],[[[23.763141982251398,40.22462346518915],[23.764045165216352,40.22477771696544],[23.762209100000074,40.22413690000009],[23.763141982251398,40.22462346518915]]],[[[23.768057,40.2269828],[23.767987900000083,40.226502],[23.767521609091,40.22681701613057],[23.768057,40.2269828]]],[[[23.766243702696794,40.2281711671818],[23.76458201881634,40.228983785317396],[23.76866803591847,40.228552239208696],[23.766243702696794,40.2281711671818]]],[[[23.775036400000026,40.23262730000003],[23.77438423336768,40.22739994342431],[23.771626,40.2307],[23.775036400000026,40.23262730000003]]],[[[23.76295370000008,40.23076840000004],[23.762777,40.230450800000035],[23.76269279999999,40.23087120000003],[23.76295370000008,40.23076840000004]]],[[[23.75479470000003,40.23416450000001],[23.752261776270778,40.23304983880312],[23.751345171281763,40.234945158906854],[23.75479470000003,40.23416450000001]]],[[[23.880695985993157,40.33443946547081],[23.88175366078107,40.333705689105095],[23.88162446441729,40.33333011623131],[23.880695985993157,40.33443946547081]]],[[[23.885243869965038,40.33582673694613],[23.88629368584074,40.33541679193592],[23.8860675478373,40.33462064359206],[23.885243869965038,40.33582673694613]]],[[[23.80453134280653,40.61761629413173],[23.805173078071068,40.61448781035697],[23.801978662531916,40.6165337903697],[23.80453134280653,40.61761629413173]]],[[[24.036250500000033,34.8559731],[24.122174600000026,34.8598578],[24.1254216,34.853150100000015],[24.1164799,34.8474625],[24.11300910000003,34.84109569999997],[24.111352300000043,34.831025400000044],[24.132785,34.8058324],[24.0733315,34.8242053],[24.036250500000033,34.8559731]]],[[[24.0757625,34.87373020000002],[24.0761916,34.8732373],[24.07559080000001,34.873026],[24.0757625,34.87373020000002]]],[[[24.065458700000033,34.8758944],[24.0636134,34.87564790000009],[24.0634417,34.87614080000008],[24.065458700000033,34.8758944]]],[[[23.9921125,34.93966609999998],[24.0115461,34.928691500000035],[24.013268299999986,34.920491],[24.0057142,34.92064450000002],[23.9921125,34.93966609999998]]],[[[24.083166,35.19681379999997],[24.08375950000008,35.19631030000008],[24.08195260000002,35.1969994],[24.083166,35.19681379999997]]],[[[24.0051168,35.515663],[24.0049666,35.51535740000001],[24.004891500000035,35.515200199999946],[24.004955900000176,35.51551460000001],[24.0051168,35.515663]]],[[[24.00535280000016,35.515890100000036],[24.00549230000016,35.51637910000005],[24.005664000000145,35.51624810000004],[24.00535280000016,35.515890100000036]]],[[[24.006726100000094,35.516518799999986],[24.00669390000011,35.51662360000018],[24.006833400000072,35.51661490000019],[24.006726100000094,35.516518799999986]]],[[[24.006125300000136,35.51668470000009],[24.006243300000133,35.51664980000002],[24.006168200000108,35.51657120000008],[24.006125300000136,35.51668470000009]]],[[[24.004880799999988,35.517112600000104],[24.005610300000154,35.51718250000002],[24.00507389999997,35.516850700000155],[24.004880799999988,35.517112600000104]]],[[[24.004891500000035,35.51770649999999],[24.00482710000003,35.51761910000008],[24.004816399999978,35.517689],[24.004891500000035,35.51770649999999]]],[[[24.000213700000018,35.51985460000009],[23.998947700000095,35.51848369999997],[23.998668800000072,35.51935690000003],[24.000213700000018,35.51985460000009]]],[[[23.927251,35.539514100000204],[23.94041529999995,35.53928710000002],[23.925888500000053,35.53064370000005],[23.927251,35.539514100000204]]],[[[23.931679800000012,35.54309529999996],[23.932996600000028,35.54267790000009],[23.932554500000073,35.54177820000006],[23.931679800000012,35.54309529999996]]],[[[24.085477000000132,35.55521570000015],[24.08521950000014,35.555983800000064],[24.085820300000066,35.55563470000007],[24.085477000000132,35.55521570000015]]],[[[23.943590200000074,37.461105],[23.94379970000007,37.4616393],[23.944746599999988,37.46136279999997],[23.943590200000074,37.461105]]],[[[23.896449600000036,37.49032870000003],[23.930510100000035,37.481224],[23.94182840000004,37.46066120000005],[23.896449600000036,37.49032870000003]]],[[[23.939550300000082,37.6567198],[23.96349070000006,37.64471960000005],[23.936022694853627,37.64996813685962],[23.939550300000082,37.6567198]]],[[[24.015078900000063,37.65238570000003],[24.013437400000022,37.651791099999976],[24.01299210000005,37.65246640000002],[24.015078900000063,37.65238570000003]]],[[[24.041407400000036,37.66451460000006],[24.041012500000033,37.66429720000006],[24.040703500000077,37.66441270000006],[24.041407400000036,37.66451460000006]]],[[[23.90277850000005,37.71462640000002],[23.898830400000072,37.705969599999975],[23.893605900000015,37.70983390000004],[23.90277850000005,37.71462640000002]]],[[[23.9267288000001,37.71439759999998],[23.92615370000002,37.715076500000066],[23.927243700000076,37.714248199999965],[23.9267288000001,37.71439759999998]]],[[[23.909372600000065,37.71561920000004],[23.909218600000063,37.71570490000001],[23.90926990000005,37.71591690000004],[23.909372600000065,37.71561920000004]]],[[[23.89377230000006,37.72941759999996],[23.893650400000077,37.729399600000036],[23.893796500000054,37.729433800000045],[23.89377230000006,37.72941759999996]]],[[[23.8996877,37.73986750000003],[23.899477299999983,37.73966310000007],[23.89957550000004,37.739953],[23.8996877,37.73986750000003]]],[[[23.899311100000016,37.73981360000006],[23.89944930000004,37.7398501],[23.89923090000003,37.739750300000054],[23.899311100000016,37.73981360000006]]],[[[23.899241,37.73996570000005],[23.899243,37.73986120000003],[23.899188900000016,37.73986910000005],[23.899241,37.73996570000005]]],[[[23.896789200000054,37.756594799999974],[23.896958400000063,37.75609450000003],[23.89629620000007,37.756174800000075],[23.896789200000054,37.756594799999974]]],[[[23.89900950000002,37.75681130000004],[23.898569200000072,37.757511500000014],[23.89907040000006,37.75732340000007],[23.89900950000002,37.75681130000004]]],[[[24.073715900000032,37.80594450000003],[24.073683700000075,37.80560540000005],[24.073565700000085,37.805936],[24.073715900000032,37.80594450000003]]],[[[24.050799400000038,37.82501120000007],[24.049941100000055,37.8249638000001],[24.04972601586629,37.82537111192234],[24.050799400000038,37.82501120000007]]],[[[24.050462500000076,37.83811290000001],[24.051320800000024,37.837765500000046],[24.050732570232938,37.83775613836473],[24.050462500000076,37.83811290000001]]],[[[24.051953800000035,37.86959210000006],[24.0480914,37.8681946],[24.050097700000038,37.870930199999975],[24.051953800000035,37.86959210000006]]],[[[24.034849,37.872793300000026],[24.034201,37.8736783],[24.035102300000023,37.8728771],[24.034849,37.872793300000026]]],[[[24.024273600000075,37.881467],[24.022278,37.88021370000007],[24.020733100000033,37.881636300000025],[24.024273600000075,37.881467]]],[[[24.04518410000004,37.884617],[24.04230870000006,37.882068200000084],[24.0414612,37.883626300000046],[24.04518410000004,37.884617]]],[[[24.034916800000044,37.88630630000004],[24.034389,37.88671260000001],[24.035444600000034,37.88722650000002],[24.034916800000044,37.88630630000004]]],[[[24.041180100000048,37.9193306],[24.043563,37.91625479999998],[24.039293700000073,37.91925790000006],[24.041180100000048,37.9193306]]],[[[24.036543900000026,37.91822420000004],[24.037059200000026,37.918870100000035],[24.037704,37.9184817],[24.036543900000026,37.91822420000004]]],[[[24.039218400000074,37.91920250000002],[24.038479700000078,37.9190445],[24.037783400000055,37.91999680000005],[24.039218400000074,37.91920250000002]]],[[[24.028547852335773,37.92495238750488],[24.028161800000067,37.924907099999956],[24.028258300000022,37.92510940000003],[24.028547852335773,37.92495238750488]]],[[[24.01590620000003,37.92978250000004],[24.0130631,37.930121],[24.012569500000023,37.92994920000003],[24.013696100000054,37.9308226],[24.01590620000003,37.92978250000004]]],[[[24.032818200000055,37.98841369999997],[24.03308330000005,37.9867053],[24.032298,37.987689700000026],[24.032818200000055,37.98841369999997]]],[[[24.036008100000043,37.989058800000045],[24.03725990000008,37.9881738],[24.03707370000006,37.98756610000012],[24.035332700000026,37.988700299999984],[24.036008100000043,37.989058800000045]]],[[[24.10828020000007,38.18256570000002],[24.107892500000048,38.182364200000045],[24.10755830000004,38.182514],[24.10828020000007,38.18256570000002]]],[[[24.102226100000046,38.18242780000006],[24.101716500000038,38.18480510000003],[24.105228400000033,38.18314280000007],[24.102226100000046,38.18242780000006]]],[[[24.096561300000033,38.1837645],[24.096375700000046,38.18754249999997],[24.0995182,38.18512559999996],[24.096561300000033,38.1837645]]],[[[24.09383190000006,38.18880230000008],[24.092247199999985,38.1899913],[24.092280500000104,38.19031850000002],[24.09383190000006,38.18880230000008]]],[[[24.09900592904409,38.23458155784014],[24.110799597128366,38.21860630728397],[24.095888796131376,38.2133032478755],[24.09900592904409,38.23458155784014]]],[[[24.107576660021916,38.23961090692949],[24.10685439999998,38.24045920000001],[24.107747789425794,38.24050696825052],[24.107576660021916,38.23961090692949]]],[[[24.105080547522483,38.29707236022796],[24.106291500000072,38.29565280000005],[24.105294459277328,38.29503539170416],[24.105080547522483,38.29707236022796]]],[[[24.056324,38.319681500000016],[24.05815010000005,38.3191822],[24.056389400000043,38.3185148],[24.056324,38.319681500000016]]],[[[24.04494930000006,38.39400709999997],[24.045285700000093,38.393759],[24.044959900000034,38.39375060000001],[24.04494930000006,38.39400709999997]]],[[[24.091519521564138,38.671975],[24.092360945156802,38.67212897935575],[24.092413724675147,38.671975],[24.091519521564138,38.671975]]],[[[23.91754960000008,38.67607539999999],[23.91664340000004,38.67725050000006],[23.918236776705264,38.678285753099864],[23.91754960000008,38.67607539999999]]],[[[23.894114661149523,38.681625553452804],[23.893888865408325,38.68105965380449],[23.89355650000007,38.6813278],[23.894114661149523,38.681625553452804]]],[[[23.894340456890717,38.68196880187887],[23.89392451736744,38.68247903298317],[23.89461378857752,38.6827109550097],[23.894340456890717,38.68196880187887]]],[[[24.059535795963093,39.03461206628661],[24.063215200000062,39.034318],[24.060617054328187,39.03218230014869],[24.059535795963093,39.03461206628661]]],[[[24.082781292011,39.052660212817926],[24.08069421982384,39.0450681163395],[24.077612920194127,39.04546820560449],[24.082781292011,39.052660212817926]]],[[[24.08250438943135,39.05415364444046],[24.08342302727557,39.05449670309797],[24.08284918863785,39.05318439410382],[24.08250438943135,39.05415364444046]]],[[[24.095416013579495,39.07465907387719],[24.097255654671265,39.072201267590046],[24.092321423525952,39.068857627915015],[24.095416013579495,39.07465907387719]]],[[[24.119793900644726,39.0995182373702],[24.114635603114618,39.0749138211522],[24.12695017144087,39.06572051510252],[24.09923815244389,39.05479644856365],[24.114543289659355,39.06572051510252],[24.100650169580998,39.093364420191584],[24.119793900644726,39.0995182373702]]],[[[24.087156984414772,39.08304345258605],[24.085686981652383,39.08232968806162],[24.086110754902084,39.08350081963385],[24.087156984414772,39.08304345258605]]],[[[24.100152327772292,39.10030747740089],[24.098461217681205,39.10144298011955],[24.103220227435767,39.10324600068896],[24.100152327772292,39.10030747740089]]],[[[23.9803047,39.1040758],[23.979697210232214,39.10409136404271],[23.980078009512173,39.10447226996365],[23.9803047,39.1040758]]],[[[24.09486360000002,39.10546130000002],[24.097384700000042,39.10424039999998],[24.09595660000005,39.102921],[24.09486360000002,39.10546130000002]]],[[[24.091541600000063,39.10641330000003],[24.09222830000003,39.10631340000007],[24.091799100000053,39.1058804],[24.091541600000063,39.10641330000003]]],[[[23.97950757816584,39.1236420755676],[23.982846978338884,39.107017479419],[23.976648324751537,39.10472866304026],[23.97950757816584,39.1236420755676]]],[[[23.984615793173017,39.127078432465794],[23.989204911052568,39.1222222688095],[23.98626956641648,39.12076555421344],[23.984615793173017,39.127078432465794]]],[[[23.992220315038843,39.13160698379506],[23.991771852110816,39.13125691435017],[23.991329800000067,39.1310083],[23.992220315038843,39.13160698379506]]],[[[23.90531391799792,39.16110723800191],[23.904138988211752,39.16040617025163],[23.90357670000007,39.16147170000004],[23.90531391799792,39.16110723800191]]],[[[23.977065103858827,39.23614216008474],[23.980535227882022,39.20864236432826],[23.992003274739435,39.213918520128615],[23.977980170810163,39.18911806227693],[23.984599551224257,39.165073616290876],[23.954533065680792,39.16429963547712],[23.938485045601027,39.18104246407453],[23.978479298238156,39.19462593838604],[23.962031861087105,39.2191666587587],[23.977065103858827,39.23614216008474]]],[[[23.95291356392452,39.28849152437705],[23.9435,39.27125],[23.983604818349658,39.26603722325123],[23.91925,39.175],[23.855168359073236,39.132358596397516],[23.82910348821032,39.139150762323766],[23.83358137427861,39.15538626415716],[23.87975,39.1765],[23.866680653146354,39.20239057346497],[23.913841064699902,39.23341475743928],[23.95291356392452,39.28849152437705]]],[[[23.995169500000035,39.22924270000004],[24.006630121189076,39.22742354976455],[23.998762922204985,39.22350175504886],[23.995169500000035,39.22924270000004]]],[[[23.98844780000004,39.27306180000002],[23.99011930000004,39.27353220000008],[23.9884041,39.27203590000001],[23.98844780000004,39.27306180000002]]],[[[24.090037641922898,39.2928093442738],[24.090731666727535,39.29258860989952],[24.090645855404965,39.29229825275338],[24.090037641922898,39.2928093442738]]],[[[24.04092501911696,39.31536219352244],[24.03741686633732,39.31099293143704],[24.03475,39.3125],[24.04092501911696,39.31536219352244]]],[[[24.0554784084077,39.32150018073951],[24.054782418021176,39.3219868752485],[24.05564214785084,39.322070024460295],[24.0554784084077,39.32150018073951]]],[[[24.041294547817127,39.32671072888114],[24.041585347711187,39.32596093353977],[24.04022624071772,39.32665922239372],[24.041294547817127,39.32671072888114]]],[[[24.07699054098537,39.361664005747045],[24.064105882525368,39.34387741080717],[24.098723975278556,39.34938013974328],[24.096763400000068,39.31350410000002],[24.068776329598965,39.29339175220319],[24.04792868667071,39.304513840817584],[24.066081041487777,39.31652066422075],[24.056255361548143,39.32423228023223],[24.03988398191,39.32351521302207],[24.05080774219116,39.330575246923594],[24.061523105605406,39.36384390412663],[24.07699054098537,39.361664005747045]]],[[[24.080012621202584,39.36211479917033],[24.0778032364664,39.35833621549345],[24.07942913499071,39.36255709310025],[24.080012621202584,39.36211479917033]]],[[[23.900373353678464,39.96308178574181],[23.89917420000007,39.9625983],[23.89900559352903,39.96300122628135],[23.900373353678464,39.96308178574181]]],[[[23.991020600000034,39.988950299999985],[23.99021860000009,39.989167],[23.99036,39.9893258],[23.991020600000034,39.988950299999985]]],[[[24.00234960000002,39.99624820000005],[24.001894900000046,39.99608480000004],[24.001905400000012,39.99644990000007],[24.00234960000002,39.99624820000005]]],[[[24.026498,40.02767370000004],[24.0261515,40.0276849],[24.026221700000033,40.028029400000065],[24.026498,40.02767370000004]]],[[[24.024544800000058,40.03012730000003],[24.023871900000113,40.0294637],[24.0238347,40.030828400000075],[24.024544800000058,40.03012730000003]]],[[[24.02318630000004,40.03204909999999],[24.02270940000005,40.03178710000005],[24.0231218,40.03237470000002],[24.02318630000004,40.03204909999999]]],[[[23.95127258204763,40.307940260836155],[23.952071208196408,40.30911503897263],[23.95318075676945,40.30825427688097],[23.95127258204763,40.307940260836155]]],[[[23.959789300000054,40.310594],[23.958014800000026,40.307160299999964],[23.9536797,40.30969479999997],[23.959789300000054,40.310594]]],[[[23.9614,40.31298010000002],[23.966235476715113,40.31105511823578],[23.964542903718986,40.3090637905061],[23.9614,40.31298010000002]]],[[[23.95639932001497,40.311717307621585],[23.956741614844027,40.31236833245768],[23.95701180000001,40.31232220000001],[23.95639932001497,40.311717307621585]]],[[[23.959867103262255,40.31248613680235],[23.959414175634098,40.31180241145745],[23.959338750477258,40.3118525045632],[23.959867103262255,40.31248613680235]]],[[[23.96370618710007,40.31844381291205],[23.964934582670587,40.31767623230274],[23.963936260064667,40.31729415515427],[23.96370618710007,40.31844381291205]]],[[[23.91863917829478,40.340037716933715],[23.922764,40.3190976],[23.948636616607654,40.31022693001675],[23.88292819442595,40.32949947713976],[23.91863917829478,40.340037716933715]]],[[[24.00656004592067,40.453662682374045],[24.006116558140626,40.45270332362491],[24.005539441654644,40.45279742757314],[24.00656004592067,40.453662682374045]]],[[[24.0089276826416,40.45628351278304],[24.00813015068566,40.455456019770416],[24.00799897770001,40.4563066044361],[24.0089276826416,40.45628351278304]]],[[[23.927433500000035,40.527433],[23.927573658750564,40.52651098896503],[23.92708742552827,40.527023468091365],[23.927433500000035,40.527433]]],[[[23.928218600000037,40.530100200000085],[23.928350074888083,40.52789376634708],[23.924186722632015,40.531442870267156],[23.928218600000037,40.530100200000085]]],[[[24.113616900000025,34.839068900000036],[24.113571300000036,34.83897210000003],[24.1135176,34.83906229999997],[24.113616900000025,34.839068900000036]]],[[[24.113590100000014,34.8392847],[24.1137993,34.83922960000001],[24.1136812,34.8391152],[24.113590100000014,34.8392847]]],[[[24.234981800000018,35.17810550000008],[24.2354109,35.17824580000001],[24.235325099999987,35.177895],[24.234981800000018,35.17810550000008]]],[[[24.143610500000044,35.192119799999965],[24.143262600000046,35.191995],[24.143570100000048,35.19235360000001],[24.143610500000044,35.192119799999965]]],[[[24.195126099999968,35.45415730000017],[24.195072499999913,35.45402620000006],[24.1949974,35.454061200000034],[24.195126099999968,35.45415730000017]]],[[[24.19525490000012,35.45552939999997],[24.19460040000017,35.45390390000016],[24.193098400000057,35.4560538],[24.19525490000012,35.45552939999997]]],[[[24.153987100000133,35.48985310000006],[24.15054320000012,35.489136799999955],[24.153654500000115,35.49112850000004],[24.153987100000133,35.48985310000006]]],[[[24.151272700000053,35.4911896],[24.14976000000013,35.49041219999999],[24.14995310000011,35.49141680000019],[24.151272700000053,35.4911896]]],[[[24.17675610000007,35.49883540000009],[24.176567200000026,35.4990521],[24.1766531,35.49914290000018],[24.17675610000007,35.49883540000009]]],[[[24.181485300000013,35.50051250000015],[24.179425400000085,35.49789209999992],[24.1774255,35.500198],[24.181485300000013,35.50051250000015]]],[[[24.221085,36.7996933],[24.256878299999986,36.79180550000004],[24.24239539999998,36.76835630000002],[24.221085,36.7996933]]],[[[24.363399,37.3003345],[24.363452800000076,37.30009110000001],[24.36335,37.30020600000011],[24.363399,37.3003345]]],[[[24.366376200000087,37.31530319999998],[24.366361200000057,37.314983],[24.36579460000007,37.315315],[24.366376200000087,37.31530319999998]]],[[[24.410833700000047,37.31688059999996],[24.410667300000036,37.31748840000002],[24.411273199999986,37.31717920000007],[24.410833700000047,37.31688059999996]]],[[[24.44479520000005,37.354607500000036],[24.445222600000022,37.355382400000046],[24.445797,37.35428520000005],[24.44479520000005,37.354607500000036]]],[[[24.459379378404215,37.375947785571334],[24.45992128818321,37.375959118180575],[24.460323400000068,37.37568380000006],[24.459379378404215,37.375947785571334]]],[[[24.457400400000015,37.38376669999998],[24.457294100000027,37.38327060000003],[24.457083700000013,37.38377359999996],[24.457400400000015,37.38376669999998]]],[[[24.36504230000002,37.422613699999964],[24.43859090000004,37.4814724],[24.435845500000045,37.460605700000045],[24.425551600000016,37.441661],[24.46856332307934,37.42735753675428],[24.48625,37.398748100000034],[24.47272880000003,37.3871644],[24.456339,37.39642960000002],[24.452705300000066,37.387675500000064],[24.458899600000027,37.37845610000002],[24.45038420000003,37.373352],[24.441745,37.35550060000004],[24.4427345,37.3452104],[24.392913,37.30505750000011],[24.364083400000048,37.30016730000003],[24.378327,37.35006520000004],[24.400106400000105,37.3661846],[24.387975634633797,37.37711503533073],[24.39676450000006,37.41431560000003],[24.36504230000002,37.422613699999964]]],[[[24.39094230000002,37.4036566],[24.38908190000001,37.40428970000003],[24.390771500000053,37.404561],[24.39094230000002,37.4036566]]],[[[24.369974500000055,37.41050940000002],[24.369958,37.41035940000004],[24.369913200000024,37.4104389],[24.369974500000055,37.41050940000002]]],[[[24.368381317889103,37.41429885990077],[24.3817008898247,37.4117502836046],[24.364702035705587,37.411489757586985],[24.368381317889103,37.41429885990077]]],[[[24.331134900000038,37.55785180000003],[24.331123500000047,37.55723060000001],[24.330900400000036,37.5576976],[24.331134900000038,37.55785180000003]]],[[[24.34971709999999,37.683674900000014],[24.391915177339946,37.674844275690866],[24.410176600000053,37.6468203],[24.357634200000074,37.57480920000004],[24.329316900000034,37.55926289999998],[24.30760370000002,37.532213400000046],[24.275981500000036,37.521859700000036],[24.2809605,37.577235],[24.264502100000055,37.581753499999984],[24.276561800000046,37.59901190000008],[24.2674214,37.60873350000003],[24.294871837715515,37.65926307852651],[24.34971709999999,37.683674900000014]]],[[[24.355307200000034,37.68342010000001],[24.35561110000003,37.6830524],[24.355269800000045,37.68285810000002],[24.355307200000034,37.68342010000001]]],[[[24.37325711475654,37.683218999040406],[24.372908081023844,37.68432246382214],[24.374037012991238,37.684031293232565],[24.37325711475654,37.683218999040406]]],[[[24.33705421304902,37.684108078057335],[24.337051500000015,37.6837746],[24.336713321096216,37.684195723025866],[24.33705421304902,37.684108078057335]]],[[[24.144634785981356,37.75217513158388],[24.15128680000006,37.7207753],[24.10599627750992,37.64506014227947],[24.105310500000027,37.681694100000065],[24.144634785981356,37.75217513158388]]],[[[24.386817100000016,37.958679],[24.387139100000024,37.957477100000055],[24.386468100000023,37.95809510000004],[24.386817100000016,37.958679]]],[[[24.399580070176224,37.997450244321804],[24.398953618454325,37.996973885310744],[24.39875840000006,37.997432],[24.399580070176224,37.997450244321804]]],[[[24.456010387112705,37.99849553721541],[24.456316126560235,37.998060514163114],[24.456002070625296,37.998232972278736],[24.456010387112705,37.99849553721541]]],[[[24.39510980000003,37.99966240000007],[24.394888317478635,37.999323214652286],[24.394785500000022,37.99965520000002],[24.39510980000003,37.99966240000007]]],[[[24.242850499999985,38.018530100000035],[24.280598600000026,38.00840270000001],[24.277774600000072,37.978256799999976],[24.23279390000002,37.979517600000044],[24.242850499999985,38.018530100000035]]],[[[24.28708270000011,38.003795100000076],[24.284376199999986,38.0038460000001],[24.2855033,38.0049095],[24.28708270000011,38.003795100000076]]],[[[24.325050200000017,38.0141023],[24.324610300000057,38.01276670000007],[24.32447620000007,38.013975500000015],[24.325050200000017,38.0141023]]],[[[24.27399950000006,38.0203203],[24.27430930000006,38.01931830000002],[24.2732637,38.019602],[24.27399950000006,38.0203203]]],[[[24.296607200000075,38.030821500000044],[24.294118800000074,38.01022049999997],[24.280484,38.013517700000016],[24.279902400000047,38.03480149999998],[24.296607200000075,38.030821500000044]]],[[[24.26658570000005,38.02795789999996],[24.272434900000075,38.02465170000003],[24.265844700000052,38.025719],[24.26658570000005,38.02795789999996]]],[[[24.248345100000066,38.02820650000002],[24.24877850000005,38.0326997],[24.251491300000037,38.032906899999986],[24.248345100000066,38.02820650000002]]],[[[24.256281700000073,38.035356100000065],[24.25829920000003,38.034627],[24.256020600000074,38.03457559999998],[24.256281700000073,38.035356100000065]]],[[[24.2702562,38.04536320000001],[24.274818500000013,38.049321],[24.27844330000004,38.04349870000002],[24.2702562,38.04536320000001]]],[[[24.264654400000023,38.04538430000005],[24.259840600000075,38.0473814],[24.259425600000046,38.04779530000006],[24.264654400000023,38.04538430000005]]],[[[24.26603890000007,38.04963060000002],[24.26665919999998,38.05041530000001],[24.2670218,38.0493966000001],[24.26603890000007,38.04963060000002]]],[[[24.207726100000034,38.080101],[24.20934910000001,38.080139500000016],[24.20808980000004,38.0790825],[24.207726100000034,38.080101]]],[[[24.2136773,38.07906649999999],[24.20975220000005,38.080752600000054],[24.212649600000034,38.08391530000006],[24.2136773,38.07906649999999]]],[[[24.15701530000008,38.08928369999999],[24.156575,38.083880399999956],[24.154288100000063,38.08421080000003],[24.15701530000008,38.08928369999999]]],[[[24.115879100000036,38.11371940000007],[24.116592300000065,38.11245280000002],[24.115359499999986,38.11369530000002],[24.115879100000036,38.11371940000007]]],[[[24.16317580000006,38.151036699999985],[24.1579583,38.15762370000007],[24.1584097,38.15994470000003],[24.16317580000006,38.151036699999985]]],[[[24.1768335,38.18207729999998],[24.169071100000078,38.15569820000001],[24.15024020000004,38.18141249999997],[24.1768335,38.18207729999998]]],[[[24.1540174,38.1721259],[24.150324,38.1716312],[24.15187250000002,38.17361850000005],[24.1540174,38.1721259]]],[[[24.169828800000033,38.1823545],[24.168700600000047,38.182956299999965],[24.170359,38.18275950000001],[24.169828800000033,38.1823545]]],[[[24.169105500000025,38.188123800000014],[24.16986830000004,38.186516600000026],[24.16770180000004,38.186965],[24.169105500000025,38.188123800000014]]],[[[24.146002800000076,38.19006640000007],[24.143588,38.18873150000001],[24.143189400000065,38.19048419999998],[24.146002800000076,38.19006640000007]]],[[[24.147898673655327,38.208918612484965],[24.145353475929195,38.21156981071261],[24.149465800000023,38.2094357],[24.147898673655327,38.208918612484965]]],[[[24.260353451995208,38.220460902351945],[24.260576870939122,38.22085925806403],[24.260980926476144,38.22076589363972],[24.260353451995208,38.220460902351945]]],[[[24.13115235162674,38.2371116284225],[24.132632381547772,38.23873872997129],[24.13309659847626,38.23769406187601],[24.13115235162674,38.2371116284225]]],[[[24.141671300000027,38.27193490000004],[24.14284980000008,38.27227619999998],[24.142851200000027,38.271703],[24.141671300000027,38.27193490000004]]],[[[24.197606094491068,38.38611460337981],[24.197914512190884,38.38637244527956],[24.198030694141508,38.38608687611686],[24.197606094491068,38.38611460337981]]],[[[24.2033983,38.39255260000007],[24.2033741,38.39141750000005],[24.201835300000045,38.39069380000004],[24.2033983,38.39255260000007]]],[[[24.194670183908947,38.42856710842585],[24.195017695606527,38.42815910780099],[24.19466088620982,38.42798871466609],[24.194670183908947,38.42856710842585]]],[[[24.229820088374986,38.516517123490274],[24.231426900000017,38.517452499999955],[24.23198757720227,38.5168330208472],[24.229820088374986,38.516517123490274]]],[[[24.222348800000052,38.61071920000002],[24.22238930000002,38.60998910000003],[24.2218677,38.610657],[24.222348800000052,38.61071920000002]]],[[[24.151976700000052,38.660253500000074],[24.153085900000047,38.65744850000006],[24.151402700000038,38.65739810000005],[24.151976700000052,38.660253500000074]]],[[[24.250161500000043,38.663485],[24.251743300000047,38.665237799999986],[24.25237930000003,38.6639871],[24.250161500000043,38.663485]]],[[[24.129610112068782,38.67000237569547],[24.132918613877138,38.66782003610996],[24.135252800000057,38.663550400000055],[24.129610112068782,38.67000237569547]]],[[[24.427513383986398,38.828609],[24.43273678597545,38.82549973219559],[24.433905683986428,38.820335900000075],[24.427513383986398,38.828609]]],[[[24.378086183986447,38.83435670000005],[24.379079583986403,38.83412220000003],[24.378095383986405,38.8341],[24.378086183986447,38.83435670000005]]],[[[24.356406411859226,38.84832423199089],[24.37332920846557,38.83526372332028],[24.35622516020395,38.82640953183819],[24.34199113637938,38.83679112131769],[24.356406411859226,38.84832423199089]]],[[[24.369663946310308,38.842573144250665],[24.369545483986457,38.84340830000006],[24.37023458398643,38.842524700000055],[24.369663946310308,38.842573144250665]]],[[[24.46472478398644,38.862264400000065],[24.46427068398643,38.86172850000005],[24.46388818398641,38.8622531],[24.46472478398644,38.862264400000065]]],[[[24.442252383986446,38.86685],[24.442918083986374,38.86660790000006],[24.442261683986484,38.8665933],[24.442252383986446,38.86685]]],[[[24.43546908398644,38.873571800000015],[24.43913508398644,38.869623700000055],[24.433006183986407,38.87027360000004],[24.43546908398644,38.873571800000015]]],[[[24.436119783986403,38.8885693],[24.435451883986417,38.889178900000076],[24.436102083986416,38.889215],[24.436119783986403,38.8885693]]],[[[24.441064211236966,38.890812334052804],[24.44062458333694,38.88966721792684],[24.44093498297111,38.89109011976934],[24.441064211236966,38.890812334052804]]],[[[24.460330383986403,38.91138180000003],[24.459530383986447,38.91150220000002],[24.4604171839864,38.91162060000001],[24.460330383986403,38.91138180000003]]],[[[24.462254483986417,38.91427730000006],[24.464596083986464,38.91538040000002],[24.463494783986423,38.9136044],[24.462254483986417,38.91427730000006]]],[[[24.45502658398641,38.93085009999997],[24.45683128398641,38.928786600000024],[24.45105318398641,38.930449899999985],[24.45502658398641,38.93085009999997]]],[[[24.4682324996878,38.9715361881879],[24.468035105291158,38.97079210373687],[24.467780908205306,38.971425316425766],[24.4682324996878,38.9715361881879]]],[[[24.47013198398642,39.01587250000004],[24.46982148398641,39.0153522],[24.46946498398642,39.01611480000007],[24.47013198398642,39.01587250000004]]],[[[24.466751583986465,39.01836669999999],[24.468642483986496,39.0207188],[24.468487483986408,39.01583679999997],[24.466751583986465,39.01836669999999]]],[[[24.14325,39.34325],[24.1325,39.34075],[24.1315,39.34825],[24.14325,39.34325]]],[[[24.12885170000005,39.349711800000044],[24.128088900000034,39.35116380000003],[24.129452700000055,39.35055450000005],[24.12885170000005,39.349711800000044]]],[[[24.3297051246426,39.36700841266815],[24.32718096593532,39.33474182239034],[24.315914946846338,39.333252744539415],[24.31754067618323,39.3596102481276],[24.3297051246426,39.36700841266815]]],[[[24.12025,39.352],[24.12175,39.35475],[24.12275,39.3525],[24.12025,39.352]]],[[[24.180030340670047,39.42374953563616],[24.176019100000037,39.3788419],[24.158347464673607,39.36061975596052],[24.13497356059957,39.370251609990284],[24.180030340670047,39.42374953563616]]],[[[24.18748873052264,39.396336255793194],[24.187816728546693,39.39707461634772],[24.18861533243154,39.39662278469744],[24.18748873052264,39.396336255793194]]],[[[24.179618800000018,39.4823971],[24.18225650000008,39.48271780000006],[24.182292800000038,39.48181950000002],[24.179618800000018,39.4823971]]],[[[24.185120600000044,39.497935],[24.175282200000076,39.4994934],[24.18461390000004,39.50639520000006],[24.185120600000044,39.497935]]],[[[24.330062798953467,40.119520084336216],[24.3311751400787,40.11933469485891],[24.330324191257635,40.11858409474111],[24.330062798953467,40.119520084336216]]],[[[24.334278457137042,40.121569441978295],[24.334626249723698,40.121941006403894],[24.33459997931324,40.12148077031224],[24.334278457137042,40.121569441978295]]],[[[24.36222389121011,40.200580651606884],[24.362093127202066,40.20106624975753],[24.36270573274428,40.200900807021725],[24.36222389121011,40.200580651606884]]],[[[24.115347400000022,40.3637155000001],[24.11509350000004,40.364642400000015],[24.115986300000042,40.36477909999998],[24.115347400000022,40.3637155000001]]],[[[24.308711492979242,40.83536534320883],[24.308481660101865,40.8360788515267],[24.308799956594942,40.835802531515526],[24.308711492979242,40.83536534320883]]],[[[24.347537300000056,40.86549980000004],[24.3474605,40.86560980000006],[24.34767580000006,40.86550680000003],[24.347537300000056,40.86549980000004]]],[[[24.346474800000085,40.86988669999997],[24.3506002,40.86643320000006],[24.347787400000023,40.86583959999997],[24.346474800000085,40.86988669999997]]],[[[24.3335166194581,40.877008472876796],[24.334421048499102,40.87720361720607],[24.33444951691565,40.87690277134169],[24.3335166194581,40.877008472876796]]],[[[24.365063538548007,40.90250663808075],[24.36542438508246,40.903012859791176],[24.36532047591525,40.902420824895685],[24.365063538548007,40.90250663808075]]],[[[24.39176470000004,40.92039449999997],[24.391253227464425,40.919778163515176],[24.390856203353444,40.919844237080994],[24.39176470000004,40.92039449999997]]],[[[24.449327600000064,40.943719199999975],[24.449472400000033,40.94378810000003],[24.449477800000075,40.94374960000006],[24.449327600000064,40.943719199999975]]],[[[24.5833608,35.002948499999974],[24.5833146,35.002851800000045],[24.583289,35.00288540000005],[24.5833608,35.002948499999974]]],[[[24.578559,35.003293300000024],[24.57874210000004,35.00324560000002],[24.578541900000012,35.00325689999997],[24.578559,35.003293300000024]]],[[[24.577332,35.003973100000074],[24.5775477,35.003935300000045],[24.57725850000002,35.00389739999998],[24.577332,35.003973100000074]]],[[[24.60671370000001,35.005106],[24.60649040000002,35.00502980000004],[24.6064991,35.00513040000008],[24.60671370000001,35.005106]]],[[[24.606428399999984,35.00522280000001],[24.606414800000035,35.0053559],[24.606481700000053,35.00533050000006],[24.606428399999984,35.00522280000001]]],[[[24.5933273,35.00735370000005],[24.586463399999985,35.00210880000005],[24.5830288,35.0032078],[24.57938560000002,35.00311110000003],[24.5766972,35.00476230000006],[24.57173460000002,35.005774299999985],[24.5933273,35.00735370000005]]],[[[24.5716439,35.00614440000005],[24.5715566,35.006339200000056],[24.57165930000002,35.006349],[24.5716439,35.00614440000005]]],[[[24.607027099999986,35.006276700000015],[24.60695760000005,35.00630110000007],[24.60705189999998,35.006354],[24.607027099999986,35.006276700000015]]],[[[24.571459,35.0063294],[24.5715206,35.00638259999996],[24.571500100000023,35.00628730000005],[24.571459,35.0063294]]],[[[24.6076051,35.00663439999999],[24.6073149,35.00642610000004],[24.60718220000005,35.00668719999999],[24.6076051,35.00663439999999]]],[[[24.602604,35.00670920000002],[24.602604,35.006613700000074],[24.602542,35.0066502],[24.602604,35.00670920000002]]],[[[24.596248400000015,35.0068699],[24.596270600000025,35.00696519999996],[24.5963836,35.0069091],[24.596248400000015,35.0068699]]],[[[24.596493700000035,35.00789180000002],[24.59665,35.00773939999998],[24.5964044,35.007715],[24.596493700000035,35.00789180000002]]],[[[24.592581900000017,35.0082497],[24.5926957,35.008150600000064],[24.59262550000003,35.00816050000002],[24.592581900000017,35.0082497]]],[[[24.606498500000022,35.01259850000002],[24.606020200000017,35.004563300000015],[24.60312250000005,35.0066604],[24.597270200000043,35.00820880000002],[24.606498500000022,35.01259850000002]]],[[[24.617366200000017,35.096619799999985],[24.617495,35.0966549],[24.6174735,35.09651440000004],[24.617366200000017,35.096619799999985]]],[[[24.594861800000015,35.09681449999999],[24.595774600000034,35.097541200000045],[24.5960062,35.09727880000006],[24.594861800000015,35.09681449999999]]],[[[24.478932100000012,35.15220980000005],[24.479152900000024,35.15240220000001],[24.479290200000065,35.152116600000035],[24.478932100000012,35.15220980000005]]],[[[24.78285190000019,35.420295700000096],[24.783468700000036,35.42050440000014],[24.782827,35.42013760000004],[24.78285190000019,35.420295700000096]]],[[[24.782369399999975,35.4212219],[24.782337099999985,35.42108610000007],[24.7822749,35.42114690000001],[24.782369399999975,35.4212219]]],[[[24.701981200000073,35.42673990000004],[24.701943300000124,35.42629670000006],[24.70182619999998,35.4262883000001],[24.701981200000073,35.42673990000004]]],[[[24.64440400539004,36.742287405390094],[24.644746505390163,36.741523605390114],[24.644108605390066,36.741511005390095],[24.64440400539004,36.742287405390094]]],[[[24.666117305389964,36.75247620539006],[24.66644410539001,36.75222570539008],[24.666125205390085,36.7522195053901],[24.666117305389964,36.75247620539006]]],[[[24.581013,36.759532100000044],[24.574885667324494,36.75583806044627],[24.5803266,36.76105919999996],[24.581013,36.759532100000044]]],[[[24.57158920000002,36.759747900000036],[24.571409400000032,36.7598239],[24.571601500000025,36.759847400000034],[24.57158920000002,36.759747900000036]]],[[[24.6046038,36.78107190000003],[24.65578880539001,36.77718850539002],[24.660194005389968,36.779330005390115],[24.66579050539008,36.75272660538998],[24.64373860539003,36.74317280539005],[24.61660000539012,36.75380580539011],[24.617501605390064,36.76075910539009],[24.6046038,36.78107190000003]]],[[[24.60792290000003,36.766754699999986],[24.61072270538994,36.76832870538997],[24.61106570539012,36.76756520539015],[24.60792290000003,36.766754699999986]]],[[[24.5783275,36.77386130000003],[24.578957699999986,36.774131],[24.5789737,36.77361769999999],[24.5783275,36.77386130000003]]],[[[24.58238690000002,36.77676930000007],[24.582831,36.772796700000036],[24.57956360000004,36.7751707],[24.58238690000002,36.77676930000007]]],[[[24.645093105390014,36.78237110538996],[24.64573930539005,36.782127105390074],[24.64510110538994,36.78211440538996],[24.645093105390014,36.78237110538996]]],[[[24.628156705390087,36.78741030539001],[24.628136105390134,36.787352605390026],[24.62810960539004,36.78736720539007],[24.628156705390087,36.78741030539001]]],[[[24.628233505390007,36.78766040539007],[24.628450405390062,36.787552005390005],[24.628292805390153,36.78734260539022],[24.628233505390007,36.78766040539007]]],[[[24.586172700000017,36.78840469999999],[24.586508,36.78789779999995],[24.5861888,36.78789140000007],[24.586172700000017,36.78840469999999]]],[[[24.587130200000043,36.788424100000015],[24.587465300000037,36.787917199999974],[24.586811,36.788417700000025],[24.587130200000043,36.788424100000015]]],[[[24.52611360000004,36.789096],[24.5261507,36.787941400000015],[24.5254795,36.78895490000006],[24.52611360000004,36.789096]]],[[[24.596112400000084,36.7973393],[24.596439800000034,36.797089],[24.59612059999999,36.79708260000002],[24.596112400000084,36.7973393]]],[[[24.595793399999984,36.7973329],[24.594524600000035,36.79705030000005],[24.5948117,36.79808360000005],[24.595793399999984,36.7973329]]],[[[24.5922156,36.8095895],[24.592862,36.80934570000005],[24.592223600000025,36.809332800000035],[24.5922156,36.8095895]]],[[[24.56433420000002,36.842669],[24.60625249999999,36.825541100000066],[24.59500620000003,36.82248880000006],[24.5756294,36.778429600000074],[24.538475899999987,36.7720155],[24.520557,36.82275679999995],[24.56433420000002,36.842669]]],[[[24.59487980000002,36.81632170000001],[24.5955263,36.81607789999999],[24.594887899999986,36.816065],[24.59487980000002,36.81632170000001]]],[[[24.5970344,36.81893370000002],[24.600506300000024,36.8202882],[24.60052240000002,36.81977470000006],[24.5970344,36.81893370000002]]],[[[24.53083140000003,36.831297],[24.53042950000002,36.831258100000056],[24.53096230000003,36.83127570000001],[24.53083140000003,36.831297]]],[[[24.530881200000028,36.83156030000007],[24.5309183,36.83150279999999],[24.5308685,36.8315334],[24.530881200000028,36.83156030000007]]],[[[24.53143950000004,36.83176329999996],[24.5312507,36.83148060000006],[24.531222900000035,36.83175129999997],[24.53143950000004,36.83176329999996]]],[[[24.484097300000027,37.1103946],[24.483165800000098,37.10960730000003],[24.48255929999998,37.109658700000026],[24.484097300000027,37.1103946]]],[[[24.4751268,37.12405980000002],[24.474345800000027,37.123992500000156],[24.47435390000003,37.12428110000007],[24.4751268,37.12405980000002]]],[[[24.560287100000114,37.14461710000006],[24.5611402,37.139994600000016],[24.55964130000013,37.140153800000036],[24.560287100000114,37.14461710000006]]],[[[24.497014,37.20735020000006],[24.532528300000127,37.19339270000009],[24.522862400000054,37.16118860000001],[24.534931800000074,37.15780860000011],[24.535121500000127,37.13167750000005],[24.516209399999916,37.145868],[24.51840540000005,37.122684200000094],[24.493306799999953,37.108566100000075],[24.49370629999999,37.1253591],[24.471982900000153,37.12602890000004],[24.460298100000013,37.122284900000054],[24.461010899999984,37.138224],[24.414459399999963,37.1215115],[24.44590680000015,37.19256640000007],[24.497014,37.20735020000006]]],[[[24.61100620539016,37.25018290539007],[24.611624105389936,37.25096590539006],[24.612266305389944,37.25097880539004],[24.611969405390116,37.2502024053901],[24.61100620539016,37.25018290539007]]],[[[24.61096160539003,37.25159420538994],[24.5982809000001,37.25402229999994],[24.583705100000046,37.25067920000012],[24.59881970000009,37.26036110000009],[24.61096160539003,37.25159420538994]]],[[[24.522626375012067,37.30626277723837],[24.530847922984577,37.30186577397609],[24.522787064128877,37.30038904675777],[24.522626375012067,37.30626277723837]]],[[[24.752292861355073,37.586968117464906],[24.753707819547238,37.58197771223648],[24.746824257797176,37.590393244208364],[24.752292861355073,37.586968117464906]]],[[[24.68239,37.59866880000017],[24.68207350000021,37.59826080000011],[24.6819877,37.598651800000155],[24.68239,37.59866880000017]]],[[[24.68513950000003,37.59938239999999],[24.685058800000117,37.599191500000025],[24.684916900000083,37.599284700000126],[24.68513950000003,37.59938239999999]]],[[[24.65598306590224,37.609826929709214],[24.65745364155278,37.60981188871195],[24.657400600000155,37.6083925],[24.65598306590224,37.609826929709214]]],[[[24.7393209,37.63233560000002],[24.745412440215194,37.591331149085036],[24.650042,37.60572920000002],[24.68567419804363,37.6065912555157],[24.706409196913313,37.63108518078793],[24.7393209,37.63233560000002]]],[[[24.51586720000005,37.940965400000024],[24.526488100000037,37.934755699999954],[24.526771200000034,37.93124479999996],[24.51586720000005,37.940965400000024]]],[[[24.601422,38.15953550000006],[24.599578100000016,38.1576076],[24.600158500000067,38.15896120000006],[24.601422,38.15953550000006]]],[[[24.624965733352226,38.759029092856274],[24.623630100894335,38.7470418913719],[24.594621507136594,38.75318904745666],[24.601740881742753,38.76449149497614],[24.624965733352226,38.759029092856274]]],[[[24.58374888398647,38.7689995],[24.592764083986474,38.75958780000002],[24.578853383986445,38.76663140000004],[24.58374888398647,38.7689995]]],[[[24.514152383986453,38.78895750000002],[24.512067883986475,38.78936780000002],[24.511146683986468,38.78939759999997],[24.512594283986445,38.7900693],[24.514152383986453,38.78895750000002]]],[[[24.516720783986457,38.793645],[24.51578038398645,38.7930366],[24.516488383986413,38.79385439999999],[24.516720783986457,38.793645]]],[[[24.52702258031357,38.797744732991696],[24.524657667023785,38.79597568147691],[24.523350428521844,38.79698525028611],[24.52702258031357,38.797744732991696]]],[[[24.499759692302792,38.83790124184668],[24.492080343521046,38.79846345682124],[24.478579085588116,38.80561676942709],[24.499759692302792,38.83790124184668]]],[[[24.52739978398649,38.84534110000007],[24.526738083986462,38.84541210000005],[24.52750028398641,38.845510200000035],[24.52739978398649,38.84534110000007]]],[[[24.473972283986424,38.849575500000036],[24.47563888398644,38.848487],[24.47439918398647,38.848441400000056],[24.473972283986424,38.849575500000036]]],[[[24.47905478398641,38.85572170000006],[24.478792783986457,38.856678],[24.478904583986463,38.8568726],[24.47905478398641,38.85572170000006]]],[[[24.470191383986478,38.861128200000074],[24.471000883986413,38.8610338],[24.470265983986437,38.86083880000001],[24.470191383986478,38.861128200000074]]],[[[24.492383383986425,38.97674690000002],[24.511102283986446,38.96071850000004],[24.5824936839864,38.92540310000004],[24.568260013054882,38.87493814808485],[24.666635,38.823910300000044],[24.68262430000002,38.80812610000002],[24.68347,38.77356170000004],[24.617078456093967,38.764369875034795],[24.5856225171572,38.79040890307214],[24.565300900446132,38.784091333438546],[24.565051336732164,38.76180863277664],[24.53045705237759,38.789056508573296],[24.568904883986438,38.80792939999996],[24.565003983986415,38.84107470000007],[24.539506383986417,38.83544970000003],[24.5337835839864,38.85016790000001],[24.503832183986443,38.8400242],[24.510825783986427,38.856776100000026],[24.481447283986423,38.8531359],[24.47760468398642,38.87405380000006],[24.432353583986437,38.8762769],[24.468101183986402,38.916279700000054],[24.44833158398642,38.94537649999998],[24.45535308398644,38.96416940000007],[24.492383383986425,38.97674690000002]]],[[[24.580397483986445,38.8727716],[24.580271383986386,38.8723811],[24.58015608398645,38.8725565],[24.580397483986445,38.8727716]]],[[[24.576457383986465,38.87449030000003],[24.576497183986493,38.874262800000025],[24.576365783986493,38.87425440000002],[24.576457383986465,38.87449030000003]]],[[[24.586225983986452,38.92370160000005],[24.585777983986457,38.923253],[24.585182583986445,38.922679099999975],[24.586225983986452,38.92370160000005]]],[[[24.584274483986498,38.92534820000004],[24.58299848398646,38.9238647],[24.584207983986435,38.92548529999998],[24.584274483986498,38.92534820000004]]],[[[24.586757083986427,38.924304700000036],[24.58722338398644,38.92519160000007],[24.587215683986464,38.9247283],[24.586757083986427,38.924304700000036]]],[[[24.5856385839864,38.92517690000004],[24.58550708398643,38.92478040000007],[24.58543468398646,38.92477],[24.5856385839864,38.92517690000004]]],[[[24.587985483986486,38.92622439999999],[24.587708783986454,38.92649989999998],[24.58809278398646,38.9265937],[24.587985483986486,38.92622439999999]]],[[[24.588269783986423,38.9270152],[24.588393183986426,38.927009],[24.58823228398643,38.9266668],[24.588269783986423,38.9270152]]],[[[24.587057083986434,38.9271843],[24.586939383986458,38.92689],[24.586901883986464,38.9269005],[24.587057083986434,38.9271843]]],[[[24.580459183986434,38.92804180000001],[24.580853083986444,38.9283695],[24.580609383986445,38.927766400000024],[24.580459183986434,38.92804180000001]]],[[[24.578933483986457,38.93318969999998],[24.579599283986425,38.93294670000007],[24.578942283986432,38.93293310000004],[24.578933483986457,38.93318969999998]]],[[[24.512171883986426,38.963176],[24.51174038398645,38.963592300000066],[24.512254283986437,38.963545600000025],[24.512171883986426,38.963176]]],[[[24.482897338881713,38.99429817986122],[24.480096883986473,38.9947763],[24.4826596591541,38.994935484191885],[24.482897338881713,38.99429817986122]]],[[[24.484275881301894,38.99565590826335],[24.483396466309742,38.995138681467395],[24.483301394418667,38.995591255120566],[24.484275881301894,38.99565590826335]]],[[[24.4857491839864,39.006338100000015],[24.483223783986467,39.0015516],[24.481472383986432,39.00494650000007],[24.4857491839864,39.006338100000015]]],[[[24.628564,40.55569430000005],[24.62803070000015,40.555086600000045],[24.627792200000147,40.55587380000003],[24.628564,40.55569430000005]]],[[[24.627987900000118,40.55716800000015],[24.618681100000188,40.560765],[24.62351590000008,40.562157300000145],[24.627987900000118,40.55716800000015]]],[[[24.73822190000003,40.599924],[24.73858900000013,40.600116300000074],[24.738713700000112,40.59989849999999],[24.73822190000003,40.599924]]],[[[24.594509500000033,40.616052200000034],[24.59437610000005,40.61642790000005],[24.594565100000068,40.61620410000002],[24.594509500000033,40.616052200000034]]],[[[24.594531800000016,40.6166094],[24.5946652,40.61636030000005],[24.594481700000067,40.616465800000036],[24.594531800000016,40.6166094]]],[[[24.76152070000007,40.61776720000009],[24.76154590000005,40.617653600000104],[24.7614807,40.61771460000015],[24.76152070000007,40.61776720000009]]],[[[24.78279020000014,40.663551600000176],[24.782328100000065,40.65444190000008],[24.777438699999962,40.655702500000146],[24.78279020000014,40.663551600000176]]],[[[24.77468190000021,40.681429],[24.77470570000018,40.681613400000174],[24.77477710000009,40.68153310000015],[24.77468190000021,40.681429]]],[[[24.656366300000077,40.79558010000002],[24.69436570000002,40.77683429999998],[24.715944300000018,40.7860922],[24.734642199999964,40.75886010000007],[24.785379600000184,40.73634760000004],[24.762123700000117,40.73171570000015],[24.75747070000006,40.71852960000016],[24.76097586787896,40.708652188270335],[24.7754869,40.705218],[24.780012,40.70468490000008],[24.78122840000002,40.70495430000013],[24.782154800000153,40.705619],[24.782536700000176,40.70544210000018],[24.77618350000003,40.701634],[24.783203500000067,40.68547940000005],[24.77938543028985,40.685224131422416],[24.762547800000068,40.67464430000013],[24.78280912765772,40.6249396205351],[24.774355410392488,40.60602611807762],[24.761003400000153,40.618654400000096],[24.644348700000076,40.567775200000156],[24.63976849999994,40.583024100000074],[24.60276,40.5940003],[24.608937100000087,40.60474870000004],[24.589192300000033,40.622205700000066],[24.527504800000038,40.620734600000084],[24.51133370000007,40.66275590000002],[24.562140557595004,40.760932478803376],[24.656366300000077,40.79558010000002]]],[[[24.781664900000116,40.704843],[24.781699400000136,40.70479280000018],[24.78164110000008,40.70479540000011],[24.781664900000116,40.704843]]],[[[24.78103810000013,40.70499180000006],[24.78101810000001,40.70509790000017],[24.781100600000126,40.70500320000009],[24.78103810000013,40.70499180000006]]],[[[24.763174600000188,40.731543600000094],[24.763236500000154,40.73150740000011],[24.763114500000196,40.7314900000001],[24.763174600000188,40.731543600000094]]],[[[24.729662200000078,40.767900900000136],[24.7287611000001,40.76817840000009],[24.728851200000086,40.76840130000007],[24.729662200000078,40.767900900000136]]],[[[24.70693390000002,40.8320989],[24.716638700000033,40.823187400000066],[24.698747200000046,40.83107529999999],[24.70693390000002,40.8320989]]],[[[24.7855808,34.91941270000009],[24.786396200000016,34.91934230000002],[24.785752400000018,34.919096],[24.7855808,34.91941270000009]]],[[[24.801160600000028,34.924318300000024],[24.800376400000047,34.92176910000006],[24.797825099999987,34.9225864],[24.801160600000028,34.924318300000024]]],[[[24.807328300000027,34.9284777],[24.8054335,34.926666600000026],[24.804788200000015,34.92745010000003],[24.807328300000027,34.9284777]]],[[[24.929704500000046,34.92939780000001],[24.929555700000044,34.9291559],[24.929469800000035,34.92941760000007],[24.929704500000046,34.92939780000001]]],[[[24.810374,34.933344],[24.81071730000001,34.93295690000007],[24.81011649999999,34.9330977],[24.810374,34.933344]]],[[[24.825402300000018,34.9360723],[24.824801500000028,34.93691659999999],[24.8255739,34.9370925],[24.825402300000018,34.9360723]]],[[[25.157339500000035,34.95338360000005],[25.157564800000042,34.95351110000004],[25.157538,34.953348400000074],[25.157339500000035,34.95338360000005]]],[[[23.73745787843279,35.6956949],[23.77384767843276,35.6686874],[23.761602678432766,35.652472200000034],[23.77931207843277,35.5453075],[23.841668378432768,35.52714290000003],[23.965677,35.5119717],[24.02879320000002,35.51591129999996],[24.047622600000103,35.52287420000006],[24.051759845090473,35.55219696048837],[24.086258800000145,35.55324910000011],[24.087803700000055,35.55639129999996],[24.082782600000105,35.56753490000017],[24.069549499999955,35.58296930000012],[24.07816040000012,35.592762],[24.122658200000036,35.60187430000007],[24.175574200000153,35.58609020000011],[24.20184040000007,35.539742],[24.1817712,35.50293490000011],[24.080987800000102,35.50910779999994],[24.059758700000028,35.49252469999996],[24.187975300000037,35.449236700000164],[24.243183,35.4755678000001],[24.26314719999998,35.4240929],[24.25965140000015,35.364081400000124],[24.279632100000082,35.3565391000001],[24.3555584,35.35144050000011],[24.42034040000012,35.36970070000006],[24.54058570000009,35.373676000000124],[24.6991686,35.427310299999924],[24.701901900000077,35.425956400000025],[24.711127700000073,35.4259900000002],[24.7137027,35.42444160000008],[24.73310859999997,35.42541320000004],[24.767617400000148,35.415995400000114],[24.7829385,35.41992810000007],[24.78782260000004,35.405953000000224],[24.8862258,35.421050400000034],[24.9556675,35.402320299999964],[24.9732059,35.432033300000164],[24.99016530000015,35.41319570000004],[25.018602900000115,35.42007109999995],[25.02694280000001,35.39892890000003],[25.044996099999977,35.40529780000007],[25.039407900000043,35.36016230000004],[25.054866400000115,35.341484],[25.156120600000058,35.35230429999993],[25.13453070000004,35.34310570000014],[25.2348703,35.33042319999998],[25.385914286525246,35.338374086525334],[25.392279186525197,35.31795778652535],[25.439558486525222,35.292184786525176],[25.48804908652522,35.295997286525385],[25.661063186525197,35.34809558652533],[25.69926908652533,35.33553068652539],[25.772668186525244,35.3414113865252],[25.7632893865253,35.32010108652525],[25.726892886525278,35.3031789865252],[25.721731686525295,35.26252278652523],[25.740347986525343,35.23198208652528],[25.714039686525332,35.21955868652532],[25.72309838652528,35.18945458652537],[25.715148886525295,35.18654658652528],[25.709472886525305,35.17535568652531],[25.727261300000045,35.12969740000003],[25.807692399999983,35.10965460000004],[25.84206780000005,35.13788610000001],[25.84807749999998,35.15613410000004],[25.89350918652524,35.17068638652528],[25.8961334865253,35.18778578652528],[25.91759078652525,35.17920298652536],[25.946277286525213,35.181184186525336],[25.963088286525288,35.20076798652524],[25.997851686525323,35.198845286525334],[26.025706,35.229623300000064],[26.065909799999922,35.23616090000012],[26.062709100000045,35.22457360000007],[26.084384,35.216825600000114],[26.11049560000004,35.22834050000015],[26.114278100000046,35.202340600000134],[26.16284469999995,35.19919990000011],[26.214986500000162,35.238231199999966],[26.23355129999998,35.2786319],[26.286773600000103,35.28486120000009],[26.27386640000005,35.2951911],[26.300995,35.30107210000009],[26.282158200000108,35.310402],[26.311214800000148,35.317359500000116],[26.307659,35.29411570000005],[26.2630348,35.26576],[26.277718700000072,35.222879800000044],[26.2692374,35.20774490000006],[26.3011407,35.18708810000003],[26.315821600000042,35.19872860000005],[26.31796360000007,35.180892200000024],[26.279745799999947,35.16711770000008],[26.28053790000002,35.111497],[26.231561300000042,35.033740900000055],[26.1107681,34.9951903],[26.0866101,35.018654],[26.0244097,35.013912],[25.977287100000026,35.03922260000002],[25.8984969,35.02863560000004],[25.795850899999987,34.9979],[25.68976590000005,35.014273700000025],[25.59509470000002,35.00714240000005],[25.50177480000002,34.98202820000008],[25.374175400000045,34.99862910000003],[25.28028670000003,34.98362729999999],[25.24689370000003,34.95743359999997],[25.1926719,34.9458079],[25.185435700000014,34.95405140000006],[25.16211960000001,34.95635150000001],[25.132805,34.9523662],[25.095358300000033,34.93188690000003],[25.0448695,34.9423063],[25.017170600000053,34.9292767],[24.951086800000013,34.93360370000002],[24.92407030000003,34.930261],[24.91903070000001,34.925554],[24.838389500000012,34.94078960000004],[24.7313666,34.92208280000005],[24.754686300000017,34.95045410000002],[24.7435097,34.9904818],[24.759938699999985,35.01208660000003],[24.739141199999988,35.0825039],[24.692461400000017,35.098008],[24.558025700000048,35.10072740000002],[24.5206033,35.143103599999954],[24.391841300000014,35.17242319999997],[24.4005684,35.181993200000036],[24.38736850000003,35.193333],[24.2839862,35.174445400000025],[24.23108630000004,35.17997730000003],[24.197856700000045,35.20097420000005],[24.030986899999984,35.19540080000008],[23.99004,35.22867490000004],[23.92342540000004,35.220898699999985],[23.826919578432754,35.249305800000045],[23.766455078432738,35.22844230000001],[23.697981378432733,35.238674],[23.673972078432758,35.22231729999997],[23.66382707843277,35.238501],[23.636161178432697,35.22846470000009],[23.636675578432747,35.2324031],[23.63491897843278,35.23377580000006],[23.596356178432767,35.236550199999954],[23.59058867843274,35.23109029999998],[23.577182078432703,35.238744],[23.578590078432736,35.26135140000003],[23.540469478432712,35.2705392],[23.514642478432748,35.306066],[23.54824627843279,35.32267360000005],[23.528346978432737,35.339106100000066],[23.53056627843278,35.38124190000005],[23.56791367843275,35.4246142],[23.553823478432722,35.464784],[23.578999378432734,35.48551839999998],[23.564571478432725,35.509943100000044],[23.586529378432733,35.563475100000026],[23.57619467843269,35.591102],[23.591024478432768,35.581706900000086],[23.599024578432797,35.62680880000003],[23.612853378432778,35.51990190000002],[23.638440978432687,35.519168],[23.656461478432735,35.4982384],[23.71791147843279,35.50723830000004],[23.72917977843272,35.54672719999998],[23.708421678432725,35.596284300000036],[23.709258978432732,35.659022],[23.73745787843279,35.6956949]]],[[[24.78676710000007,35.41699230000012],[24.78646870000009,35.41682820000011],[24.786287099999967,35.416889],[24.78676710000007,35.41699230000012]]],[[[24.783555700000075,35.42028960000008],[24.783513500000147,35.42019840000001],[24.783376700000037,35.420176100000184],[24.783555700000075,35.42028960000008]]],[[[24.783458700000057,35.42097460000019],[24.782842,35.42105770000007],[24.7835184,35.42101720000012],[24.783458700000057,35.42097460000019]]],[[[24.783963600000128,35.4214732],[24.78308820000016,35.42114690000001],[24.78295640000004,35.421489400000155],[24.783963600000128,35.4214732]]],[[[24.87654560000001,35.421387700000075],[24.87538690000003,35.42170249999997],[24.875494200000077,35.421894800000054],[24.87654560000001,35.421387700000075]]],[[[25.274569200000016,35.43590480000003],[25.27640570000012,35.43446730000007],[25.274066800000025,35.435116200000124],[25.274569200000016,35.43590480000003]]],[[[25.2245226,35.462928399999974],[25.24875530000011,35.45181260000014],[25.24068760000012,35.42377960000006],[25.223224500000065,35.4400039],[25.184032,35.4415511],[25.2245226,35.462928399999974]]],[[[25.190535400000055,35.46294079999998],[25.19122210000003,35.4633603],[25.191479600000086,35.462661200000085],[25.190535400000055,35.46294079999998]]],[[[25.265246100000052,37.36723910000011],[25.264933700000128,37.3674422],[25.26522110000011,37.36745540000015],[25.265246100000052,37.36723910000011]]],[[[25.26293940000011,37.37022450000007],[25.265633400000084,37.3720622],[25.26475100000011,37.36845320000005],[25.26293940000011,37.37022450000007]]],[[[24.871228,37.37403680000003],[24.87239531259392,37.37607659202401],[24.874242653551477,37.37546024545481],[24.871228,37.37403680000003]]],[[[24.875023300000098,37.380043000000164],[24.87646970000004,37.382138500000096],[24.877184099999972,37.38164790000031],[24.875023300000098,37.380043000000164]]],[[[24.861558400000135,37.38684519999998],[24.861595100000184,37.38794],[24.862059499999987,37.38808320000013],[24.861558400000135,37.38684519999998]]],[[[25.298338,37.38872959999996],[25.298424800000113,37.388856400000144],[25.298424800000113,37.38878739999996],[25.298338,37.38872959999996]]],[[[25.29860960000012,37.38876290000001],[25.298486400000026,37.389290300000184],[25.298755200000034,37.388694],[25.29860960000012,37.38876290000001]]],[[[25.2963957,37.39002810000012],[25.295219500000037,37.38861829999997],[25.295278899999957,37.390100400000144],[25.2963957,37.39002810000012]]],[[[24.956111100000015,37.39169980000001],[24.9558832,37.392372400000056],[24.956468564605828,37.39191986778413],[24.956111100000015,37.39169980000001]]],[[[25.29798660000005,37.39308150000016],[25.300262700000097,37.39208670000004],[25.29676320000005,37.39023830000006],[25.29798660000005,37.39308150000016]]],[[[24.873139700000053,37.39256750000002],[24.873417100000058,37.3925487000001],[24.87360420000013,37.39232550000009],[24.873139700000053,37.39256750000002]]],[[[25.268584600000025,37.411662400000104],[25.27703970000009,37.37993480000002],[25.26561560000009,37.372832599999974],[25.268584600000025,37.411662400000104]]],[[[24.868924499999967,37.392823000000135],[24.868944700000064,37.392387],[24.868494200000093,37.392774700000174],[24.868924499999967,37.392823000000135]]],[[[24.868374100000047,37.39286140000008],[24.86825410000007,37.3929073000001],[24.868433400000026,37.39293200000032],[24.868374100000047,37.39286140000008]]],[[[24.868522200000072,37.392862699999974],[24.86867970000014,37.392958],[24.868721800000095,37.39288620000013],[24.868522200000072,37.392862699999974]]],[[[24.882635900000018,37.39306580000009],[24.882383300000143,37.39282450000015],[24.882245800000163,37.392942600000126],[24.882635900000018,37.39306580000009]]],[[[24.88206030000008,37.39291340000011],[24.88179650000006,37.39301760000015],[24.882125900000123,37.393032800000015],[24.88206030000008,37.39291340000011]]],[[[24.87221870000006,37.39304210000008],[24.872268300000016,37.393126],[24.87232420000007,37.39305740000015],[24.87221870000006,37.39304210000008]]],[[[24.87275450000011,37.39346540000013],[24.87313960000021,37.39290420000009],[24.87260740000004,37.393499699999865],[24.87275450000011,37.39346540000013]]],[[[24.995672158873138,37.39523185636171],[24.990806604955647,37.39174642712229],[24.990267321867062,37.392943222866414],[24.995672158873138,37.39523185636171]]],[[[24.872463299999975,37.3934473],[24.87239780000014,37.393425700000236],[24.87240900000015,37.393475300000276],[24.872463299999975,37.3934473]]],[[[24.96140230000008,37.39372409999998],[24.961695400000057,37.39332960000005],[24.961247600000107,37.393698200000095],[24.96140230000008,37.39372409999998]]],[[[25.259692,37.392395],[25.262317200000023,37.39718620000016],[25.262060500000143,37.39435680000014],[25.259692,37.392395]]],[[[25.2627353,37.40001780000013],[25.2618946,37.40154660000017],[25.2614004,37.4020531000001],[25.26237200000011,37.401810399999945],[25.2627353,37.40001780000013]]],[[[25.22741949999999,37.43673820000006],[25.23345880000003,37.39907010000003],[25.256947000000107,37.39274030000018],[25.25328830000009,37.37701780000011],[25.239886100000174,37.38580910000006],[25.218102,37.3677594],[25.233810700000156,37.39779110000003],[25.215101200000042,37.399308100000184],[25.19853760000004,37.432191600000124],[25.22741949999999,37.43673820000006]]],[[[25.239619300000083,37.41097770000011],[25.240215,37.41304139999998],[25.24085890000018,37.41305100000011],[25.239619300000083,37.41097770000011]]],[[[25.243188099999948,37.423617],[25.246455599999972,37.4216106],[25.241698400000114,37.41845750000014],[25.243188099999948,37.423617]]],[[[24.955828700000087,37.42271250000008],[24.956044500000015,37.422453500000124],[24.95574670000007,37.42247250000014],[24.955828700000087,37.42271250000008]]],[[[24.955944600000063,37.422873100000096],[24.95602950000005,37.422884700000104],[24.956022299999965,37.422859899999985],[24.955944600000063,37.422873100000096]]],[[[24.95428760000013,37.42379010000014],[24.954283800000145,37.42369090000007],[24.954275,37.42367689999989],[24.9542384,37.423742],[24.95428760000013,37.42379010000014]]],[[[24.953493299999963,37.42437660000014],[24.9534362,37.424462300000044],[24.9535477,37.42439710000004],[24.953493299999963,37.42437660000014]]],[[[24.98397895008695,37.425792670115854],[24.987208903838187,37.42619455264331],[24.985048508861148,37.42395798553614],[24.98397895008695,37.425792670115854]]],[[[24.967664613583345,37.426823244820554],[24.980572976500795,37.42832205677745],[24.98173620731112,37.424711035096315],[24.967664613583345,37.426823244820554]]],[[[24.939380800000084,37.42927580000013],[24.93937620000005,37.429256],[24.939370900000146,37.429268500000106],[24.939380800000084,37.42927580000013]]],[[[24.93947730000004,37.42943270000019],[24.939447600000097,37.42935370000018],[24.939453200000017,37.42943940000015],[24.93947730000004,37.42943270000019]]],[[[25.20776480000002,37.43695550000011],[25.205851200000147,37.43615590000004],[25.20550480000007,37.437178],[25.20776480000002,37.43695550000011]]],[[[24.875782900000065,37.51029590000019],[24.946401468244556,37.48639020934073],[24.949094600000013,37.446775],[24.935563272665302,37.43348851217762],[24.93914570433676,37.42869674563847],[24.953420300000126,37.43130470000019],[24.9527038,37.42490080000018],[24.973439800000097,37.40093640000009],[24.876350800000164,37.36245590000013],[24.882989100000152,37.377840100000085],[24.873561300000095,37.38710249999995],[24.883149700000104,37.38774140000002],[24.884884500000148,37.391336500000165],[24.88225380000009,37.39657830000013],[24.854563,37.3969123000002],[24.87774429999999,37.421596699999974],[24.8611515,37.427618500000065],[24.900172600000175,37.445793600000066],[24.897862700000154,37.45958910000003],[24.889030000000155,37.461120500000035],[24.9018731,37.47289509999999],[24.901138900000145,37.49246200000015],[24.875782900000065,37.51029590000019]]],[[[25.300044300000156,37.4444838000001],[25.299704800000075,37.44524940000019],[25.300343100000124,37.44551550000015],[25.300044300000156,37.4444838000001]]],[[[24.94898460000018,37.45432710000021],[24.949084600000035,37.4543009],[24.948977200000055,37.45430180000012],[24.94898460000018,37.45432710000021]]],[[[24.950347200000063,37.45626540000017],[24.95047020000011,37.45623230000006],[24.95033350000021,37.456253900000135],[24.950347200000063,37.45626540000017]]],[[[24.95066550000012,37.45628520000028],[24.9506382,37.45633180000014],[24.950688,37.456328600000056],[24.95066550000012,37.45628520000028]]],[[[24.89628250000011,37.45711339999995],[24.89681830000009,37.4567855000001],[24.896071500000094,37.45684960000002],[24.89628250000011,37.45711339999995]]],[[[24.95116640000016,37.4572316],[24.951116400000117,37.45729840000001],[24.951189100000068,37.457284],[24.95116640000016,37.4572316]]],[[[24.950304,37.46451950000007],[24.950323700000112,37.46453790000005],[24.95033120000004,37.464525100000095],[24.950304,37.46451950000007]]],[[[24.95027650000009,37.46461020000012],[24.950285400000105,37.46455410000014],[24.95023320000003,37.464568300000074],[24.95027650000009,37.46461020000012]]],[[[24.950387400000178,37.465183200000105],[24.95100460000008,37.4645617],[24.950269100000067,37.46467310000001],[24.950387400000178,37.465183200000105]]],[[[24.88966990000016,37.46843040000018],[24.892422900000163,37.46854790000001],[24.891786300000078,37.4673547000001],[24.88966990000016,37.46843040000018]]],[[[24.892388100000158,37.469000899999955],[24.89240129999999,37.468690100000074],[24.892138800000108,37.468924000000165],[24.892388100000158,37.469000899999955]]],[[[24.892699000000125,37.46892520000009],[24.89267550000014,37.46904970000017],[24.892816300000078,37.4690090000002],[24.892699000000125,37.46892520000009]]],[[[24.941752600000072,37.49213620000009],[24.9413791,37.491979400000034],[24.9417677,37.4922265],[24.941752600000072,37.49213620000009]]],[[[24.993542,39.557331],[25.05733200000014,39.52991360000002],[24.986347000000116,39.46194460000003],[24.971530100000013,39.515865800000185],[24.993542,39.557331]]],[[[25.053973100000086,39.519586399999966],[25.05328870000005,39.52034540000002],[25.053267100000106,39.52111519999998],[25.05462850000012,39.51985420000017],[25.053973100000086,39.519586399999966]]],[[[25.053181100000053,39.524195200000094],[25.053527,39.5236873],[25.0533076,39.52359520000005],[25.053181100000053,39.524195200000094]]],[[[24.974597399999976,39.524392700000185],[24.975267600000066,39.5241476000001],[24.97460480000007,39.524136],[24.974597399999976,39.524392700000185]]],[[[25.06124580000007,39.538195700000166],[25.060713400000118,39.5394705000001],[25.06299800000019,39.54079260000017],[25.06124580000007,39.538195700000166]]],[[[25.002776900000118,39.56493640000004],[25.003245500000098,39.56597150000006],[25.0042918,39.56419210000011],[25.002776900000118,39.56493640000004]]],[[[25.236000100000208,39.79338620000008],[25.2367683000001,39.79094640000015],[25.23395540000012,39.79345869999998],[25.236000100000208,39.79338620000008]]],[[[25.23649980000018,39.79813510000007],[25.234855,39.7951249],[25.231641200000116,39.79704550000009],[25.23649980000018,39.79813510000007]]],[[[25.12998219999997,39.81201],[25.131324,39.811646],[25.12999620000014,39.81149670000011],[25.12998219999997,39.81201]]],[[[25.0456193,39.830075400000155],[25.044105399999964,39.83091210000009],[25.046960200000093,39.83172140000003],[25.0456193,39.830075400000155]]],[[[25.0708108000002,39.83600769999997],[25.07071820000017,39.83732120000007],[25.0719467000002,39.83684949999997],[25.0708108000002,39.83600769999997]]],[[[25.046107300000056,39.85812790000003],[25.045170200000168,39.85592930000002],[25.043783500000195,39.85783220000002],[25.046107300000056,39.85812790000003]]],[[[25.042770099999952,39.8583285000001],[25.041141500000123,39.85701719999997],[25.040772,39.85829480000013],[25.042770099999952,39.8583285000001]]],[[[25.22655960000008,39.86047790000017],[25.22626400000016,39.86046959999992],[25.2265885,39.86058860000007],[25.22655960000008,39.86047790000017]]],[[[25.228050600000056,39.86096490000011],[25.227264700000042,39.860437900000015],[25.2271574,39.860921700000056],[25.228050600000056,39.86096490000011]]],[[[25.21846710000003,39.86307780000013],[25.218513800000018,39.86372260000004],[25.218977800000033,39.86348419999996],[25.21846710000003,39.86307780000013]]],[[[25.218083500000112,39.869462400000124],[25.21689049999996,39.86282119999996],[25.21294970000007,39.86207990000015],[25.218083500000112,39.869462400000124]]],[[[25.223002500000117,39.882849800000095],[25.22376320000005,39.88400209999995],[25.22415480000013,39.88350809999995],[25.223002500000117,39.882849800000095]]],[[[25.231014600000172,39.88394820000018],[25.22902410000014,39.88355470000009],[25.228965100000043,39.883744],[25.231014600000172,39.88394820000018]]],[[[25.268184600000033,39.887564],[25.2666127000001,39.8831909],[25.264477500000034,39.88522410000007],[25.268184600000033,39.887564]]],[[[25.446181,40.03277330000009],[25.43190720000006,40.0180903],[25.446129,40.01236760000005],[25.44303430000006,39.98021660000004],[25.385084,39.940967],[25.3866306,39.9102132],[25.35584910000003,39.906597099999985],[25.371355500000025,39.889945700000034],[25.34058950000004,39.878406100000035],[25.355954600000036,39.85605810000004],[25.343229600000072,39.83990420000007],[25.372316200000036,39.80992180000001],[25.35155720000006,39.80192159999996],[25.35446860000001,39.7825863],[25.302018700000097,39.79317279999999],[25.29370530000006,39.82296240000008],[25.235471900000128,39.84984410000012],[25.269440400000168,39.86681140000012],[25.261535200000132,39.874517900000065],[25.278799600000045,39.89362590000014],[25.2553184,39.912115400000225],[25.190689599999967,39.883839500000015],[25.231764000000187,39.87879220000008],[25.202860200000178,39.87693520000005],[25.179710700000072,39.84894759999998],[25.21050520000013,39.83975669999998],[25.206016100000145,39.82244270000011],[25.226785599999957,39.79679670000015],[25.137082,39.8034828],[25.169575800000064,39.85509880000005],[25.136619200000084,39.83382800000014],[25.119501,39.85160390000003],[25.08804170000012,39.83327800000013],[25.067458400000056,39.841853],[25.04691450000006,39.83321590000007],[25.06658770000016,39.85332410000012],[25.047651100000138,39.8578507],[25.073032800000195,39.918139400000136],[25.047498900000075,39.93235430000014],[25.049996100000115,39.97690390000006],[25.03717470000017,39.98836530000002],[25.1402224,40.007291600000066],[25.15308360000011,39.98905790000016],[25.170461300000145,39.989884500000066],[25.233516600000023,40.00552370000009],[25.2727126,39.99014730000001],[25.264196800000104,39.963713500000075],[25.29175630000008,39.939656300000216],[25.31778720000005,39.967148299999984],[25.345798100000017,39.96482510000004],[25.336426700000036,39.97648970000011],[25.371395200000045,40.00202640000003],[25.369627600000076,40.0188887],[25.4008834,40.00519860000005],[25.446181,40.03277330000009]]],[[[25.2717591,39.9607331],[25.273051900000063,39.9612594000001],[25.273368400000116,39.96122650000006],[25.2717591,39.9607331]]],[[[25.0362512000001,39.9884762000001],[25.03686310000013,39.988842],[25.036911800000066,39.988530100000155],[25.0362512000001,39.9884762000001]]],[[[25.157456900000163,39.990158600000086],[25.15654370000002,39.99000140000002],[25.157253100000126,39.990454600000014],[25.157456900000163,39.990158600000086]]],[[[25.15406260000007,39.99792450000014],[25.152565900000035,39.9985163],[25.1556223,39.99870700000019],[25.15406260000007,39.99792450000014]]],[[[25.131852,40.02527800000011],[25.139979100000097,40.018303],[25.12535780000009,40.02012790000009],[25.131852,40.02527800000011]]],[[[24.7838850000001,40.624202200000106],[24.783260300000034,40.625186900000024],[24.784934900000117,40.62534010000008],[24.7838850000001,40.624202200000106]]],[[[24.784505900000184,40.68646230000007],[24.784786,40.68629540000009],[24.784610900000096,40.6862423],[24.784505900000184,40.68646230000007]]],[[[24.7860909,40.705355300000114],[24.78603230000013,40.7053734],[24.786106900000092,40.705403800000035],[24.7860909,40.705355300000114]]],[[[24.785747400000062,40.70628110000017],[24.78500150000015,40.705674499999965],[24.78435920000007,40.7045602],[24.78346020000011,40.70523789999994],[24.785747400000062,40.70628110000017]]],[[[24.7854377000001,40.7056226],[24.785391700000083,40.70560190000004],[24.78538770000012,40.70560900000012],[24.7854377000001,40.7056226]]],[[[24.785546400000122,40.70563020000011],[24.78554300000016,40.705656],[24.785565,40.70563830000002],[24.785546400000122,40.70563020000011]]],[[[25.68039910000003,34.870965],[25.731153400000025,34.88060470000003],[25.73360810000002,34.87305579999999],[25.68039910000003,34.870965]]],[[[25.7421253,34.87755089999999],[25.7462732,34.87491390000002],[25.74178190000002,34.875552699999965],[25.7421253,34.87755089999999]]],[[[26.128865800000053,34.91745350000002],[26.128954,34.917255700000084],[26.128922800000034,34.91721629999991],[26.128865800000053,34.91745350000002]]],[[[26.12866430000005,34.918820500000045],[26.128708800000013,34.9188962],[26.128717700000024,34.9188743],[26.12866430000005,34.918820500000045]]],[[[26.12914549999999,34.919626],[26.129025599999988,34.919429299999976],[26.128987300000045,34.9194407],[26.12914549999999,34.919626]]],[[[26.133474700000036,34.9235433],[26.13147190000003,34.9185236],[26.12914,34.9172861],[26.130148300000023,34.921320399999956],[26.130044,34.92158410000005],[26.1292204,34.921265199999986],[26.128748800000047,34.9211975],[26.128703100000017,34.92126690000006],[26.133474700000036,34.9235433]]],[[[26.1295701,34.92116670000004],[26.129252800000035,34.920887],[26.1291919,34.92089050000009],[26.1295701,34.92116670000004]]],[[[26.132919099999985,34.92149950000004],[26.1328871,34.92144020000008],[26.1328399,34.9214869],[26.132919099999985,34.92149950000004]]],[[[26.13326179999998,34.922421299999975],[26.133194,34.92242420000004],[26.133202700000044,34.9224513],[26.13326179999998,34.922421299999975]]],[[[26.1336878,34.92275489999997],[26.133611300000034,34.9227364],[26.133604300000034,34.92277339999998],[26.1336878,34.92275489999997]]],[[[26.131937700000048,34.9232645],[26.131965600000022,34.92326990000005],[26.13194550000003,34.92325439999998],[26.131937700000048,34.9232645]]],[[[26.132361700000025,34.9233475],[26.132335,34.92332920000006],[26.132333900000027,34.9233475],[26.132361700000025,34.9233475]]],[[[26.14683349999999,34.929330399999984],[26.146572,34.9294946],[26.146869700000043,34.92949569999996],[26.14683349999999,34.929330399999984]]],[[[26.12441260000003,34.94570220000005],[26.157706300000047,34.9410504],[26.1330886,34.92397220000003],[26.12441260000003,34.94570220000005]]],[[[26.127379,34.948336],[26.12737,34.949349],[26.128069,34.949018699999975],[26.127379,34.948336]]],[[[26.1258717,34.95451780000002],[26.125751100000024,34.954447],[26.125731899999987,34.95449270000001],[26.1258717,34.95451780000002]]],[[[26.1284004,34.95554589999998],[26.131226300000023,34.95368940000003],[26.126514300000032,34.953468400000055],[26.1284004,34.95554589999998]]],[[[26.132128899999987,34.95970550000006],[26.131781300000043,34.9597274],[26.1316282,34.959773200000015],[26.132128899999987,34.95970550000006]]],[[[26.132272,34.9622507],[26.136347600000043,34.9588985],[26.1316571,34.95720750000005],[26.13271670000003,34.95921940000005],[26.132272,34.9622507]]],[[[26.131788600000032,34.960313],[26.13221150000001,34.96038870000001],[26.132230900000028,34.9603489],[26.131788600000032,34.960313]]],[[[25.502765300000046,34.980909],[25.5017943,34.98112879999997],[25.502612400000043,34.981487],[25.502765300000046,34.980909]]],[[[25.5536522,34.992048300000064],[25.55376480000002,34.992114200000024],[25.55382010000004,34.992054],[25.5536522,34.992048300000064]]],[[[26.1103068,34.9923779],[26.1105823,34.992572500000044],[26.1107843,34.99240860000002],[26.1103068,34.9923779]]],[[[26.11612140000004,34.99503409999996],[26.116962200000046,34.993843799999965],[26.1151928,34.99374779999997],[26.11612140000004,34.99503409999996]]],[[[26.115300099999985,34.9958518],[26.11603320000003,34.9953587],[26.1150631,34.995144300000014],[26.115300099999985,34.9958518]]],[[[25.84012250000001,35.01038539999998],[25.8396129,35.0102184],[25.8397846,35.0105084],[25.84012250000001,35.01038539999998]]],[[[25.8740107,35.014558300000076],[25.874146600000017,35.0138912],[25.873437900000013,35.01407120000002],[25.8740107,35.014558300000076]]],[[[26.19831320000005,35.01575970000006],[26.19996120000003,35.014170300000025],[26.19767270000004,35.0151187],[26.19831320000005,35.01575970000006]]],[[[26.227808099999987,35.026885800000066],[26.2293514,35.0270493],[26.2289661,35.02646340000003],[26.227808099999987,35.026885800000066]]],[[[26.226963899999983,35.0298717],[26.22759370000001,35.028841399999976],[26.226634,35.02975060000003],[26.226963899999983,35.0298717]]],[[[26.23515430000004,35.03153080000005],[26.236767500000017,35.030009],[26.23462770000002,35.031506300000046],[26.23515430000004,35.03153080000005]]],[[[25.802844700000048,35.11551590000004],[25.803037800000034,35.11537549999998],[25.80260859999999,35.11542819999996],[25.802844700000048,35.11551590000004]]],[[[25.81036760000004,35.125013],[25.811718800000033,35.12664470000002],[25.81191890000002,35.1252723],[25.81036760000004,35.125013]]],[[[25.763495300000013,35.129470100000034],[25.761819800000016,35.1293879],[25.763529700000028,35.13036110000007],[25.763495300000013,35.129470100000034]]],[[[25.83158320000004,35.1316567],[25.830621300000026,35.13107380000002],[25.83060610000005,35.131285300000066],[25.83158320000004,35.1316567]]],[[[25.84730198652531,35.15725508652537],[25.84678698652536,35.15690418652521],[25.846658286525315,35.15743048652523],[25.84730198652531,35.15725508652537]]],[[[25.71437968652524,35.166465186525265],[25.714323486525373,35.166524186525145],[25.714386986525298,35.16650708652526],[25.71437968652524,35.166465186525265]]],[[[25.714767086525313,35.1843396865252],[25.71456148652534,35.18374648652542],[25.714489886525286,35.18372908652538],[25.714767086525313,35.1843396865252]]],[[[25.715180186525195,35.18523158652532],[25.71497688652526,35.184527186525266],[25.714903086525176,35.18451148652531],[25.715180186525195,35.18523158652532]]],[[[25.71571188652531,35.186237286525206],[25.715433286525368,35.18543458652526],[25.71535948652525,35.18541888652524],[25.71571188652531,35.186237286525206]]],[[[25.905851586525245,35.18858128652523],[25.90648948652527,35.186278986525274],[25.905055086525252,35.18753868652526],[25.905851586525245,35.18858128652523]]],[[[25.87091738652531,35.1979414865254],[25.862607286525297,35.18294358652538],[25.85186278652536,35.183597286525284],[25.87091738652531,35.1979414865254]]],[[[25.73300468652529,35.19440048652532],[25.73097308652519,35.201402886525194],[25.73471178652531,35.19982198652529],[25.73300468652529,35.19440048652532]]],[[[26.291420699999986,35.201600600000134],[26.291390200000066,35.199942300000046],[26.29033840000011,35.20063940000005],[26.291420699999986,35.201600600000134]]],[[[25.732457386525248,35.204137186525365],[25.731501286525237,35.201977786525305],[25.731346986525285,35.2036711865253],[25.732457386525248,35.204137186525365]]],[[[25.722392586525277,35.204143786525385],[25.722757386525245,35.20424898652532],[25.72262868652527,35.20398598652523],[25.722392586525277,35.204143786525385]]],[[[26.29679390000008,35.20799780000007],[26.29517530000012,35.201974900000025],[26.29310770000015,35.202350200000126],[26.29679390000008,35.20799780000007]]],[[[26.3055372,35.21093330000021],[26.304987800000067,35.21041510000009],[26.304914900000036,35.210792],[26.3055372,35.21093330000021]]],[[[26.104938600000136,35.22795409999995],[26.104878000000113,35.2277888],[26.1047798,35.22780970000013],[26.104938600000136,35.22795409999995]]],[[[26.266572100000154,35.25603539999987],[26.266829100000084,35.255872799999985],[26.267208,35.25532909999997],[26.266572100000154,35.25603539999987]]],[[[26.26873419999997,35.26030290000009],[26.268787799999956,35.2603511],[26.268777100000136,35.260298600000034],[26.26873419999997,35.26030290000009]]],[[[25.762096886525278,35.26824368652527],[25.760763986525305,35.26043558652527],[25.759104386525223,35.26077568652534],[25.762096886525278,35.26824368652527]]],[[[26.222603300000127,35.268074300000016],[26.222069300000015,35.266764099999975],[26.221334600000084,35.267103100000064],[26.222603300000127,35.268074300000016]]],[[[25.749057786525366,35.29336668652534],[25.75921818652524,35.287027986525196],[25.748604586525307,35.278105786525224],[25.758135086525346,35.249952186525356],[25.749281686525357,35.25625508652533],[25.73779458652523,35.25563198652521],[25.735681586525242,35.25630338652537],[25.735012086525266,35.25781278652513],[25.749057786525366,35.29336668652534]]],[[[26.33296539999998,35.28242470000009],[26.3399538,35.26711],[26.33060480000007,35.28011620000007],[26.33296539999998,35.28242470000009]]],[[[26.26824490000013,35.2931901],[26.267554600000054,35.29354760000005],[26.267819,35.293819099999936],[26.26824490000013,35.2931901]]],[[[25.461693686525233,35.29524328652534],[25.46115728652525,35.29545348652528],[25.461736586525202,35.29552348652521],[25.461693686525233,35.29524328652534]]],[[[25.46778768652529,35.29759008652536],[25.46778768652529,35.297292386525186],[25.467594586525305,35.297449986525336],[25.46778768652529,35.29759008652536]]],[[[25.73691028652532,35.29855428652533],[25.739700286525217,35.29696048652531],[25.737162686525217,35.29589838652547],[25.73691028652532,35.29855428652533]]],[[[26.310030099999935,35.300875000000104],[26.311369699999965,35.30019130000006],[26.31000490000002,35.30039230000018],[26.310030099999935,35.300875000000104]]],[[[26.262177400000134,35.30075190000003],[26.262398300000118,35.300611699999976],[26.26204920000002,35.30026670000003],[26.262177400000134,35.30075190000003]]],[[[26.32128660000002,35.307960200000146],[26.3214583,35.30817030000005],[26.3216729,35.30782010000014],[26.32128660000002,35.307960200000146]]],[[[26.287814000000132,35.31525880000007],[26.2877005,35.31511790000008],[26.287527100000084,35.315238800000024],[26.287814000000132,35.31525880000007]]],[[[26.287077200000148,35.315723600000155],[26.287450700000086,35.31536610000003],[26.287000700000043,35.31568950000018],[26.287077200000148,35.315723600000155]]],[[[26.287212300000093,35.31592840000004],[26.287038300000074,35.3159505000001],[26.287226700000055,35.31609710000009],[26.287212300000093,35.31592840000004]]],[[[26.287075600000023,35.316307600000144],[26.287186000000112,35.31615910000013],[26.287037,35.31616290000007],[26.287075600000023,35.316307600000144]]],[[[26.3009899,35.318775299999984],[26.300509200000015,35.318815500000206],[26.300911800000126,35.31891000000011],[26.3009899,35.318775299999984]]],[[[26.186735800000026,35.333538900000136],[26.17551179999998,35.322434600000186],[26.155321700000123,35.324750300000055],[26.186735800000026,35.333538900000136]]],[[[25.388042686525317,35.33784218652529],[25.387905286525307,35.33821898652519],[25.388361286525395,35.338118286525294],[25.388042686525317,35.33784218652529]]],[[[26.18678260000012,35.3515944000001],[26.1871771000001,35.34046160000004],[26.16732220000004,35.3346908000001],[26.15906460000002,35.33415450000004],[26.18678260000012,35.3515944000001]]],[[[26.17898410000003,35.35961390000005],[26.17906980000003,35.357043200000184],[26.17714,35.357340500000035],[26.17898410000003,35.35961390000005]]],[[[26.173734500000055,35.38397040000001],[26.177154400000056,35.374415700000135],[26.168971100000075,35.374279],[26.173734500000055,35.38397040000001]]],[[[25.302188,37.39267260000001],[25.30189510000015,37.391238900000126],[25.30122119999998,37.39159220000022],[25.302188,37.39267260000001]]],[[[25.33023879999997,37.40852009999995],[25.330008500000115,37.407949900000055],[25.330127,37.4085534000001],[25.33023879999997,37.40852009999995]]],[[[25.307347800000112,37.44202],[25.303293700000037,37.44324620000014],[25.306496900000056,37.44406270000018],[25.307347800000112,37.44202]]],[[[25.351338699999978,37.49992239999997],[25.37557350000004,37.46128459999998],[25.38406020000002,37.470064700000094],[25.379253,37.49205750000012],[25.38677770000001,37.49650470000008],[25.43004150000011,37.48275740000013],[25.42964160000009,37.47106440000006],[25.46114590000012,37.475038100000035],[25.459173900000014,37.445381700000084],[25.40604409999999,37.43362040000011],[25.399931599999967,37.41368930000015],[25.386658500000117,37.422687600000174],[25.348924,37.40326340000009],[25.3229803,37.422544],[25.305449300000042,37.402685900000044],[25.312685900000016,37.41949230000002],[25.29969059999996,37.431588599999984],[25.32378810000008,37.4270994],[25.329969,37.44906830000012],[25.309361700000128,37.471675600000104],[25.3118583000001,37.49217250000002],[25.351338699999978,37.49992239999997]]],[[[25.491155600000127,37.45709650000004],[25.490004800000108,37.4421835],[25.481475600000014,37.441817400000055],[25.477714300000027,37.45255730000014],[25.491155600000127,37.45709650000004]]],[[[25.48248370000012,37.455701100000034],[25.48183430000003,37.45594969999994],[25.48247329999992,37.45621480000003],[25.48248370000012,37.455701100000034]]],[[[25.48782560000011,37.46244820000008],[25.48813720000001,37.462965899999965],[25.4884699,37.462456400000164],[25.48782560000011,37.46244820000008]]],[[[25.377459799999976,37.4643494000001],[25.3776108,37.464190300000084],[25.377380200000125,37.46432330000008],[25.377459799999976,37.4643494000001]]],[[[25.377715200000143,37.46436470000011],[25.377849700000088,37.46432540000005],[25.377715200000143,37.46432540000005],[25.377715200000143,37.46436470000011]]],[[[25.377509200000187,37.46464580000008],[25.377641,37.46445840000006],[25.377399400000133,37.46460660000003],[25.377509200000187,37.46464580000008]]],[[[25.3668501,37.48575590000006],[25.367148499999978,37.48624930000011],[25.367373800000017,37.48593810000003],[25.3668501,37.48575590000006]]],[[[25.364736700000087,37.48643040000014],[25.3653619,37.48719460000007],[25.365711400000073,37.48707440000002],[25.364736700000087,37.48643040000014]]],[[[25.368741299999982,37.49182200000015],[25.36870970000003,37.49185680000007],[25.368763300000015,37.4918383000001],[25.368741299999982,37.49182200000015]]],[[[25.363101000000114,37.491998200000175],[25.36334179999998,37.4917085],[25.362654400000135,37.49185640000011],[25.363101000000114,37.491998200000175]]],[[[25.3670406000001,37.493581],[25.367198,37.491214100000136],[25.365713,37.491511800000076],[25.3670406000001,37.493581]]],[[[25.361547700000017,37.49323680000001],[25.36127580000013,37.4933939],[25.361571,37.493594200000075],[25.361547700000017,37.49323680000001]]],[[[25.36145449999992,37.493720500000016],[25.361605900000036,37.49414270000015],[25.361862200000125,37.49410260000003],[25.36145449999992,37.493720500000016]]],[[[25.38386320000001,39.908608],[25.38427970000002,39.90846270000002],[25.384207500000066,39.908402],[25.38386320000001,39.908608]]],[[[25.366501500000027,40.013628500000024],[25.36625,40.013544],[25.365686700000083,40.01411660000011],[25.366501500000027,40.013628500000024]]],[[[25.9267,40.240139],[25.976313,40.216196],[25.966279000000114,40.149092],[25.988436,40.14415200000011],[26.01276,40.162592],[25.993632,40.132129],[25.739152,40.091251],[25.665618,40.124706],[25.670753,40.153009],[25.792833,40.212759],[25.843437,40.210837],[25.9267,40.240139]]],[[[25.5669589,40.51019250000003],[25.68042790000006,40.47851320000008],[25.699625,40.46399240000007],[25.6966559,40.42262020000015],[25.559916000000143,40.395826600000134],[25.443412100000145,40.476007200000176],[25.4688174,40.472192100000086],[25.49482520000007,40.4949239000001],[25.5669589,40.51019250000003]]]]}},{"type":"Feature","properties":{"Id":617,"Title":"Pontike"},"geometry":{"type":"MultiPolygon","coordinates":[[[[28.636908500965514,40.36454688837822],[28.636605879823033,40.36425746608784],[28.636119404269802,40.36463381512294],[28.636908500965514,40.36454688837822]]],[[[28.634227473637957,40.3653799317388],[28.633988924575945,40.365481077243246],[28.634512689311144,40.36548134501018],[28.634227473637957,40.3653799317388]]],[[[29.263527778851113,40.859574128948594],[29.26407859800734,40.854964885996175],[29.26000588480705,40.85739029691503],[29.263527778851113,40.859574128948594]]],[[[29.032649368517408,40.96927654477777],[29.035480216650654,40.97044629346523],[29.036502239479418,40.968561941023054],[29.032649368517408,40.96927654477777]]],[[[29.96238567019935,41.140553057337],[29.96157755912544,41.14014494493785],[29.961539530369006,41.14073205320206],[29.96238567019935,41.140553057337]]],[[[29.875627143262687,41.14251755673754],[29.873939643262663,41.142189756737366],[29.87385084326262,41.14236365673737],[29.875627143262687,41.14251755673754]]],[[[29.872092443262844,41.14242385673747],[29.87152404326269,41.142892056737466],[29.87245654326271,41.14251755673754],[29.872092443262844,41.14242385673747]]],[[[29.872998243262728,41.14220985673746],[29.87240324326274,41.14311945673743],[29.87372654326263,41.143172956737565],[29.872998243262728,41.14220985673746]]],[[[29.644538650156093,41.17063502811345],[29.645097197515973,41.17188741403843],[29.645239805352517,41.17076026778327],[29.644538650156093,41.17063502811345]]],[[[29.61095624326263,41.18164245673752],[29.611138343262812,41.18080065673767],[29.610588343262812,41.181386456737485],[29.61095624326263,41.18164245673752]]],[[[29.607648684867673,41.18139097918346],[29.607270468865913,41.18128848959847],[29.607207183982005,41.18132659363769],[29.607648684867673,41.18139097918346]]],[[[29.609207558645974,41.181055938829715],[29.609674889636,41.18168646737894],[29.609968133774316,41.181279545353384],[29.609207558645974,41.181055938829715]]],[[[29.329284643262667,41.21697695673736],[29.329295343262647,41.216613756737495],[29.32912364326267,41.21681555673742],[29.329284643262667,41.21697695673736]]],[[[29.201521305406413,41.22378328824841],[29.200627629630596,41.222739270304594],[29.199486766938026,41.223668876136315],[29.201521305406413,41.22378328824841]]],[[[40.51813852032927,41.029370246299294],[40.618250490079376,41.05534167365511],[40.71933888550951,40.82295195840105],[40.915644418490515,40.59095451033261],[41.19404135617267,40.51600148864892],[41.347516591048745,40.430340892439],[41.42246961273241,40.301849998124155],[41.35287037831186,40.080560124581915],[41.16727241985705,39.92351569819716],[40.974536078384794,39.85570105953103],[40.80678407747379,39.848562676513524],[40.67115480014142,39.81287076142601],[40.510541182247906,39.67367229258504],[40.30352807474066,39.54161220676141],[40.09651496723342,39.54161220676141],[39.93947054084865,39.573734930340066],[39.81811802955128,39.64154956900635],[39.678919560710185,39.64868795202381],[39.643227645622765,39.71293339918122],[39.443352921133034,39.69865663314616],[39.36483070794062,39.64511876051502],[39.159602196187734,39.5951500793926],[39.009696152820474,39.620134419953764],[38.684899725524616,39.47736675960401],[38.49216338405236,39.45238241904282],[38.38508763878997,39.42025969546402],[38.38508763878997,39.345306673780414],[38.69899604910001,39.20225347811037],[38.76609684946434,39.19368741848926],[38.83319764982877,39.039498345311465],[38.786084321913386,38.84961735704632],[38.60191404006199,38.71969878612795],[38.48484455857526,38.701138990282416],[38.423454464624896,38.615478394072504],[38.43915890726337,38.5026919423963],[38.60048636345858,38.4527232612738],[38.66330413401256,38.40703760996184],[38.75610311323993,38.391333167323474],[38.78037361549933,38.348502869218464],[38.878883301140725,38.33850913299397],[38.88887703736527,38.25855924319803],[39.001663489041555,38.22715035792114],[38.92442618479227,38.130924954845284],[38.00714396704471,37.931050230355595],[36.51165272488054,37.83825125112818],[35.94772046649874,37.72760631435703],[35.612930302978185,37.69548359077839],[35.00467661759444,37.53141578865721],[33.462785885816615,37.01745221139788],[33.26188759651745,37.142978594730586],[33.56169968325203,37.45349825599148],[33.54742291721704,37.59269672483259],[33.625945130409455,37.95318506721589],[33.57954564079577,38.18875170679305],[33.40108606535847,38.68130013499993],[33.101273978623894,38.70271528405241],[32.571962877876906,38.6027779218075],[31.87240134216283,38.59207034728131],[31.53689734034077,38.606347113316275],[31.235776550052936,38.734243142379675],[31.10014727272057,38.84131888764205],[31.050178591598133,38.96088680318496],[31.026978846791273,39.1304233998504],[31.106660389182018,39.43123510498502],[31.273253060894756,39.821061956792605],[30.500523099251346,39.94955285110744],[30.063297139430038,40.11730485201848],[29.92409867058898,39.963829617142466],[29.7599158611867,39.997736936475555],[29.602871434801838,39.883522808195664],[29.536448384247315,39.7160749817166],[29.36988611383922,39.76068987557595],[29.352040156295477,39.80530476943526],[29.155734623314505,39.78151015937693],[29.066504835595858,39.88561157838206],[28.963117254892623,39.887277201086],[28.8679388146594,39.92725214598402],[28.767049668012156,40.01481631099854],[28.586210631569074,39.919637870765335],[28.441539402414595,39.98435921012393],[28.561464237108325,40.09476620079436],[28.424407283172577,40.241340998753664],[28.495789135294753,40.37825031618194],[28.53722997287874,40.386769940137576],[28.59423072907482,40.37051559775339],[28.638586743262696,40.36275825673739],[28.66229269587488,40.36117839068315],[28.796832743262655,40.39404125673747],[28.878874559835793,40.38165988418702],[28.925634843262774,40.35592095673752],[28.98512404326277,40.35622185673751],[29.058049843262694,40.36407235673742],[29.089154943262812,40.41584785673746],[29.15483844326277,40.424670556737404],[29.082150743262684,40.4778262567375],[29.02604725820721,40.47925043574346],[28.97346283689449,40.45684932025796],[28.89977597969719,40.47290175601683],[28.853519818870897,40.50636755712512],[28.780909543262656,40.518174956737475],[28.79256970817559,40.55086248099458],[28.816946141039857,40.5647597054447],[28.930324743262688,40.599843256737444],[28.996381109191585,40.645778006204246],[29.280761943262654,40.65993675673739],[29.34267274326264,40.67338895673763],[29.382004243262678,40.70145275673767],[29.459737738178998,40.695893626890005],[29.516297754254392,40.737946156943195],[29.50753513140258,40.717190366504305],[29.55728884326278,40.68640995673739],[29.81275353428552,40.73036835630404],[29.88770014326274,40.71428995673741],[29.93738484326266,40.720614356737514],[29.942853475189352,40.75170861047622],[29.917647540075677,40.76087268737496],[29.77921443275767,40.74191065503242],[29.732548743262722,40.772064256737664],[29.61742644326264,40.78366065673742],[29.571684943262653,40.766523756737335],[29.490381587394534,40.78062876687717],[29.388707018033,40.75333552349676],[29.35256712277475,40.759068695920284],[29.34955634878208,40.7831303705394],[29.33319209953569,40.790454668200404],[29.34814215440275,40.800036221066875],[29.32566674326287,40.818139956737504],[29.257171643262765,40.80267445673741],[29.287413993664654,40.85463590002366],[29.14343704326261,40.90202565673751],[29.095855543262626,40.95128585673752],[29.020753882553603,40.979560582165064],[29.007726362242366,41.019866946177906],[29.05202844326282,41.048113756737514],[29.0659499581307,41.10175629156296],[29.096521421396655,41.118341811617704],[29.07211735935731,41.14221277555444],[29.07448589372641,41.16583384940714],[29.16547654326268,41.22442925673748],[29.197597643262686,41.22028725673756],[29.256379843262646,41.23530375673747],[29.26787712789516,41.227709230504594],[29.35730674326268,41.21074695673752],[29.389483583732506,41.21543812766068],[29.575402370987103,41.17098927684607],[29.613701734039914,41.181060998395346],[29.63727753447739,41.17024141616389],[29.67905674326275,41.16183025673759],[29.767656743262634,41.16063125673735],[29.84599598728324,41.13826149419667],[30.020198887144684,41.13377233423367],[30.190923065381895,41.14594385349194],[30.192490043262683,41.16143425673758],[30.22174734326271,41.15937345673743],[30.22460274326284,41.18675425673747],[30.27079364326277,41.20970225673743],[30.459486243262656,41.15312825673742],[30.653273767992832,41.126790684222186],[30.757139113691675,41.08593812123388],[30.88689560738904,41.07482212453166],[31.012270000000132,41.07274351347511],[31.2517404000002,41.1043076134749],[31.34104030000005,41.13763851347492],[31.407655500000054,41.21031101347478],[31.406117609319235,41.26173470659089],[31.420699100000093,41.27475381347512],[31.392527700000155,41.292832613474985],[31.400885500000115,41.3158186134748],[31.616766,41.379762513474965],[31.846550100000073,41.49995591347505],[32.00224310000004,41.549178013475114],[32.03248115738128,41.58129068012428],[32.141229500000044,41.601500413474916],[32.28417200000018,41.72000681347504],[32.340624700000156,41.72291251347503],[32.38395550000015,41.753784113474985],[32.41620400000012,41.73905551347504],[32.50005410000014,41.802005713475076],[32.57243080000002,41.81115771347506],[32.580323,41.826901213475054],[32.907104,41.87155401347498],[33.0283360000001,41.927510413474714],[33.16509590000012,41.954204713474894],[33.343625,42.0195520134749],[33.78215055679345,41.97316509680728],[34.09801120000011,41.97903370000003],[34.29892400000016,41.94072430000003],[34.4901481000001,41.9765532000001],[34.55809167955486,41.94666444946973],[34.7179390000001,41.943241],[34.800442,41.955067],[34.857171194433846,41.98633349527506],[34.948469,42.073158],[34.94432750000012,42.09799230000011],[35.01625262969641,42.093073518831105],[35.05931303426024,42.03304386396071],[35.116776893694244,42.02294902460949],[35.18576652605576,42.04112184610417],[35.21137889350367,42.018036386632076],[35.122003724059574,42.01388759453187],[35.0892590494546,41.923623044477715],[35.131889,41.85583100000017],[35.20732920000004,41.80206230000003],[35.1928018459932,41.79395103823416],[35.20788096698429,41.76732926859892],[35.26528297124637,41.73733427433779],[35.277415670447326,41.71525345914772],[35.41852310000012,41.68191170000017],[35.470674297483214,41.6467645014272],[35.57312025760107,41.63207440325205],[35.74995288268293,41.66587117183861],[35.959978031473135,41.73470193825279],[36.01961077397208,41.68708805583005],[36.033414514837894,41.69735908013097],[36.064036050699364,41.68124654537011],[36.11477120000017,41.62491080000004],[36.13270200000015,41.550297],[36.11905810778411,41.49155008460231],[36.13306772187548,41.45949824930841],[36.23805749999999,41.35667050000014],[36.32725256023516,41.32292511911045],[36.33751208865838,41.293725991934544],[36.3937340398273,41.25193531788533],[36.465571,41.24612],[36.53678477229336,41.27089782325912],[36.65069754796493,41.380657770740676],[36.8354065996704,41.34832356177972],[37.01246411100757,41.27485719818541],[37.02617950430735,41.196500356961394],[37.05404000000013,41.174659],[37.141736,41.149154],[37.293178419223764,41.14522446613256],[37.29868200000018,41.121287],[37.39632765131275,41.10341069518093],[37.53655190000006,41.02147020000017],[37.57790307922497,41.030782390481214],[37.594127,41.03721700000012],[37.60948700000016,41.048443],[37.68278512106097,41.13651776045704],[37.70294320000011,41.11446619999999],[37.788087890065185,41.11158404615863],[37.77244770000013,41.0723341],[37.78389300000012,41.05208400000014],[37.80921970000011,41.02531510000006],[37.865413000000146,41.015048],[37.88263030000008,40.98582640000009],[38.000153000000196,40.98074],[38.18991470000011,40.938998300000044],[38.283007500000195,40.94562190000002],[38.35815190000006,40.90916910000003],[38.38993479191532,40.92453459701896],[38.4818954,40.91390820000015],[38.535358500000115,40.91846470000006],[38.641829000000214,40.97373600000013],[38.673454,40.94892700000011],[38.71435120000014,40.950583100000095],[38.79248300000017,41.001063],[38.87144780000012,41.01116680000003],[38.93363809999996,41.04341660000004],[39.053217400000094,41.036806600000055],[39.163625974764706,41.07896377064954],[39.27791850000006,41.04984000000021],[39.419440100000024,41.10736170000011],[39.48735481682122,41.09138212735799],[39.56529361130107,41.02596940610017],[39.64648180000006,40.996055000000126],[39.72261447079728,41.01263110333529],[39.82945790000019,40.985143],[39.85383175773974,40.958963128540574],[40.036416,40.9589043],[40.08884272348785,40.91940049838228],[40.145368200000206,40.912214],[40.25016580000002,40.93702219999999],[40.38258340254942,41.02457968287661],[40.500368500000086,41.04087240000003],[40.51813852032927,41.029370246299294]],[[40.23000950214296,40.75493354466152],[40.23003646396561,40.75494701795124],[40.512759135293706,41.03263031618166],[40.23000950214296,40.75493354466152]]],[[[37.593845500000015,41.039429799999965],[37.59419440000014,41.039386300000174],[37.59399950000015,41.03914490000008],[37.593845500000015,41.039429799999965]]],[[[37.59863120000005,41.04130060000006],[37.59953930000004,41.0415294],[37.59944460000002,41.041372600000024],[37.59863120000005,41.04130060000006]]],[[[37.729196300000176,41.117247],[37.7280643000001,41.11776090000004],[37.72912260000007,41.11810530000004],[37.729196300000176,41.117247]]],[[[29.983577194713604,41.13633577342012],[29.983957482277795,41.13659354388452],[29.98438530578752,41.1362641703336],[29.983577194713604,41.13633577342012]]],[[[29.963450475379076,41.13915687282332],[29.963260331597,41.13908527281641],[29.963127230949492,41.13937883234825],[29.963450475379076,41.13915687282332]]],[[[32.145281,41.607147513474956],[32.146160600000215,41.60667581347501],[32.14503230000005,41.60645661347483],[32.145281,41.607147513474956]]],[[[33.07073420000007,41.93677381347495],[33.070326500000064,41.937125013475026],[33.0708007,41.93707231347495],[33.07073420000007,41.93677381347495]]],[[[33.18093180000019,41.966658713475056],[33.180599200000174,41.96655501347506],[33.18120650000014,41.966815113475086],[33.18093180000019,41.966658713475056]]],[[[33.200351,41.974005413475076],[33.20072650000005,41.97388571347502],[33.200351,41.97387771347489],[33.200351,41.974005413475076]]],[[[33.202239300000116,41.974468013474784],[33.20132730000017,41.974316413475044],[33.2020891000001,41.974882713475054],[33.202239300000116,41.974468013474784]]],[[[33.20791480000004,41.97659761347482],[33.20839330000002,41.97664231347501],[33.20809720000004,41.97633441347495],[33.20791480000004,41.97659761347482]]],[[[35.04885753473072,42.04773416276534],[35.04957971229199,42.04852726580532],[35.049912832721354,42.04853898809243],[35.04885753473072,42.04773416276534]]]]}},{"type":"Feature","properties":{"Id":2,"Title":"Thrakike"},"geometry":{"type":"MultiPolygon","coordinates":[[[[26.077549135294188,40.616670316181576],[26.143058,40.591003],[26.10285,40.60071100000017],[26.077549135294188,40.616670316181576]]],[[[29.107983143262594,41.22175215673743],[29.10771714326261,41.221564956737396],[29.10749394326259,41.22161005673745],[29.107983143262594,41.22175215673743]]],[[[29.10161223243427,41.24173236625118],[29.101949243262695,41.24139445673752],[29.101465743262658,41.241458856737424],[29.10161223243427,41.24173236625118]]],[[[29.09782384326278,41.24343975673736],[29.09761464326267,41.243229956737466],[29.09752344326255,41.24329045673742],[29.09782384326278,41.24343975673736]]],[[[27.66877111080659,43.190078271831204],[27.660725328364965,43.18415924147476],[27.654837474036434,43.18572690811167],[27.66877111080659,43.190078271831204]]],[[[27.744521038123303,43.19301946703062],[27.74384751567095,43.19243525749035],[27.743461114290483,43.19256457055182],[27.744521038123303,43.19301946703062]]],[[[27.88772082474929,43.20034487962369],[27.899224523565852,43.18847887533869],[27.911128000000105,43.188681600000045],[27.907351979257253,43.18503082873217],[27.88944464443875,43.1886178269626],[27.88772082474929,43.20034487962369]]],[[[28.581677195241063,43.804585955246175],[28.57787060000007,43.8010779],[28.58109560000008,43.8052877],[28.581677195241063,43.804585955246175]]],[[[29.756742748491256,45.30389943725579],[29.756277859134112,45.30264152093955],[29.756238386828077,45.30330355768411],[29.756742748491256,45.30389943725579]]],[[[29.68648717078377,45.458236747336855],[29.68695777664453,45.45729646437764],[29.68556330000003,45.4576968],[29.68648717078377,45.458236747336855]]],[[[29.6097397,45.478943800000046],[29.617312900000115,45.4753736],[29.617305,45.4750263],[29.6097397,45.478943800000046]]],[[[26.077549135294188,40.616670316181576],[26.060625569191544,40.639302698849164],[26.05455913529456,40.69802031618188],[26.083989640067717,40.71033776478137],[26.083234340687937,40.72976904908205],[26.047793753089586,40.81315046261338],[26.022229135294793,40.82896031618275],[26.004522603152708,40.815561527381874],[25.91725590978535,40.84746500020286],[25.54816160421576,40.86088746825676],[25.444937533171167,40.901389000422434],[25.379576,40.90989],[25.3322789,40.94334510000007],[25.2940877894109,40.942192853393905],[25.264804994324514,40.92233919059982],[25.250152691761084,40.93591775815088],[25.12728266145208,40.9534335487088],[25.139385200000035,40.99286380000004],[25.08273873612494,41.00609355434661],[24.999895081702757,40.961207791995335],[24.988690378194605,40.93240478135088],[24.800568655518298,40.89782725918176],[24.712875584600553,40.89482292997348],[24.58539913529395,40.9342703161819],[24.556322193086533,40.995922244165904],[24.17798789315954,41.31536488419858],[23.685855870628686,41.595100268696484],[23.03150409402532,41.690278708929775],[23.19568690342763,41.9710551076177],[24.582912669826673,43.3035532708827],[24.61146620189665,43.741374095955514],[24.973144274782847,43.762789245007916],[25.487107852042207,43.667610804774725],[25.819505654466674,43.79078819204913],[26.23744906850475,44.02151795459273],[26.59152719418145,44.060764217546506],[26.93500987408993,44.172056538010736],[27.458015403171366,44.105431629847466],[27.55795276541628,44.205368992092396],[27.971978980430762,44.288650127296414],[28.074295803681427,44.46235078072208],[28.0647779596581,44.55752922095526],[27.907733533273337,44.69077903728178],[27.93390760433743,44.82402885360822],[27.912492455284998,45.216639919570284],[28.07905472569309,45.28564428873931],[28.067157420663985,45.4783806302116],[28.112367179774694,45.50931362328737],[28.183751009949603,45.44982709814167],[28.269411606159498,45.53310823334569],[28.447871181596827,45.40461733903086],[28.79408275794513,45.29040321075098],[28.879743354154986,45.406996800036715],[28.996336943440706,45.345130813885106],[29.060582390598135,45.4712422471941],[29.260457115087867,45.51169308429317],[29.3591791352935,45.46068031618218],[29.416369135294786,45.50938031618158],[29.48383913529471,45.53225031618222],[29.57146913529468,45.52178031618129],[29.607537,45.475827600000024],[29.657859135293464,45.44467031618277],[29.664749135293683,45.47567031618182],[29.68118940000004,45.453534000000104],[29.722682241891754,45.4693456034127],[29.718349135293177,45.45114031618152],[29.730779135294025,45.48355031618296],[29.744499135294845,45.47792031618145],[29.763826241752326,45.42872547567673],[29.757499135293834,45.41492031618138],[29.736579135294892,45.42572031618145],[29.73435913529451,45.41294031618226],[29.755749135294586,45.404670316182084],[29.764696312282908,45.32542050998385],[29.735639135294736,45.270000316182454],[29.74198598057413,45.239888461401314],[29.70377913529386,45.22503031618184],[29.720139135293536,45.24211031618139],[29.707339135294763,45.25336031618284],[29.67877913529428,45.22206031618216],[29.633389135295,45.227420316181394],[29.644256178765396,45.167418399345266],[29.61117913529404,45.16844031618151],[29.691059135293283,45.163360316182775],[29.65347909250844,45.09404777417575],[29.622804146862336,44.88206060892174],[29.60061866134254,44.837397454923845],[29.255739400000017,44.79821050000005],[29.11413913529376,44.76539031618269],[28.97181520000007,44.6590192],[28.858963026044343,44.51291367388401],[28.705106153507316,44.36811260768117],[28.625677200000055,44.32336220000002],[28.638275612051025,44.32429641611797],[28.624372500000074,44.2443309],[28.665557780816346,44.17214153804176],[28.639017172801168,44.163727237817845],[28.637474100000016,44.09900170000003],[28.66771698150647,43.9881810857205],[28.634035405710378,43.9464777360292],[28.608266169642228,43.851046067473064],[28.57598688583475,43.80041154888259],[28.567795600000046,43.60146200000015],[28.604171133163064,43.54584915439878],[28.5550652,43.44793410000002],[28.49825810000003,43.4111461],[28.46565913529365,43.36063031618147],[28.450439,43.380652600000055],[28.35574380000001,43.41342120000006],[28.14640913529355,43.4040503161815],[28.087195800000032,43.370833],[28.01389231702192,43.227270529253325],[27.920581430007907,43.1966419041386],[27.857760900000013,43.2102476],[27.833053653761134,43.19509865458871],[27.79285809186302,43.20507123167741],[27.761905800000086,43.19049560000005],[27.74472319342628,43.196820667709794],[27.69472488592493,43.1989102692505],[27.64809212336671,43.19376410672251],[27.645781876414244,43.189147785656],[27.65988650000006,43.18258770000015],[27.704372800000048,43.195481100000045],[27.81436710000006,43.18089009999998],[27.872742600000073,43.19673320000005],[27.916122800000075,43.173367],[27.946170300000027,43.171636],[27.913074594690844,43.06261245598936],[27.889064102097475,43.039293780649125],[27.906309677625394,42.92906331956609],[27.9011691352935,42.854390316182396],[27.882111583177434,42.839889800237835],[27.901197484978464,42.709505750709845],[27.730362584283686,42.70868509290593],[27.712859,42.684504000000125],[27.721816798156024,42.663481161476376],[27.676839135293964,42.63686031618257],[27.646637523433693,42.638666940946294],[27.625599135293303,42.61281031618285],[27.627259135293375,42.57558031618273],[27.649418376246754,42.55391704378619],[27.6168737,42.56526930000003],[27.519954500000015,42.5563477],[27.49285,42.53233660000005],[27.482405165819255,42.48995312015767],[27.39798013793669,42.51809839649602],[27.3427791352949,42.4921403161826],[27.35583952223043,42.48028200641284],[27.412972454380782,42.48450139627832],[27.46454913529492,42.44574031618119],[27.467159135294317,42.42587031618116],[27.474119324401734,42.4577731767617],[27.515009135293393,42.428740316181695],[27.54017210875925,42.4569520396607],[27.577413,42.445823099999984],[27.586594600000055,42.46305829999998],[27.610499,42.444473],[27.627605608834507,42.458630524245436],[27.65151300916997,42.45068359906425],[27.645457,42.423364],[27.661781,42.410821],[27.69199921887436,42.42186536942487],[27.72701305456732,42.410014925718926],[27.706727700000066,42.39526950000004],[27.72303816691068,42.37835174611831],[27.709282013694477,42.36924731663736],[27.71788913529391,42.35188031618229],[27.74003920000004,42.32794270000005],[27.783781480484258,42.335736928175585],[27.771409598957124,42.32042222137711],[27.7931891352942,42.30665031618275],[27.752659135294024,42.28625031618167],[27.765776949917676,42.26522709206468],[27.749789135294186,42.253310316182436],[27.841333749619977,42.19403277624022],[27.85209,42.165853],[27.89761520000005,42.14130830000017],[27.925637100000152,42.10275],[27.9462985739575,42.10419832143485],[28.015149000000143,42.02747130000018],[28.05706256052487,41.885131217811974],[27.999144806769888,41.88834856940561],[27.97939913529412,41.865960316181194],[27.97946913529442,41.833780316183116],[28.041902783996303,41.75116807327214],[28.044988472632532,41.72608012490914],[28.10509155690259,41.66964526392123],[28.08807505365478,41.65718800664411],[28.097016100000094,41.63114260000003],[28.220509843262743,41.52462075673754],[28.619503543262702,41.35689625673745],[28.84374447244845,41.28359342251392],[29.01417374326271,41.24559125673739],[29.07706954217202,41.253437118638686],[29.113423843262662,41.234804456737585],[29.106166243262717,41.220115256737515],[29.109128698017297,41.210137960952586],[29.036307744702576,41.156706433997165],[29.07189719706291,41.12340728970765],[29.054347636028584,41.11394085655131],[29.05683504326279,41.08313625673757],[29.032719135293455,41.049780316181376],[28.980529135294876,41.0250003161817],[28.94644913529358,41.04680031618212],[28.948279643262623,41.064345156737396],[28.943831743262674,41.0647499567375],[28.938912487545515,41.04364030974161],[28.985394243262757,41.00583595673743],[28.820574767735017,40.95524773805693],[28.76733450874912,40.98338030305271],[28.60445659901878,40.966611719951096],[28.59947361705982,41.009427438097724],[28.580727351509612,41.025778229091706],[28.58588913529427,41.05718031618201],[28.542804504424566,41.0898723650156],[28.53352913529473,41.08470031618121],[28.563991225220494,41.05272421979257],[28.54205410787492,40.98464826784215],[28.411236743262787,41.04431025673738],[28.260569046895487,41.06271704018342],[28.231579135293526,41.07868031618251],[28.023244838290665,41.03872586248843],[27.99066820000005,41.018493],[27.959036045706288,40.96476459120897],[27.877602778936176,40.96608318157791],[27.84355160000006,40.99110770000007],[27.758078000000104,41.01391189999999],[27.51540234977732,40.975818928988375],[27.470259234946337,40.91391745582323],[27.455069135293947,40.84597031618228],[27.346409135294024,40.76880031618195],[27.309055246533315,40.7029567396981],[27.135294319770324,40.61365450649182],[27.042005900000174,40.597992800000085],[26.99547307570103,40.55590311151375],[26.90004460000003,40.53646630000006],[26.698718,40.45411400000012],[26.69941629141515,40.420032076228914],[26.6401219055876,40.40224336194949],[26.625761296445074,40.38388784694396],[26.632085085403933,40.36417131241745],[26.590045979050473,40.321487185604234],[26.512559195776145,40.29047973017202],[26.435779136567053,40.22999398676582],[26.358919,40.204312],[26.381068302327304,40.144042928635876],[26.215761082632806,40.05021304751143],[26.16838761960091,40.05018366530367],[26.266964,40.191698000000116],[26.281984,40.24365900000017],[26.238853757067876,40.29211855620176],[26.244039,40.311203],[26.22033753980518,40.31966190034281],[26.311732,40.366573],[26.331904,40.363481000000114],[26.451125,40.43869700000018],[26.636296270860598,40.50902993896707],[26.704522,40.510231],[26.741022218507307,40.55365395307087],[26.77168,40.545943],[26.83549554060051,40.58156978815332],[26.836498,40.604208],[26.820126079390906,40.64646581747885],[26.786392274876878,40.6575559591799],[26.610265,40.637686000000116],[26.533151585647094,40.59197896826287],[26.458467300000027,40.61646890000004],[26.303039,40.590796000000125],[26.153327566777513,40.58968963570067],[26.077549135294188,40.616670316181576]]]]}}]}