{"type": "FeatureCollection", "features": [{"type": "Feature", "geometry": {"type": "Point", "coordinates": [35.661854, 34.256048]}, "properties": {"id": "668214", "uid": "815", "title": "Botrys", "province": "Phoinike", "diocese": "Anatolike", "honigmann_page": "41", "hierokles_section_line": "716,1", "external_references": "BA 68 A5"}}, {"type": "Feature", "geometry": {"type": "Point", "coordinates": [28.267472, 38.5792]}, "properties": {"id": "550869", "uid": "417", "title": "Satala", "province": "Lydia", "diocese": "Asiane", "honigmann_page": "26", "hierokles_section_line": "671,7", "external_references": "BA 56 G4"}}, {"type": "Feature", "geometry": {"type": "Point", "coordinates": [29.549677, 36.809338]}, "properties": {"id": "639013", "uid": "565", "title": "Oinoanda", "province": "Lykia", "diocese": "Asiane", "honigmann_page": "31", "hierokles_section_line": "685,4", "external_references": "BA 65 C4"}}, {"type": "Feature", "geometry": {"type": "Point", "coordinates": [31.171507, 36.9392952333]}, "properties": {"id": "638776", "uid": "523", "title": "Primoupolis", "province": "Pamphylia", "diocese": "Asiane", "honigmann_page": "30", "hierokles_section_line": "682,1", "external_references": "BA 65 F4"}}, {"type": "Feature", "geometry": {"type": "Point", "coordinates": [31.452319, 37.9959233333]}, "properties": {"id": "639008", "uid": "421", "title": "Neapolis", "province": "Pisidia", "diocese": "Asiane", "honigmann_page": "26", "hierokles_section_line": "672,3", "external_references": "BA 65 F2"}}, {"type": "Feature", "geometry": {"type": "Point", "coordinates": [20.02213975, 39.74547525]}, "properties": {"id": "530824", "uid": "235", "title": "Bouthrotos", "province": "Palaia Epeiros", "diocese": "Illyrikon", "honigmann_page": "19", "hierokles_section_line": "652,4", "external_references": "BA 54 B2"}}, {"type": "Feature", "geometry": {"type": "Point", "coordinates": [19.7354265, 40.5451505]}, "properties": {"id": "481777", "uid": "243", "title": "Boullis", "province": "Nea Epeiros", "diocese": "Illyrikon", "honigmann_page": "20", "hierokles_section_line": "653,4", "external_references": "BA 49 B3"}}, {"type": "Feature", "geometry": {"type": "Point", "coordinates": [27.690683, 39.36872]}, "properties": {"id": "550577", "uid": "342", "title": "Germe", "province": "Hellespontos", "diocese": "Asiane", "honigmann_page": "23", "hierokles_section_line": "663,2", "external_references": "BA 56 F3 (Hiera) Germe"}}, {"type": "Feature", "geometry": {"type": "Point", "coordinates": [21.705878, 36.81618]}, "properties": {"id": "570483", "uid": "188", "title": "Mothone", "province": "Hellas", "diocese": "Illyrikon", "honigmann_page": "18", "hierokles_section_line": "647,17", "external_references": "BA 58 B4"}}, {"type": "Feature", "geometry": {"type": "Point", "coordinates": [22.739171, 38.395501]}, "properties": {"id": "541113", "uid": "138", "title": "Stiris", "province": "Hellas", "diocese": "Illyrikon", "honigmann_page": "17", "hierokles_section_line": "644,7", "external_references": "BA 55 D4"}}, {"type": "Feature", "geometry": {"type": "Point", "coordinates": [22.25209, 38.871397]}, "properties": {"id": "540827", "uid": "111", "title": "Hypata", "province": "Thessalia", "diocese": "Illyrikon", "honigmann_page": "16", "hierokles_section_line": "642,7", "external_references": "BA 55 C3"}}, {"type": "Feature", "geometry": {"type": "Point", "coordinates": [34.1527925, 37.589731]}, "properties": {"id": "648614", "uid": "675", "title": "Kybistra", "province": "Kappadokia II", "diocese": "Pontike", "honigmann_page": "36", "hierokles_section_line": "700,4", "external_references": "BA 66 E1"}}, {"type": "Feature", "geometry": {"type": "Point", "coordinates": [19.473197, 40.484898]}, "properties": {"id": "481750", "uid": "246", "title": "Aulon", "province": "Nea Epeiros", "diocese": "Illyrikon", "honigmann_page": "20", "hierokles_section_line": "653,7", "external_references": "BA 49 B3"}}, {"type": "Feature", "geometry": {"type": "Point", "coordinates": [28.163044, 43.409932]}, "properties": {"id": "216793", "uid": "48", "title": "Dionysopolis", "province": "Skythia", "diocese": "Thrakike", "honigmann_page": "13", "hierokles_section_line": "637,2", "external_references": "BA 22 F5"}}, {"type": "Feature", "geometry": {"type": "Point", "coordinates": [29.1652245, 37.4998465]}, "properties": {"id": "639096", "uid": "609", "title": "Sebastopolis", "province": "Karia", "diocese": "Asiane", "honigmann_page": "33", "hierokles_section_line": "689,3", "external_references": "BA 65 B3"}}, {"type": "Feature", "geometry": {"type": "Point", "coordinates": [22.374172, 38.518403]}, "properties": {"id": "540630", "uid": "132", "title": "Amphissa", "province": "Hellas", "diocese": "Illyrikon", "honigmann_page": "17", "hierokles_section_line": "644,1", "external_references": "BA 55 C3"}}, {"type": "Feature", "geometry": {"type": "Point", "coordinates": [34.242503, 31.290688]}, "properties": {"id": "688015", "uid": "850", "title": "Raphia", "province": "Palaistine I", "diocese": "Anatolike", "honigmann_page": "42", "hierokles_section_line": "719,8", "external_references": "BA 70 E3"}}, {"type": "Feature", "geometry": {"type": "Point", "coordinates": [35.82874664, 40.65900322]}, "properties": {"id": "857018", "uid": "682", "title": "Amaseia", "province": "Kappadokia II", "diocese": "Pontike", "honigmann_page": "37", "hierokles_section_line": "701,3", "external_references": "BA 87 A4"}}, {"type": "Feature", "geometry": {"type": "Point", "coordinates": [31.9238363333, 37.4981916667]}, "properties": {"id": "639028", "uid": "450", "title": "Ouasada", "province": "Lykaonia", "diocese": "Asiane", "honigmann_page": "27", "hierokles_section_line": "675,5", "external_references": "BA 65 G2"}}, {"type": "Feature", "geometry": {"type": "Point", "coordinates": [27.2980995, 37.6599361]}, "properties": {"id": "599905", "uid": "283", "title": "Priene", "province": "Asia", "diocese": "Asiane", "honigmann_page": "21", "hierokles_section_line": "659,3", "external_references": "BA 61 E2"}}, {"type": "Feature", "geometry": {"type": "Point", "coordinates": [35.50196, 32.502074]}, "properties": {"id": "678378", "uid": "855", "title": "Skythopolis", "province": "Palaistine II", "diocese": "Anatolike", "honigmann_page": "42", "hierokles_section_line": "720,1", "external_references": "BA 69 C4"}}, {"type": "Feature", "geometry": {"type": "Point", "coordinates": [34.097015, 31.221585]}, "properties": {"id": "687865", "uid": "853", "title": "Bitylion", "province": "Palaistine I", "diocese": "Anatolike", "honigmann_page": "42", "hierokles_section_line": "719,11", "external_references": "BA 70 E3"}}, {"type": "Feature", "geometry": {"type": "Point", "coordinates": [36.166038, 36.589023]}, "properties": {"id": "658371", "uid": "723", "title": "Alexandreia", "province": "Kilikia II", "diocese": "Anatolike", "honigmann_page": "38", "hierokles_section_line": "705,6", "external_references": "BA 67 C3"}}, {"type": "Feature", "geometry": {"type": "Point", "coordinates": [36.5652865, 32.707083]}, "properties": {"id": "678119", "uid": "892", "title": "Dionysias", "province": "Arabia", "diocese": "Anatolike", "honigmann_page": "45", "hierokles_section_line": "723,3", "external_references": "BA 69 E4"}}, {"type": "Feature", "geometry": {"type": "Point", "coordinates": [25.7387505, 35.0095285]}, "properties": {"id": "589807", "uid": "207", "title": "Hierapydna", "province": "Krete", "diocese": "Illyrikon", "honigmann_page": "19", "hierokles_section_line": "649,7", "external_references": "BA 60 E2"}}, {"type": "Feature", "geometry": {"type": "Point", "coordinates": [33.603765, 35.072406]}, "properties": {"id": "707636", "uid": "742", "title": "[Tremithous]", "province": "Kypros", "diocese": "Anatolike", "honigmann_page": "38", "hierokles_section_line": "707,7", "external_references": "BA 72 D2"}}, {"type": "Feature", "geometry": {"type": "Point", "coordinates": [22.7168885, 37.982299]}, "properties": {"id": "570668", "uid": "168", "title": "Sikyon", "province": "Hellas", "diocese": "Illyrikon", "honigmann_page": "18", "hierokles_section_line": "646,8b", "external_references": "BA 58 D2"}}, {"type": "Feature", "geometry": {"type": "Point", "coordinates": [22.491299, 40.177012]}, "properties": {"id": "491572", "uid": "67", "title": "Dion", "province": "Makedonia I", "diocese": "Illyrikon", "honigmann_page": "14", "hierokles_section_line": "638,5", "external_references": "BA 50 B4"}}, {"type": "Feature", "geometry": {"type": "Point", "coordinates": [28.6407415, 37.9565135]}, "properties": {"id": "638793", "uid": "287", "title": "Brioulla", "province": "Asia", "diocese": "Asiane", "honigmann_page": "21", "hierokles_section_line": "659,7", "external_references": "BA 65 A2"}}, {"type": "Feature", "geometry": {"type": "Point", "coordinates": [27.324357, 40.750541]}, "properties": {"id": "511415", "uid": "10", "title": "Ganos", "province": "Europe", "diocese": "Thrakike", "honigmann_page": "12", "hierokles_section_line": "633,1", "external_references": "BA 52 A3"}}, {"type": "Feature", "geometry": {"type": "Point", "coordinates": [30.98634825, 37.58177625]}, "properties": {"id": "638733", "uid": "442", "title": "Adada", "province": "Pisidia", "diocese": "Asiane", "honigmann_page": "27", "hierokles_section_line": "674,4", "external_references": "BA 65 E2"}}, {"type": "Feature", "geometry": {"type": "Point", "coordinates": [24.538414, 40.968007]}, "properties": {"id": "501341", "uid": "93", "title": "Akontisma", "province": "Makedonia I", "diocese": "Illyrikon", "honigmann_page": "15", "hierokles_section_line": "640,8b", "external_references": "BA 51 D3"}}, {"type": "Feature", "geometry": {"type": "Point", "coordinates": [34.190154, 41.514877]}, "properties": {"id": "845041", "uid": "644", "title": "Pompeioupolis", "province": "Paphlagonia", "diocese": "Pontike", "honigmann_page": "34", "hierokles_section_line": "695,6", "external_references": "BA 86 E2"}}, {"type": "Feature", "geometry": {"type": "Point", "coordinates": [23.508247, 40.910982]}, "properties": {"id": "501374", "uid": "90", "title": "Berge", "province": "Makedonia I", "diocese": "Illyrikon", "honigmann_page": "15", "hierokles_section_line": "640,6", "external_references": "BA 51 B3"}}, {"type": "Feature", "geometry": {"type": "Point", "coordinates": [22.688244, 42.281134]}, "properties": {"id": "481949", "uid": "252", "title": "Pautalia", "province": "Dakia Mesogeios", "diocese": "Illyrikon", "honigmann_page": "20", "hierokles_section_line": "654,4", "external_references": "BA 49 E1"}}, {"type": "Feature", "geometry": {"type": "Point", "coordinates": [27.55568, 40.591686]}, "properties": {"id": "511378", "uid": "326", "title": "Prokonnesos", "province": "Hellespontos", "diocese": "Asiane", "honigmann_page": "23", "hierokles_section_line": "662,1", "external_references": "BA 52 B3 (The next line 662,2 is blank)"}}, {"type": "Feature", "geometry": {"type": "Point", "coordinates": [32.4560845, 40.933219]}, "properties": {"id": "844959", "uid": "641", "title": "Adrianoupolis", "province": "Honorias", "diocese": "Pontike", "honigmann_page": "34", "hierokles_section_line": "695,3", "external_references": "BA 86 C3"}}, {"type": "Feature", "geometry": {"type": "Point", "coordinates": [30.1731682, 36.3440572]}, "properties": {"id": "638961", "uid": "541", "title": "Limyra", "province": "Lykia", "diocese": "Asiane", "honigmann_page": "31", "hierokles_section_line": "683,6", "external_references": "BA 65 D5"}}, {"type": "Feature", "geometry": {"type": "Point", "coordinates": [22.653228, 38.4257965]}, "properties": {"id": "540626", "uid": "134", "title": "Ambrosos", "province": "Hellas", "diocese": "Illyrikon", "honigmann_page": "17", "hierokles_section_line": "644,3", "external_references": "BA 55 D4"}}, {"type": "Feature", "geometry": {"type": "Point", "coordinates": [31.517443, 26.8992835]}, "properties": {"id": "756515", "uid": "960", "title": "Antaiou", "province": "Thebais Engista", "diocese": "Aigyptiake", "honigmann_page": "47", "hierokles_section_line": "731,4", "external_references": "BA 77 F3 Antaiopolis"}}, {"type": "Feature", "geometry": {"type": "Point", "coordinates": [35.190436, 32.276529]}, "properties": {"id": "678370", "uid": "842", "title": "Sebaste", "province": "Palaistine I", "diocese": "Anatolike", "honigmann_page": "42", "hierokles_section_line": "718,11", "external_references": "BA 69 B5"}}, {"type": "Feature", "geometry": {"type": "Point", "coordinates": [31.148171, 40.905988]}, "properties": {"id": "845049", "uid": "637", "title": "Prousias", "province": "Honorias", "diocese": "Pontike", "honigmann_page": "34", "hierokles_section_line": "694,5", "external_references": "BA 86 B3"}}, {"type": "Feature", "geometry": {"type": "Point", "coordinates": [30.817991, 27.438183]}, "properties": {"id": "756588", "uid": "956", "title": "Kousai", "province": "Thebais Engista", "diocese": "Aigyptiake", "honigmann_page": "47", "hierokles_section_line": "730,9", "external_references": "BA 77 D2"}}, {"type": "Feature", "geometry": {"type": "Point", "coordinates": [28.040286, 38.488314]}, "properties": {"id": "550867", "uid": "397", "title": "Sardeis", "province": "Lydia", "diocese": "Asiane", "honigmann_page": "25", "hierokles_section_line": "669,2", "external_references": "BA 56 G5"}}, {"type": "Feature", "geometry": {"type": "Point", "coordinates": [27.910653, 39.60672]}, "properties": {"id": "550560", "uid": "346", "title": "Adrianoutherai", "province": "Hellespontos", "diocese": "Asiane", "honigmann_page": "24", "hierokles_section_line": "663,6-7", "external_references": "BA 56 F2"}}, {"type": "Feature", "geometry": {"type": "Point", "coordinates": [28.68267175, 40.1723935]}, "properties": {"id": "511151", "uid": "629", "title": "Apollonia", "province": "Bithynia", "diocese": "Pontike", "honigmann_page": "34", "hierokles_section_line": "693,2", "external_references": "BA 52 D4"}}, {"type": "Feature", "geometry": {"type": "Point", "coordinates": [35.812, 34.449]}, "properties": {"id": "668394", "uid": "816", "title": "Tripolis", "province": "Phoinike", "diocese": "Anatolike", "honigmann_page": "41", "hierokles_section_line": "716,2", "external_references": "BA 68 A5"}}, {"type": "Feature", "geometry": {"type": "Point", "coordinates": [35.794078, 31.717693]}, "properties": {"id": "697701", "uid": "883", "title": "Medaba", "province": "Arabia", "diocese": "Anatolike", "honigmann_page": "44", "hierokles_section_line": "722,6", "external_references": "BA 71 B2", "hollow": false}}, {"type": "Feature", "geometry": {"type": "Point", "coordinates": [27.37404, 36.686188]}, "properties": {"id": "599575", "uid": "593", "title": "Knidos", "province": "Karia", "diocese": "Asiane", "honigmann_page": "32", "hierokles_section_line": "687,12", "external_references": "BA 61 E4"}}, {"type": "Feature", "geometry": {"type": "Point", "coordinates": [35.371208, 33.560243]}, "properties": {"id": "678393", "uid": "812", "title": "Sidon", "province": "Phoinike", "diocese": "Anatolike", "honigmann_page": "41", "hierokles_section_line": "715,8", "external_references": "BA 69 B2"}}, {"type": "Feature", "geometry": {"type": "Point", "coordinates": [29.8224915, 36.244673]}, "properties": {"id": "638948", "uid": "548", "title": "Kyaneai", "province": "Lykia", "diocese": "Asiane", "honigmann_page": "31", "hierokles_section_line": "684,4", "external_references": "BA 65 C5"}}, {"type": "Feature", "geometry": {"type": "Point", "coordinates": [23.51, 37.93]}, "properties": {"id": "580101", "uid": "165", "title": "Salamis Nesos", "province": "Hellas", "diocese": "Illyrikon", "honigmann_page": "17", "hierokles_section_line": "646,6", "external_references": "BA 58 E2"}}, {"type": "Feature", "geometry": {"type": "Point", "coordinates": [30.467197, 36.982996]}, "properties": {"id": "639139", "uid": "497", "title": "Termessos", "province": "Pamphylia", "diocese": "Asiane", "honigmann_page": "29", "hierokles_section_line": "680,2a", "external_references": "BA 65 D4"}}, {"type": "Feature", "geometry": {"type": "Point", "coordinates": [23.273345, 38.221257]}, "properties": {"id": "541063", "uid": "153", "title": "Plataiai", "province": "Hellas", "diocese": "Illyrikon", "honigmann_page": "17", "hierokles_section_line": "645,9", "external_references": "BA 55 E4"}}, {"type": "Feature", "geometry": {"type": "Point", "coordinates": [24.773105, 41.079556]}, "properties": {"id": "501645", "uid": "23", "title": "Tapeiros", "province": "Rodope", "diocese": "Thrakike", "honigmann_page": "12", "hierokles_section_line": "634,9", "external_references": "51 D2 Topeiros"}}, {"type": "Feature", "geometry": {"type": "Point", "coordinates": [35.789487, 36.769676]}, "properties": {"id": "658368", "uid": "721", "title": "Aigeai", "province": "Kilikia II", "diocese": "Anatolike", "honigmann_page": "38", "hierokles_section_line": "705,4", "external_references": "BA 67 B3"}}, {"type": "Feature", "geometry": {"type": "Point", "coordinates": [36.54147, 34.572648]}, "properties": {"id": "668291", "uid": "827", "title": "Laodikeia", "province": "Phoinike Libanesia", "diocese": "Anatolike", "honigmann_page": "41", "hierokles_section_line": "717,3", "external_references": "BA 68 C4"}}, {"type": "Feature", "geometry": {"type": "Point", "coordinates": [27.1073556, 40.9269409]}, "properties": {"id": "511153", "uid": "16", "title": "Apros", "province": "Europe", "diocese": "Thrakike", "honigmann_page": "12", "hierokles_section_line": "634,2", "external_references": "BA 52 A3"}}, {"type": "Feature", "geometry": {"type": "Point", "coordinates": [23.794048, 35.283178]}, "properties": {"id": "589776", "uid": "222", "title": "Elyros", "province": "Krete", "diocese": "Illyrikon", "honigmann_page": "19", "hierokles_section_line": "650,15", "external_references": "BA 60 A2"}}, {"type": "Feature", "geometry": {"type": "Point", "coordinates": [28.806361, 45.17978]}, "properties": {"id": "216694", "uid": "60", "title": "Aigissos", "province": "Skythia", "diocese": "Thrakike", "honigmann_page": "14", "hierokles_section_line": "637,14", "external_references": "BA 22 F3"}}, {"type": "Feature", "geometry": {"type": "Point", "coordinates": [23.581173, 38.3001983333]}, "properties": {"id": "580114", "uid": "149", "title": "Tanagra", "province": "Hellas", "diocese": "Illyrikon", "honigmann_page": "17", "hierokles_section_line": "645,5", "external_references": "BA 55 F4"}}, {"type": "Feature", "geometry": {"type": "Point", "coordinates": [31.414722, 41.284722]}, "properties": {"id": "844944", "uid": "638", "title": "Herakleia", "province": "Honorias", "diocese": "Pontike", "honigmann_page": "34", "hierokles_section_line": "694,6", "external_references": "BA 86 B2"}}, {"type": "Feature", "geometry": {"type": "Point", "coordinates": [34.892378, 31.9582535]}, "properties": {"id": "687953", "uid": "836", "title": "Diospolis", "province": "Palaistine I", "diocese": "Anatolike", "honigmann_page": "41", "hierokles_section_line": "718,4", "external_references": "BA 70 F2 Lydda", "hollow": false}}, {"type": "Feature", "geometry": {"type": "Point", "coordinates": [34.445392, 31.529444]}, "properties": {"id": "687902", "uid": "849", "title": "Gaza", "province": "Palaistine I", "diocese": "Anatolike", "honigmann_page": "42", "hierokles_section_line": "719,7", "external_references": "BA 70 E2"}}, {"type": "Feature", "geometry": {"type": "Point", "coordinates": [34.369934, 35.626206]}, "properties": {"id": "707526", "uid": "740", "title": "Karpasia", "province": "Kypros", "diocese": "Anatolike", "honigmann_page": "38", "hierokles_section_line": "707,5", "external_references": "BA 72 E1"}}, {"type": "Feature", "geometry": {"type": "Point", "coordinates": [36.0428025, 34.533092]}, "properties": {"id": "668198", "uid": "817", "title": "Arkai", "province": "Phoinike", "diocese": "Anatolike", "honigmann_page": "41", "hierokles_section_line": "716,3", "external_references": "BA 68 B4"}}, {"type": "Feature", "geometry": {"type": "Point", "coordinates": [30.4618446667, 36.876066]}, "properties": {"id": "639151", "uid": "494", "title": "Trebenna", "province": "Pamphylia", "diocese": "Asiane", "honigmann_page": "29", "hierokles_section_line": "679,7", "external_references": "BA 65 D4"}}, {"type": "Feature", "geometry": {"type": "Point", "coordinates": [34.3497935, 38.398047]}, "properties": {"id": "619218", "uid": "676", "title": "Nanzianzos", "province": "Kappadokia II", "diocese": "Pontike", "honigmann_page": "36", "hierokles_section_line": "700,5", "external_references": "BA 63 E4"}}, {"type": "Feature", "geometry": {"type": "Point", "coordinates": [30.1744786333, 38.5299613333]}, "properties": {"id": "609345", "uid": "469", "title": "Brouzos", "province": "Phrygia Saloutaria", "diocese": "Asiane", "honigmann_page": "28", "hierokles_section_line": "677,2", "external_references": "BA 62 D4"}}, {"type": "Feature", "geometry": {"type": "Point", "coordinates": [32.9004615, 36.6346935]}, "properties": {"id": "648635", "uid": "760", "title": "Germanikoupolis", "province": "Isauria", "diocese": "Anatolike", "honigmann_page": "39", "hierokles_section_line": "710,2", "external_references": "BA 66 B3"}}, {"type": "Feature", "geometry": {"type": "Point", "coordinates": [24.663544, 35.33867]}, "properties": {"id": "589772", "uid": "216", "title": "Eleutherna", "province": "Krete", "diocese": "Illyrikon", "honigmann_page": "19", "hierokles_section_line": "650,9", "external_references": "BA 60 C2"}}, {"type": "Feature", "geometry": {"type": "Point", "coordinates": [29.633049, 36.439231]}, "properties": {"id": "639010", "uid": "557", "title": "Neisa", "province": "Lykia", "diocese": "Asiane", "honigmann_page": "31", "hierokles_section_line": "684,13", "external_references": "BA 65 C5"}}, {"type": "Feature", "geometry": {"type": "Point", "coordinates": [33.796926, 31.111755]}, "properties": {"id": "688016", "uid": "921", "title": "Rinokoroura", "province": "Augoustamnike I", "diocese": "Aigyptiake", "honigmann_page": "46", "hierokles_section_line": "726,4", "external_references": "BA 70 D3 Rhinocolura", "hollow": false}}, {"type": "Feature", "geometry": {"type": "Point", "coordinates": [25.402881, 35.060832]}, "properties": {"id": "589730", "uid": "206", "title": "Bienna", "province": "Krete", "diocese": "Illyrikon", "honigmann_page": "19", "hierokles_section_line": "649,6", "external_references": "BA 60 D2 Biannos"}}, {"type": "Feature", "geometry": {"type": "Point", "coordinates": [29.25092875, 37.79199675]}, "properties": {"id": "638811", "uid": "363", "title": "Kolossai", "province": "Phrygia Pakatiane", "diocese": "Asiane", "honigmann_page": "24", "hierokles_section_line": "666,1", "external_references": "BA 65 B2"}}, {"type": "Feature", "geometry": {"type": "Point", "coordinates": [32.055366, 41.558273]}, "properties": {"id": "845084", "uid": "639", "title": "Tios", "province": "Honorias", "diocese": "Pontike", "honigmann_page": "34", "hierokles_section_line": "695,1", "external_references": "BA 86 C2"}}, {"type": "Feature", "geometry": {"type": "Point", "coordinates": [21.9725, 32.8963]}, "properties": {"id": "373732", "uid": "976", "title": "Sozousa", "province": "Libye He Ano", "diocese": "Aigyptiake", "honigmann_page": "47", "hierokles_section_line": "732,9", "external_references": "BA 38 C1 Apollonia"}}, {"type": "Feature", "geometry": {"type": "Point", "coordinates": [29.9834497, 39.0245954]}, "properties": {"id": "609314", "uid": "385", "title": "Appia", "province": "Phrygia Pakatiane", "diocese": "Asiane", "honigmann_page": "25", "hierokles_section_line": "668,6", "external_references": "BA 62 C3"}}, {"type": "Feature", "geometry": {"type": "Point", "coordinates": [22.5012053333, 37.0485586667]}, "properties": {"id": "570406", "uid": "179", "title": "Lakedaimon", "province": "Hellas", "diocese": "Illyrikon", "honigmann_page": "18", "hierokles_section_line": "647,8", "external_references": "BA 58 C3 Sparta"}}, {"type": "Feature", "geometry": {"type": "Point", "coordinates": [29.1978185, 36.4097275]}, "properties": {"id": "639108", "uid": "559", "title": "Sidyma", "province": "Lykia", "diocese": "Asiane", "honigmann_page": "31", "hierokles_section_line": "684,15", "external_references": "BA 65 B5"}}, {"type": "Feature", "geometry": {"type": "Point", "coordinates": [37.86555, 37.110367]}, "properties": {"id": "658562", "uid": "796", "title": "Ourima\nOurima", "province": "Euphratesia", "diocese": "Anatolike", "honigmann_page": "40", "hierokles_section_line": "713,10", "external_references": "BA 67 F2"}}, {"type": "Feature", "geometry": {"type": "Point", "coordinates": [36.752969, 35.1485665]}, "properties": {"id": "668182", "uid": "778", "title": "Epiphaneia", "province": "Syria II", "diocese": "Anatolike", "honigmann_page": "40", "hierokles_section_line": "712,3", "external_references": "BA 68 C3"}}, {"type": "Feature", "geometry": {"type": "Point", "coordinates": [35.619478, 36.95778]}, "properties": {"id": "658538", "uid": "720", "title": "Mopsouestia", "province": "Kilikia II", "diocese": "Anatolike", "honigmann_page": "38", "hierokles_section_line": "705,3", "external_references": "BA 67 B3"}}, {"type": "Feature", "geometry": {"type": "Point", "coordinates": [37.009719, 36.007956]}, "properties": {"id": "668226", "uid": "775", "title": "Chalcis", "province": "Syria I", "diocese": "Anatolike", "honigmann_page": "39", "hierokles_section_line": "711,8", "external_references": "BA 68 C2"}}, {"type": "Feature", "geometry": {"type": "Point", "coordinates": [27.423765, 37.0382205]}, "properties": {"id": "599636", "uid": "591", "title": "Halikarnassos", "province": "Karia", "diocese": "Asiane", "honigmann_page": "32", "hierokles_section_line": "687,10", "external_references": "BA 61 E3"}}, {"type": "Feature", "geometry": {"type": "Point", "coordinates": [30.7524503667, 38.8627673]}, "properties": {"id": "609366", "uid": "478", "title": "Dokimion", "province": "Phrygia Saloutaria", "diocese": "Asiane", "honigmann_page": "28", "hierokles_section_line": "677,11", "external_references": "BA 62 E4"}}, {"type": "Feature", "geometry": {"type": "Point", "coordinates": [22.8759, 43.993221]}, "properties": {"id": "206975", "uid": "258", "title": "Bononia", "province": "Parapotamia Dakia", "diocese": "Illyrikon", "honigmann_page": "20", "hierokles_section_line": "655,3", "external_references": "BA 21 E5"}}, {"type": "Feature", "geometry": {"type": "Point", "coordinates": [31.9254995, 37.900316]}, "properties": {"id": "639038", "uid": "425", "title": "Pappa", "province": "Pisidia", "diocese": "Asiane", "honigmann_page": "26", "hierokles_section_line": "672,7", "external_references": "BA 65 G2"}}, {"type": "Feature", "geometry": {"type": "Point", "coordinates": [26.238889, 39.9575]}, "properties": {"id": "550595", "uid": "332", "title": "Ilion", "province": "Hellespontos", "diocese": "Asiane", "honigmann_page": "23", "hierokles_section_line": "662,8", "external_references": "BA 56 C2"}}, {"type": "Feature", "geometry": {"type": "Point", "coordinates": [36.481471925, 32.517971025]}, "properties": {"id": "678073", "uid": "878", "title": "Bostra", "province": "Arabia", "diocese": "Anatolike", "honigmann_page": "44", "hierokles_section_line": "722,1", "external_references": "BA 69 D4"}}, {"type": "Feature", "geometry": {"type": "Point", "coordinates": [34.372228, 31.41288]}, "properties": {"id": "688036", "uid": "845", "title": "Sykomazon", "province": "Palaistine I", "diocese": "Anatolike", "honigmann_page": "42", "hierokles_section_line": "719,3", "external_references": "BA 70 E3"}}, {"type": "Feature", "geometry": {"type": "Point", "coordinates": [23.197116, 38.084923]}, "properties": {"id": "570543", "uid": "157", "title": "Pagai", "province": "Hellas", "diocese": "Illyrikon", "honigmann_page": "17", "hierokles_section_line": "645,13", "external_references": "BA 58 E1"}}, {"type": "Feature", "geometry": {"type": "Point", "coordinates": [20.735953, 39.023389]}, "properties": {"id": "531013", "uid": "228", "title": "Nikopolis", "province": "Palaia Epeiros", "diocese": "Illyrikon", "honigmann_page": "19", "hierokles_section_line": "651,4", "external_references": "BA 54 C3"}}, {"type": "Feature", "geometry": {"type": "Point", "coordinates": [27.4873015, 38.541317]}, "properties": {"id": "550706", "uid": "309", "title": "Magnesia Sipylou", "province": "Asia", "diocese": "Asiane", "honigmann_page": "22", "hierokles_section_line": "660,15", "external_references": "BA 56 E4"}}, {"type": "Feature", "geometry": {"type": "Point", "coordinates": [22.377887, 38.1297925]}, "properties": {"id": "570043", "uid": "169", "title": "Aigeira", "province": "Hellas", "diocese": "Illyrikon", "honigmann_page": "18", "hierokles_section_line": "646,9", "external_references": "BA 58 C1"}}, {"type": "Feature", "geometry": {"type": "Point", "coordinates": [25.37034, 35.212883]}, "properties": {"id": "589918", "uid": "211", "title": "Lyktos", "province": "Krete", "diocese": "Illyrikon", "honigmann_page": "19", "hierokles_section_line": "650,4", "external_references": "BA 60 D2"}}, {"type": "Feature", "geometry": {"type": "Point", "coordinates": [26.176891, 39.369167]}, "properties": {"id": "550738", "uid": "574", "title": "Methymna", "province": "Nesoi", "diocese": "Asiane", "honigmann_page": "32", "hierokles_section_line": "686,6", "external_references": "BA 56 C3"}}, {"type": "Feature", "geometry": {"type": "Point", "coordinates": [22.5237565, 43.8905535]}, "properties": {"id": "207017", "uid": "260", "title": "Kastra Martis", "province": "Parapotamia Dakia", "diocese": "Illyrikon", "honigmann_page": "20", "hierokles_section_line": "655,5", "external_references": "BA 21 E6"}}, {"type": "Feature", "geometry": {"type": "Point", "coordinates": [32.3369353333, 36.2276083333]}, "properties": {"id": "648665", "uid": "752", "title": "Kestroi", "province": "Isauria", "diocese": "Anatolike", "honigmann_page": "39", "hierokles_section_line": "709,5", "external_references": "BA 66 A4"}}, {"type": "Feature", "geometry": {"type": "Point", "coordinates": [35.4818175, 31.027273]}, "properties": {"id": "697768", "uid": "872", "title": "Zoora", "province": "Palaistine III", "diocese": "Anatolike", "honigmann_page": "43", "hierokles_section_line": "721,7", "external_references": "BA 71 A3"}}, {"type": "Feature", "geometry": {"type": "Point", "coordinates": [35.1863785, 32.575288]}, "properties": {"id": "678266", "uid": "864", "title": "Maximianoupolis", "province": "Palaistine II", "diocese": "Anatolike", "honigmann_page": "43", "hierokles_section_line": "720,10", "external_references": "BA 69 B4 Legio"}}, {"type": "Feature", "geometry": {"type": "Point", "coordinates": [29.422153, 36.552471]}, "properties": {"id": "639147", "uid": "560", "title": "Tlos", "province": "Lykia", "diocese": "Asiane", "honigmann_page": "31", "hierokles_section_line": "684,16", "external_references": "BA 65 B4"}}, {"type": "Feature", "geometry": {"type": "Point", "coordinates": [34.898228, 36.914956]}, "properties": {"id": "648789", "uid": "710", "title": "Tarsos", "province": "Kilikia I", "diocese": "Anatolike", "honigmann_page": "37", "hierokles_section_line": "704,2", "external_references": "BA 66 F3"}}, {"type": "Feature", "geometry": {"type": "Point", "coordinates": [34.656061, 31.756038]}, "properties": {"id": "687838", "uid": "838", "title": "Azotos Mesogeios", "province": "Palaistine I", "diocese": "Anatolike", "honigmann_page": "41", "hierokles_section_line": "718,6", "external_references": "BA 70 F2"}}, {"type": "Feature", "geometry": {"type": "Point", "coordinates": [26.337061, 39.490601]}, "properties": {"id": "550463", "uid": "323", "title": "Assos", "province": "Asia", "diocese": "Asiane", "honigmann_page": "22", "hierokles_section_line": "661,13", "external_references": "BA 56 C3"}}, {"type": "Feature", "geometry": {"type": "Point", "coordinates": [33.0250915, 36.622766]}, "properties": {"id": "648736", "uid": "762", "title": "Philadelpheia", "province": "Isauria", "diocese": "Anatolike", "honigmann_page": "39", "hierokles_section_line": "710,4", "external_references": "BA 66 C3"}}, {"type": "Feature", "geometry": {"type": "Point", "coordinates": [36.3313, 41.292721]}, "properties": {"id": "857024", "uid": "687", "title": "Amisos", "province": "Kappadokia II", "diocese": "Pontike", "honigmann_page": "37", "hierokles_section_line": "702,1", "external_references": "BA 87 B3"}}, {"type": "Feature", "geometry": {"type": "Point", "coordinates": [35.615827, 32.449525]}, "properties": {"id": "678326", "uid": "856", "title": "Pella", "province": "Palaistine II", "diocese": "Anatolike", "honigmann_page": "42", "hierokles_section_line": "720,2", "external_references": "BA 69 C5"}}, {"type": "Feature", "geometry": {"type": "Point", "coordinates": [26.7705581, 38.3614625]}, "properties": {"id": "550650", "uid": "307", "title": "Klazomenai", "province": "Asia", "diocese": "Asiane", "honigmann_page": "22", "hierokles_section_line": "660,13", "external_references": "BA 56 D5"}}, {"type": "Feature", "geometry": {"type": "Point", "coordinates": [27.787742, 38.756891]}, "properties": {"id": "550578", "uid": "415", "title": "Hierokaisareia", "province": "Lydia", "diocese": "Asiane", "honigmann_page": "26", "hierokles_section_line": "671,5", "external_references": "BA 56 F4"}}, {"type": "Feature", "geometry": {"type": "Point", "coordinates": [22.754284, 41.382428]}, "properties": {"id": "491573", "uid": "78", "title": "Doberos", "province": "Makedonia I", "diocese": "Illyrikon", "honigmann_page": "14", "hierokles_section_line": "639,4", "external_references": "BA 50 C2"}}, {"type": "Feature", "geometry": {"type": "Point", "coordinates": [28.8503515, 37.439964]}, "properties": {"id": "639125", "uid": "607", "title": "Tabai", "province": "Karia", "diocese": "Asiane", "honigmann_page": "33", "hierokles_section_line": "689,1", "external_references": "BA 65 A3"}}, {"type": "Feature", "geometry": {"type": "Point", "coordinates": [27.31667, 38.9]}, "properties": {"id": "550461", "uid": "310", "title": "Aigai", "province": "Asia", "diocese": "Asiane", "honigmann_page": "22", "hierokles_section_line": "660,16", "external_references": "BA 56 E4"}}, {"type": "Feature", "geometry": {"type": "Point", "coordinates": [36.1159485, 33.627108]}, "properties": {"id": "677993", "uid": "830", "title": "Abila", "province": "Phoinike Libanesia", "diocese": "Anatolike", "honigmann_page": "41", "hierokles_section_line": "717,6", "external_references": "BA 69 D2"}}, {"type": "Feature", "geometry": {"type": "Point", "coordinates": [29.958841, 38.451497]}, "properties": {"id": "609489", "uid": "467", "title": "Otrous", "province": "Phrygia Saloutaria", "diocese": "Asiane", "honigmann_page": "28", "hierokles_section_line": "676,10", "external_references": "BA 62 C5"}}, {"type": "Feature", "geometry": {"type": "Point", "coordinates": [29.715443, 40.426679]}, "properties": {"id": "511268", "uid": "623", "title": "Nikaia", "province": "Bithynia", "diocese": "Pontike", "honigmann_page": "33", "hierokles_section_line": "692,1", "external_references": "BA 52 F4"}}, {"type": "Feature", "geometry": {"type": "Point", "coordinates": [32.8995325, 36.481117]}, "properties": {"id": "648627", "uid": "761", "title": "Eirenopolis", "province": "Isauria", "diocese": "Anatolike", "honigmann_page": "39", "hierokles_section_line": "710,3", "external_references": "BA 66 B4"}}, {"type": "Feature", "geometry": {"type": "Point", "coordinates": [29.502087, 40.721717]}, "properties": {"id": "511240", "uid": "620", "title": "Helenopolis", "province": "Bithynia", "diocese": "Pontike", "honigmann_page": "33", "hierokles_section_line": "691,1", "external_references": "BA 52 F3"}}, {"type": "Feature", "geometry": {"type": "Point", "coordinates": [26.677435, 40.417447]}, "properties": {"id": "501450", "uid": "11", "title": "Kallipolis", "province": "Europe", "diocese": "Thrakike", "honigmann_page": "12", "hierokles_section_line": "633,2", "external_references": "BA 51 H4"}}, {"type": "Feature", "geometry": {"type": "Point", "coordinates": [30.46696, 38.0740143333]}, "properties": {"id": "638758", "uid": "431", "title": "Sozopolis", "province": "Pisidia", "diocese": "Asiane", "honigmann_page": "27", "hierokles_section_line": "673,1", "external_references": "BA 65 D1"}}, {"type": "Feature", "geometry": {"type": "Point", "coordinates": [21.893884, 43.316295]}, "properties": {"id": "207303", "uid": "254", "title": "Naissos", "province": "Dakia Mesogeios", "diocese": "Illyrikon", "honigmann_page": "20", "hierokles_section_line": "654,6", "external_references": "BA 21 D6"}}, {"type": "Feature", "geometry": {"type": "Point", "coordinates": [30.7246025276, 31.1305439449]}, "properties": {"id": "727133", "uid": "902", "title": "Kabasa", "province": "Aigyptos", "diocese": "Aigyptiake", "honigmann_page": "45", "hierokles_section_line": "724,5", "external_references": "BA 74 D2"}}, {"type": "Feature", "geometry": {"type": "Point", "coordinates": [27.069096, 40.420499]}, "properties": {"id": "511354", "uid": "328", "title": "Parion", "province": "Hellespontos", "diocese": "Asiane", "honigmann_page": "23", "hierokles_section_line": "662,4", "external_references": "BA 52 A4"}}, {"type": "Feature", "geometry": {"type": "Point", "coordinates": [24.1449764, 35.46477025]}, "properties": {"id": "589704", "uid": "218", "title": "Aptera", "province": "Krete", "diocese": "Illyrikon", "honigmann_page": "19", "hierokles_section_line": "650,11", "external_references": "BA 60 B2"}}, {"type": "Feature", "geometry": {"type": "Point", "coordinates": [27.409336, 39.843503]}, "properties": {"id": "550450", "uid": "349", "title": "Argiza", "province": "Hellespontos", "diocese": "Asiane", "honigmann_page": "24", "hierokles_section_line": "663,10", "external_references": "BA 56 E2"}}, {"type": "Feature", "geometry": {"type": "Point", "coordinates": [22.498913, 41.284256]}, "properties": {"id": "491586", "uid": "79", "title": "Idomene", "province": "Makedonia I", "diocese": "Illyrikon", "honigmann_page": "14", "hierokles_section_line": "639,5", "external_references": "BA 50 B2"}}, {"type": "Feature", "geometry": {"type": "Point", "coordinates": [24.060291, 35.22746]}, "properties": {"id": "589705", "uid": "225", "title": "Araden", "province": "Krete", "diocese": "Illyrikon", "honigmann_page": "19", "hierokles_section_line": "651,1b", "external_references": "BA 60 B2"}}, {"type": "Feature", "geometry": {"type": "Point", "coordinates": [23.3696045, 37.5839485]}, "properties": {"id": "570482", "uid": "171", "title": "Methana", "province": "Hellas", "diocese": "Illyrikon", "honigmann_page": "18", "hierokles_section_line": "646,11", "external_references": "BA 58 E2"}}, {"type": "Feature", "geometry": {"type": "Point", "coordinates": [33.347297, 35.157167]}, "properties": {"id": "707558", "uid": "743", "title": "[Leukousia]", "province": "Kypros", "diocese": "Anatolike", "honigmann_page": "38", "hierokles_section_line": "707,8", "external_references": "BA 72 C2 Ledroi"}}, {"type": "Feature", "geometry": {"type": "Point", "coordinates": [28.208011, 38.22593]}, "properties": {"id": "550659", "uid": "294", "title": "Koloe", "province": "Asia", "diocese": "Asiane", "honigmann_page": "21", "hierokles_section_line": "660,1a", "external_references": "BA 56 G5"}}, {"type": "Feature", "geometry": {"type": "Point", "coordinates": [35.338677, 36.986559]}, "properties": {"id": "648548", "uid": "714", "title": "Adana", "province": "Kilikia I", "diocese": "Anatolike", "honigmann_page": "37", "hierokles_section_line": "704,6", "external_references": "BA 66 G3"}}, {"type": "Feature", "geometry": {"type": "Point", "coordinates": [30.782897, 28.479495]}, "properties": {"id": "736949", "uid": "943", "title": "Kyno", "province": "Arkadia", "diocese": "Aigyptiake", "honigmann_page": "46", "hierokles_section_line": "729,2", "external_references": "BA 75 D4 Kynopolis"}}, {"type": "Feature", "geometry": {"type": "Point", "coordinates": [26.785014, 38.177262]}, "properties": {"id": "550913", "uid": "305", "title": "Teos", "province": "Asia", "diocese": "Asiane", "honigmann_page": "22", "hierokles_section_line": "660,11", "external_references": "BA 56 D5"}}, {"type": "Feature", "geometry": {"type": "Point", "coordinates": [28.2170655, 38.085201]}, "properties": {"id": "599846", "uid": "298", "title": "Palaiapolis", "province": "Asia", "diocese": "Asiane", "honigmann_page": "22", "hierokles_section_line": "660,4", "external_references": "BA 61 G1"}}, {"type": "Feature", "geometry": {"type": "Point", "coordinates": [35.859448, 34.858397]}, "properties": {"id": "668197", "uid": "819", "title": "Arados", "province": "Phoinike", "diocese": "Anatolike", "honigmann_page": "41", "hierokles_section_line": "716,5", "external_references": "BA 68 A4"}}, {"type": "Feature", "geometry": {"type": "Point", "coordinates": [36.1015675, 37.3664785]}, "properties": {"id": "658569", "uid": "726", "title": "Phlabias", "province": "Kilikia II", "diocese": "Anatolike", "honigmann_page": "38", "hierokles_section_line": "706,1", "external_references": "BA 67 C2"}}, {"type": "Feature", "geometry": {"type": "Point", "coordinates": [27.614993, 38.921548]}, "properties": {"id": "550574", "uid": "407", "title": "Hermokapelia", "province": "Lydia", "diocese": "Asiane", "honigmann_page": "26", "hierokles_section_line": "670,6", "external_references": "BA 56 F4"}}, {"type": "Feature", "geometry": {"type": "Point", "coordinates": [33.1114243333, 37.9751473333]}, "properties": {"id": "648780", "uid": "459", "title": "Sabatra", "province": "Lykaonia", "diocese": "Asiane", "honigmann_page": "27", "hierokles_section_line": "676,2", "external_references": "BA 66 C1 Soatra"}}, {"type": "Feature", "geometry": {"type": "Point", "coordinates": [33.9214625, 36.379274]}, "properties": {"id": "648771", "uid": "745", "title": "Seleukeia", "province": "Isauria", "diocese": "Anatolike", "honigmann_page": "38", "hierokles_section_line": "708,2", "external_references": "BA 66 D4"}}, {"type": "Feature", "geometry": {"type": "Point", "coordinates": [37.978775, 37.025429]}, "properties": {"id": "658412", "uid": "806", "title": "Birtha", "province": "Osroene", "diocese": "Anatolike", "honigmann_page": "40", "hierokles_section_line": "715,2", "external_references": "BA 67 F2"}}, {"type": "Feature", "geometry": {"type": "Point", "coordinates": [29.919887, 40.7651905]}, "properties": {"id": "511337", "uid": "622", "title": "Nikomedeia", "province": "Bithynia", "diocese": "Pontike", "honigmann_page": "33", "hierokles_section_line": "691,3", "external_references": "BA 52 F3"}}, {"type": "Feature", "geometry": {"type": "Point", "coordinates": [31.904303, 38.282553]}, "properties": {"id": "609564", "uid": "428", "title": "Tyraion", "province": "Pisidia", "diocese": "Asiane", "honigmann_page": "26", "hierokles_section_line": "672,10", "external_references": "BA 62 G5"}}, {"type": "Feature", "geometry": {"type": "Point", "coordinates": [33.246325, 35.029352]}, "properties": {"id": "707628", "uid": "730", "title": "Tamassos", "province": "Kypros", "diocese": "Anatolike", "honigmann_page": "38", "hierokles_section_line": "706,5", "external_references": "BA 72 C2"}}, {"type": "Feature", "geometry": {"type": "Point", "coordinates": [30.6947222, 39.4447222]}, "properties": {"id": "609484", "uid": "481", "title": "Nakoleia", "province": "Phrygia Saloutaria", "diocese": "Asiane", "honigmann_page": "28", "hierokles_section_line": "678,1", "external_references": "BA 62 E3"}}, {"type": "Feature", "geometry": {"type": "Point", "coordinates": [33.076657, 38.167719]}, "properties": {"id": "619237", "uid": "460", "title": "Perta", "province": "Lykaonia", "diocese": "Asiane", "honigmann_page": "27", "hierokles_section_line": "676,3", "external_references": "BA 63 C4"}}, {"type": "Feature", "geometry": {"type": "Point", "coordinates": [26.245621, 43.987675]}, "properties": {"id": "216707", "uid": "44", "title": "Appiaria", "province": "Mysia II", "diocese": "Thrakike", "honigmann_page": "13", "hierokles_section_line": "636,7", "external_references": "BA 22 D5"}}, {"type": "Feature", "geometry": {"type": "Point", "coordinates": [31.25167, 29.408419]}, "properties": {"id": "736889", "uid": "949", "title": "Aphrodito", "province": "Arkadia", "diocese": "Aigyptiake", "honigmann_page": "47", "hierokles_section_line": "730,2", "external_references": "BA 75 E2 Aphrodito(polis)"}}, {"type": "Feature", "geometry": {"type": "Point", "coordinates": [34.6292035, 38.2298035]}, "properties": {"id": "619256", "uid": "677", "title": "Sasima", "province": "Kappadokia II", "diocese": "Pontike", "honigmann_page": "36", "hierokles_section_line": "700,6", "external_references": "BA 63 F4"}}, {"type": "Feature", "geometry": {"type": "Point", "coordinates": [30.477947, 37.167474]}, "properties": {"id": "638761", "uid": "513", "title": "Ariassos", "province": "Pamphylia", "diocese": "Asiane", "honigmann_page": "30", "hierokles_section_line": "681,4", "external_references": "BA 65 D3"}}, {"type": "Feature", "geometry": {"type": "Point", "coordinates": [28.083254, 38.227646]}, "properties": {"id": "550515", "uid": "292", "title": "Dios Hieron", "province": "Asia", "diocese": "Asiane", "honigmann_page": "21", "hierokles_section_line": "659,12", "external_references": "BA 56 G5"}}, {"type": "Feature", "geometry": {"type": "Point", "coordinates": [35.23474835, 31.7774646]}, "properties": {"id": "687928", "uid": "840", "title": "Ailia He Kai Hierosolyma", "province": "Palaistine I", "diocese": "Anatolike", "honigmann_page": "41", "hierokles_section_line": "718,8", "external_references": "BA 70 G2 Ierusalem"}}, {"type": "Feature", "geometry": {"type": "Point", "coordinates": [30.7623054, 29.10719685]}, "properties": {"id": "737072", "uid": "947", "title": "Theodosioupolis", "province": "Arkadia", "diocese": "Aigyptiake", "honigmann_page": "46", "hierokles_section_line": "729,6", "external_references": "BA 75 D2 Tebtynis"}}, {"type": "Feature", "geometry": {"type": "Point", "coordinates": [28.1951, 45.1432]}, "properties": {"id": "217025", "uid": "58", "title": "Trosmis", "province": "Skythia", "diocese": "Thrakike", "honigmann_page": "14", "hierokles_section_line": "637,12", "external_references": "BA 22 F3"}}, {"type": "Feature", "geometry": {"type": "Point", "coordinates": [38.781432, 37.1625575]}, "properties": {"id": "658457", "uid": "799", "title": "Edessa", "province": "Osroene", "diocese": "Anatolike", "honigmann_page": "40", "hierokles_section_line": "714,1", "external_references": "BA 67 H2"}}, {"type": "Feature", "geometry": {"type": "Point", "coordinates": [34.572513, 37.82365]}, "properties": {"id": "648801", "uid": "673", "title": "Tyana", "province": "Kappadokia II", "diocese": "Pontike", "honigmann_page": "36", "hierokles_section_line": "700,2", "external_references": "BA 66 F1"}}, {"type": "Feature", "geometry": {"type": "Point", "coordinates": [35.462095, 41.153629]}, "properties": {"id": "857028", "uid": "686", "title": "Andrapa", "province": "Kappadokia II", "diocese": "Pontike", "honigmann_page": "37", "hierokles_section_line": "701,7", "external_references": "BA 87 A3"}}, {"type": "Feature", "geometry": {"type": "Point", "coordinates": [22.854554, 36.73044]}, "properties": {"id": "570129", "uid": "182", "title": "Asopos", "province": "Hellas", "diocese": "Illyrikon", "honigmann_page": "18", "hierokles_section_line": "647,11", "external_references": "BA 58 D4"}}, {"type": "Feature", "geometry": {"type": "Point", "coordinates": [23.340163, 37.985078]}, "properties": {"id": "570468", "uid": "156", "title": "Megara", "province": "Hellas", "diocese": "Illyrikon", "honigmann_page": "17", "hierokles_section_line": "645,12", "external_references": "BA 58 E2"}}, {"type": "Feature", "geometry": {"type": "Point", "coordinates": [27.196998, 38.671912]}, "properties": {"id": "550908", "uid": "311", "title": "Temnos", "province": "Asia", "diocese": "Asiane", "honigmann_page": "22", "hierokles_section_line": "661,1", "external_references": "BA 56 E4"}}, {"type": "Feature", "geometry": {"type": "Point", "coordinates": [26.35142, 36.547366]}, "properties": {"id": "599535", "uid": "587", "title": "Astypalaia", "province": "Nesoi", "diocese": "Asiane", "honigmann_page": "32", "hierokles_section_line": "687,6", "external_references": "BA 61 C4"}}, {"type": "Feature", "geometry": {"type": "Point", "coordinates": [33.632745, 34.920211]}, "properties": {"id": "707534", "uid": "731", "title": "Kition", "province": "Kypros", "diocese": "Anatolike", "honigmann_page": "38", "hierokles_section_line": "706,6", "external_references": "BA 72 D3"}}, {"type": "Feature", "geometry": {"type": "Point", "coordinates": [35.143037, 42.025776]}, "properties": {"id": "857321", "uid": "688", "title": "Sinope", "province": "Kappadokia II", "diocese": "Pontike", "honigmann_page": "37", "hierokles_section_line": "702,2", "external_references": "BA 87 A2"}}, {"type": "Feature", "geometry": {"type": "Point", "coordinates": [30.699968, 36.8903095]}, "properties": {"id": "638778", "uid": "492", "title": "Attaleia", "province": "Pamphylia", "diocese": "Asiane", "honigmann_page": "29", "hierokles_section_line": "679,5", "external_references": "BA 65 E4"}}, {"type": "Feature", "geometry": {"type": "Point", "coordinates": [30.376179, 39.2051885]}, "properties": {"id": "609460", "uid": "480", "title": "Meiros", "province": "Phrygia Saloutaria", "diocese": "Asiane", "honigmann_page": "28", "hierokles_section_line": "677,13", "external_references": "BA 62 D3"}}, {"type": "Feature", "geometry": {"type": "Point", "coordinates": [31.127222, 37.229444]}, "properties": {"id": "639100", "uid": "522", "title": "Selge", "province": "Pamphylia", "diocese": "Asiane", "honigmann_page": "30", "hierokles_section_line": "681,13", "external_references": "BA 65 F3"}}, {"type": "Feature", "geometry": {"type": "Point", "coordinates": [28.81089025, 37.8402405]}, "properties": {"id": "638779", "uid": "361", "title": "Attouda", "province": "Phrygia Pakatiane", "diocese": "Asiane", "honigmann_page": "24", "hierokles_section_line": "665,4", "external_references": "BA 65 A2"}}, {"type": "Feature", "geometry": {"type": "Point", "coordinates": [20.793813, 41.114619]}, "properties": {"id": "481900", "uid": "247", "title": "Lychnidos", "province": "Nea Epeiros", "diocese": "Illyrikon", "honigmann_page": "20", "hierokles_section_line": "653,8", "external_references": "BA 49 C2"}}, {"type": "Feature", "geometry": {"type": "Point", "coordinates": [21.610691, 41.313278]}, "properties": {"id": "481952", "uid": "100", "title": "Pelagonia", "province": "Makedonia II", "diocese": "Illyrikon", "honigmann_page": "15", "hierokles_section_line": "641,5", "external_references": "BA 49 D2"}}, {"type": "Feature", "geometry": {"type": "Point", "coordinates": [26.085729, 40.7248985]}, "properties": {"id": "501337", "uid": "19", "title": "Ainos", "province": "Rodope", "diocese": "Thrakike", "honigmann_page": "12", "hierokles_section_line": "634,5", "external_references": "BA 51 G3"}}, {"type": "Feature", "geometry": {"type": "Point", "coordinates": [29.031582, 37.510905]}, "properties": {"id": "638757", "uid": "608", "title": "Apollonias", "province": "Karia", "diocese": "Asiane", "honigmann_page": "33", "hierokles_section_line": "689,2", "external_references": "BA 65 B2 Apollonia Salbakes"}}, {"type": "Feature", "geometry": {"type": "Point", "coordinates": [25.394018, 43.607221]}, "properties": {"id": "216899", "uid": "43", "title": "Nobai", "province": "Mysia II", "diocese": "Thrakike", "honigmann_page": "13", "hierokles_section_line": "636,6", "external_references": "BA 22 C5"}}, {"type": "Feature", "geometry": {"type": "Point", "coordinates": [33.922253, 36.5813456667]}, "properties": {"id": "648623", "uid": "755", "title": "Diokaisareia", "province": "Isauria", "diocese": "Anatolike", "honigmann_page": "39", "hierokles_section_line": "709,8", "external_references": "BA 66 D3"}}, {"type": "Feature", "geometry": {"type": "Point", "coordinates": [30.34629775, 36.291463]}, "properties": {"id": "638842", "uid": "537", "title": "Gagai", "province": "Lykia", "diocese": "Asiane", "honigmann_page": "31", "hierokles_section_line": "683,3", "external_references": "BA 65 D5"}}, {"type": "Feature", "geometry": {"type": "Point", "coordinates": [29.499922, 37.162505]}, "properties": {"id": "638804", "uid": "615", "title": "Kibyra", "province": "Karia", "diocese": "Asiane", "honigmann_page": "33", "hierokles_section_line": "690,1", "external_references": "BA 65 B3"}}, {"type": "Feature", "geometry": {"type": "Point", "coordinates": [31.4027245, 37.7025075]}, "properties": {"id": "639146", "uid": "444", "title": "Tityassos", "province": "Pisidia", "diocese": "Asiane", "honigmann_page": "27", "hierokles_section_line": "674,6", "external_references": "BA 65 F2"}}, {"type": "Feature", "geometry": {"type": "Point", "coordinates": [29.9079146667, 31.1982456667]}, "properties": {"id": "727070", "uid": "897", "title": "Alexandreia", "province": "Aigyptos", "diocese": "Aigyptiake", "honigmann_page": "45", "hierokles_section_line": "723,7", "external_references": "BA 74 B2"}}, {"type": "Feature", "geometry": {"type": "Point", "coordinates": [31.189167, 38.306111]}, "properties": {"id": "609307", "uid": "420", "title": "Antiocheia", "province": "Pisidia", "diocese": "Asiane", "honigmann_page": "26", "hierokles_section_line": "672,2", "external_references": "BA 62 F5"}}, {"type": "Feature", "geometry": {"type": "Point", "coordinates": [25.328619, 37.445959]}, "properties": {"id": "599807", "uid": "197", "title": "Nesos Mykonos", "province": "Hellas", "diocese": "Illyrikon", "honigmann_page": "18", "hierokles_section_line": "648,9", "external_references": "BA 61 A3"}}, {"type": "Feature", "geometry": {"type": "Point", "coordinates": [29.012034, 30.823446]}, "properties": {"id": "716524", "uid": "987", "title": "Antiphra", "province": "Libye He Kato", "diocese": "Aigyptiake", "honigmann_page": "48", "hierokles_section_line": "734,2", "external_references": "BA 73 G3"}}, {"type": "Feature", "geometry": {"type": "Point", "coordinates": [36.911673, 38.246013]}, "properties": {"id": "628925", "uid": "704", "title": "Arabissos", "province": "Armenia II", "diocese": "Pontike", "honigmann_page": "37", "hierokles_section_line": "703,9", "external_references": "BA 64 D4"}}, {"type": "Feature", "geometry": {"type": "Point", "coordinates": [30.549206, 38.856193]}, "properties": {"id": "609415", "uid": "476", "title": "Ipsos", "province": "Phrygia Saloutaria", "diocese": "Asiane", "honigmann_page": "28", "hierokles_section_line": "677,9", "external_references": "BA 62 E4"}}, {"type": "Feature", "geometry": {"type": "Point", "coordinates": [29.655699, 38.496089]}, "properties": {"id": "609521", "uid": "377", "title": "Sebaste", "province": "Phrygia Pakatiane", "diocese": "Asiane", "honigmann_page": "25", "hierokles_section_line": "667,8", "external_references": "BA 62 C5"}}, {"type": "Feature", "geometry": {"type": "Point", "coordinates": [27.951694, 44.6868135]}, "properties": {"id": "216753", "uid": "57", "title": "Karsos", "province": "Skythia", "diocese": "Thrakike", "honigmann_page": "14", "hierokles_section_line": "637,11", "external_references": "BA 22 E4"}}, {"type": "Feature", "geometry": {"type": "Point", "coordinates": [22.967793, 38.2608866667]}, "properties": {"id": "541146", "uid": "147", "title": "Thisbai", "province": "Hellas", "diocese": "Illyrikon", "honigmann_page": "17", "hierokles_section_line": "645,3b", "external_references": "BA 55 D4"}}, {"type": "Feature", "geometry": {"type": "Point", "coordinates": [31.936, 31.158072]}, "properties": {"id": "727184", "uid": "931", "title": "Panephysis", "province": "Augoustamnike I", "diocese": "Aigyptiake", "honigmann_page": "46", "hierokles_section_line": "727,10", "external_references": "BA 74 F2"}}, {"type": "Feature", "geometry": {"type": "Point", "coordinates": [30.8810025, 27.8105625]}, "properties": {"id": "756518", "uid": "955", "title": "Antino", "province": "Thebais Engista", "diocese": "Aigyptiake", "honigmann_page": "47", "hierokles_section_line": "730,8", "external_references": "77 D1 Antinoopolis"}}, {"type": "Feature", "geometry": {"type": "Point", "coordinates": [19.977001, 44.9696585]}, "properties": {"id": "206960", "uid": "278", "title": "Bassiana", "province": "Pannonia", "diocese": "Illyrikon", "honigmann_page": "21", "hierokles_section_line": "657,9", "external_references": "BA 21 B5"}}, {"type": "Feature", "geometry": {"type": "Point", "coordinates": [30.2738405, 36.371287]}, "properties": {"id": "638937", "uid": "538", "title": "Korydalla", "province": "Lykia", "diocese": "Asiane", "honigmann_page": "31", "hierokles_section_line": "683,3a", "external_references": "BA 65 D5"}}, {"type": "Feature", "geometry": {"type": "Point", "coordinates": [31.746075, 26.565878]}, "properties": {"id": "756613", "uid": "961", "title": "Panos", "province": "Thebais Engista", "diocese": "Aigyptiake", "honigmann_page": "47", "hierokles_section_line": "731,5", "external_references": "BA 77 F3 Panopolis"}}, {"type": "Feature", "geometry": {"type": "Point", "coordinates": [33.6134213, 40.6013428]}, "properties": {"id": "844926", "uid": "643", "title": "Gangra", "province": "Paphlagonia", "diocese": "Pontike", "honigmann_page": "34", "hierokles_section_line": "695,5", "external_references": "BA 86 D3"}}, {"type": "Feature", "geometry": {"type": "Point", "coordinates": [30.854274, 36.961406]}, "properties": {"id": "639048", "uid": "489", "title": "Perge", "province": "Pamphylia", "diocese": "Asiane", "honigmann_page": "29", "hierokles_section_line": "679,2", "external_references": "BA 65 E4"}}, {"type": "Feature", "geometry": {"type": "Point", "coordinates": [19.520268, 42.0672575]}, "properties": {"id": "481986", "uid": "267", "title": "Skodra", "province": "Praibalis", "diocese": "Illyrikon", "honigmann_page": "20", "hierokles_section_line": "656,4", "external_references": "BA 49 B1"}}, {"type": "Feature", "geometry": {"type": "Point", "coordinates": [30.0055193333, 37.303875]}, "properties": {"id": "639015", "uid": "506", "title": "Olbasa", "province": "Pamphylia", "diocese": "Asiane", "honigmann_page": "29", "hierokles_section_line": "680,10", "external_references": "BA 65 C3"}}, {"type": "Feature", "geometry": {"type": "Point", "coordinates": [26.499702, 41.358625]}, "properties": {"id": "501572", "uid": "36", "title": "Plotinopolis", "province": "Haimimontos", "diocese": "Thrakike", "honigmann_page": "13", "hierokles_section_line": "635,13", "external_references": "BA 51 G2"}}, {"type": "Feature", "geometry": {"type": "Point", "coordinates": [26.936283, 38.75953]}, "properties": {"id": "550506", "uid": "313", "title": "Kyme", "province": "Asia", "diocese": "Asiane", "honigmann_page": "22", "hierokles_section_line": "661,3", "external_references": "BA 56 D4"}}, {"type": "Feature", "geometry": {"type": "Point", "coordinates": [20.2226798347, 39.9952771714]}, "properties": {"id": "530885", "uid": "231", "title": "Adrianoupolis", "province": "Palaia Epeiros", "diocese": "Illyrikon", "honigmann_page": "19", "hierokles_section_line": "651,8", "external_references": "BA 54 B2"}}, {"type": "Feature", "geometry": {"type": "Point", "coordinates": [32.2940446667, 36.260469]}, "properties": {"id": "648772", "uid": "753", "title": "Selinous", "province": "Isauria", "diocese": "Anatolike", "honigmann_page": "39", "hierokles_section_line": "709,6", "external_references": "BA 66 A4"}}, {"type": "Feature", "geometry": {"type": "Point", "coordinates": [30.0872566667, 37.715825]}, "properties": {"id": "638973", "uid": "508", "title": "Lysinia", "province": "Pamphylia", "diocese": "Asiane", "honigmann_page": "29", "hierokles_section_line": "680,12", "external_references": "BA 65 D2"}}, {"type": "Feature", "geometry": {"type": "Point", "coordinates": [22.293498, 43.214499]}, "properties": {"id": "207382", "uid": "255", "title": "Remesiana", "province": "Dakia Mesogeios", "diocese": "Illyrikon", "honigmann_page": "20", "hierokles_section_line": "654,7", "external_references": "BA 21 E6"}}, {"type": "Feature", "geometry": {"type": "Point", "coordinates": [21.927944, 36.954171]}, "properties": {"id": "570371", "uid": "186", "title": "Korone", "province": "Hellas", "diocese": "Illyrikon", "honigmann_page": "18", "hierokles_section_line": "647,15", "external_references": "BA 58 B4"}}, {"type": "Feature", "geometry": {"type": "Point", "coordinates": [27.874127, 40.389806]}, "properties": {"id": "511218", "uid": "325", "title": "Kyzikos", "province": "Hellespontos", "diocese": "Asiane", "honigmann_page": "23", "hierokles_section_line": "661,15", "external_references": "BA 52 B4"}}, {"type": "Feature", "geometry": {"type": "Point", "coordinates": [26.0572495, 40.858827]}, "properties": {"id": "501649", "uid": "21", "title": "Traianoupolis", "province": "Rodope", "diocese": "Thrakike", "honigmann_page": "12", "hierokles_section_line": "634,7", "external_references": "BA 51 G3"}}, {"type": "Feature", "geometry": {"type": "Point", "coordinates": [32.858128, 39.944387]}, "properties": {"id": "619103", "uid": "650", "title": "Ankyra", "province": "Galatia I", "diocese": "Pontike", "honigmann_page": "34", "hierokles_section_line": "696,5", "external_references": "BA 63 B1"}}, {"type": "Feature", "geometry": {"type": "Point", "coordinates": [24.565356, 38.902984]}, "properties": {"id": "541108", "uid": "164", "title": "Skyros", "province": "Hellas", "diocese": "Illyrikon", "honigmann_page": "17", "hierokles_section_line": "646,5", "external_references": "BA 55 H3"}}, {"type": "Feature", "geometry": {"type": "Point", "coordinates": [19.643916, 41.7829405]}, "properties": {"id": "481896", "uid": "268", "title": "Lissos", "province": "Praibalis", "diocese": "Illyrikon", "honigmann_page": "20", "hierokles_section_line": "656,5", "external_references": "BA 49 B2"}}, {"type": "Feature", "geometry": {"type": "Point", "coordinates": [26.753208, 38.670353]}, "properties": {"id": "550406", "uid": "312", "title": "Phokaia", "province": "Asia", "diocese": "Asiane", "honigmann_page": "22", "hierokles_section_line": "661,2", "external_references": "BA 56 D4"}}, {"type": "Feature", "geometry": {"type": "Point", "coordinates": [37.156825, 36.199335]}, "properties": {"id": "658409", "uid": "774", "title": "Beroia", "province": "Syria I", "diocese": "Anatolike", "honigmann_page": "39", "hierokles_section_line": "711,7", "external_references": "BA 67 E4"}}, {"type": "Feature", "geometry": {"type": "Point", "coordinates": [21.738518, 38.243265]}, "properties": {"id": "570567", "uid": "191", "title": "Patrai", "province": "Hellas", "diocese": "Illyrikon", "honigmann_page": "18", "hierokles_section_line": "648,3", "external_references": "BA 58 B1"}}, {"type": "Feature", "geometry": {"type": "Point", "coordinates": [29.025789, 40.983393]}, "properties": {"id": "520988", "uid": "619", "title": "Chalkedon", "province": "Bithynia", "diocese": "Pontike", "honigmann_page": "33", "hierokles_section_line": "690,4", "external_references": "BA 52 E3"}}, {"type": "Feature", "geometry": {"type": "Point", "coordinates": [27.584578, 37.279525]}, "properties": {"id": "599664", "uid": "610", "title": "Iasos", "province": "Karia", "diocese": "Asiane", "honigmann_page": "33", "hierokles_section_line": "689,4", "external_references": "BA 61 F3"}}, {"type": "Feature", "geometry": {"type": "Point", "coordinates": [28.247677, 41.078496]}, "properties": {"id": "511414", "uid": "4", "title": "Eudoxiopolis", "province": "Europe", "diocese": "Thrakike", "honigmann_page": "12", "hierokles_section_line": "632,1", "external_references": "BA 52 C2"}}, {"type": "Feature", "geometry": {"type": "Point", "coordinates": [29.16084635, 38.6575327]}, "properties": {"id": "609336", "uid": "411", "title": "Bageis", "province": "Lydia", "diocese": "Asiane", "honigmann_page": "26", "hierokles_section_line": "671,1", "external_references": "BA 62 B4"}}, {"type": "Feature", "geometry": {"type": "Point", "coordinates": [34.752119, 32.053722]}, "properties": {"id": "687931", "uid": "848", "title": "Ioppe", "province": "Palaistine I", "diocese": "Anatolike", "honigmann_page": "42", "hierokles_section_line": "719,6", "external_references": "BA 70 F1"}}, {"type": "Feature", "geometry": {"type": "Point", "coordinates": [38.412817, 40.306806]}, "properties": {"id": "857194", "uid": "698", "title": "Koloneia", "province": "Armenia I", "diocese": "Pontike", "honigmann_page": "37", "hierokles_section_line": "703,3", "external_references": "BA 87 D4"}}, {"type": "Feature", "geometry": {"type": "Point", "coordinates": [22.556736, 40.899846]}, "properties": {"id": "491595", "uid": "66", "title": "Europos", "province": "Makedonia I", "diocese": "Illyrikon", "honigmann_page": "14", "hierokles_section_line": "638,4", "external_references": "BA 50 C3"}}, {"type": "Feature", "geometry": {"type": "Point", "coordinates": [23.451655, 38.497693]}, "properties": {"id": "540639", "uid": "143", "title": "Anthedon", "province": "Hellas", "diocese": "Illyrikon", "honigmann_page": "17", "hierokles_section_line": "644,12", "external_references": "BA 55 E4"}}, {"type": "Feature", "geometry": {"type": "Point", "coordinates": [22.42097025, 39.634851]}, "properties": {"id": "540905", "uid": "106", "title": "Larissa", "province": "Thessalia", "diocese": "Illyrikon", "honigmann_page": "16", "hierokles_section_line": "642,2", "external_references": "BA 55 C1"}}, {"type": "Feature", "geometry": {"type": "Point", "coordinates": [22.057184, 40.797176]}, "properties": {"id": "491585", "uid": "70", "title": "Edessa", "province": "Makedonia I", "diocese": "Illyrikon", "honigmann_page": "14", "hierokles_section_line": "638,8", "external_references": "BA 50 B3"}}, {"type": "Feature", "geometry": {"type": "Point", "coordinates": [23.342891, 42.722826]}, "properties": {"id": "207439", "uid": "251", "title": "Sardike", "province": "Dakia Mesogeios", "diocese": "Illyrikon", "honigmann_page": "20", "hierokles_section_line": "654,3", "external_references": "BA 21 F7"}}, {"type": "Feature", "geometry": {"type": "Point", "coordinates": [22.626059, 38.375439]}, "properties": {"id": "540642", "uid": "135", "title": "Antikyra", "province": "Hellas", "diocese": "Illyrikon", "honigmann_page": "17", "hierokles_section_line": "644,4", "external_references": "BA 55 D4"}}, {"type": "Feature", "geometry": {"type": "Point", "coordinates": [35.701716, 31.180939]}, "properties": {"id": "697648", "uid": "870", "title": "Charachmoba", "province": "Palaistine III", "diocese": "Anatolike", "honigmann_page": "43", "hierokles_section_line": "721,5", "external_references": "BA 71 B3"}}, {"type": "Feature", "geometry": {"type": "Point", "coordinates": [23.103147, 38.555375]}, "properties": {"id": "540823", "uid": "146", "title": "Hyettos", "province": "Hellas", "diocese": "Illyrikon", "honigmann_page": "17", "hierokles_section_line": "645,3a", "external_references": "BA 55 E3"}}, {"type": "Feature", "geometry": {"type": "Point", "coordinates": [37.0201215, 40.5892125]}, "properties": {"id": "857177", "uid": "690", "title": "Neokaisareia", "province": "Pontos Polemoniakos", "diocese": "Pontike", "honigmann_page": "37", "hierokles_section_line": "702,4", "external_references": "BA 87 B4"}}, {"type": "Feature", "geometry": {"type": "Point", "coordinates": [31.184479, 30.47243]}, "properties": {"id": "727078", "uid": "936", "title": "Athribis", "province": "Augoustamnike II", "diocese": "Aigyptiake", "honigmann_page": "46", "hierokles_section_line": "728,2", "external_references": "BA 74 E4"}}, {"type": "Feature", "geometry": {"type": "Point", "coordinates": [28.240451, 37.8260545]}, "properties": {"id": "599839", "uid": "600", "title": "Orthosia", "province": "Karia", "diocese": "Asiane", "honigmann_page": "33", "hierokles_section_line": "688,5", "external_references": "BA 61 G2"}}, {"type": "Feature", "geometry": {"type": "Point", "coordinates": [23.7239851818, 37.9727465455]}, "properties": {"id": "579885", "uid": "155", "title": "Athenai", "province": "Hellas", "diocese": "Illyrikon", "honigmann_page": "17", "hierokles_section_line": "645,11", "external_references": "BA 58 F2"}}, {"type": "Feature", "geometry": {"type": "Point", "coordinates": [32.6977875, 36.7524565]}, "properties": {"id": "648695", "uid": "767", "title": "Lauzadeai", "province": "Isauria", "diocese": "Anatolike", "honigmann_page": "39", "hierokles_section_line": "710,9", "external_references": "BA 66 B3"}}, {"type": "Feature", "geometry": {"type": "Point", "coordinates": [21.885071, 41.581351]}, "properties": {"id": "491527", "uid": "98", "title": "Argos", "province": "Makedonia II", "diocese": "Illyrikon", "honigmann_page": "15", "hierokles_section_line": "641,3", "external_references": "BA 50 A1"}}, {"type": "Feature", "geometry": {"type": "Point", "coordinates": [33.570111, 38.9918185]}, "properties": {"id": "619235", "uid": "678", "title": "Parnassos", "province": "Kappadokia II", "diocese": "Pontike", "honigmann_page": "36", "hierokles_section_line": "700,7", "external_references": "BA 63 D2"}}, {"type": "Feature", "geometry": {"type": "Point", "coordinates": [34.413417, 39.629832]}, "properties": {"id": "619271", "uid": "670", "title": "Therma", "province": "Kappadokia I", "diocese": "Pontike", "honigmann_page": "36", "hierokles_section_line": "699,2", "external_references": "BA 63 G2 Basilika Therma"}}, {"type": "Feature", "geometry": {"type": "Point", "coordinates": [29.618865, 40.689761]}, "properties": {"id": "511372", "uid": "621", "title": "Prainetos", "province": "Bithynia", "diocese": "Pontike", "honigmann_page": "33", "hierokles_section_line": "691,2", "external_references": "BA 52 F3"}}, {"type": "Feature", "geometry": {"type": "Point", "coordinates": [36.925326, 37.586682]}, "properties": {"id": "658474", "uid": "791", "title": "Germanikeia", "province": "Euphratesia", "diocese": "Anatolike", "honigmann_page": "40", "hierokles_section_line": "713,5", "external_references": "BA 67 D1"}}, {"type": "Feature", "geometry": {"type": "Point", "coordinates": [28.998851, 39.906135]}, "properties": {"id": "609396", "uid": "632", "title": "Adrianoi", "province": "Bithynia", "diocese": "Pontike", "honigmann_page": "34", "hierokles_section_line": "693,5", "external_references": "BA 62 A2"}}, {"type": "Feature", "geometry": {"type": "Point", "coordinates": [26.834645, 40.538708]}, "properties": {"id": "501352", "uid": "15", "title": "Aphrodisia", "province": "Europe", "diocese": "Thrakike", "honigmann_page": "12", "hierokles_section_line": "634,1", "external_references": "BA 51 H3"}}, {"type": "Feature", "geometry": {"type": "Point", "coordinates": [36.39298, 34.966351]}, "properties": {"id": "668350", "uid": "783", "title": "Raphaneai", "province": "Syria II", "diocese": "Anatolike", "honigmann_page": "40", "hierokles_section_line": "712,8", "external_references": "BA 68 B4"}}, {"type": "Feature", "geometry": {"type": "Point", "coordinates": [24.7077165, 42.503218]}, "properties": {"id": "216792", "uid": "29", "title": "Diokletianoupolis", "province": "Thrake", "diocese": "Thrakike", "honigmann_page": "12", "hierokles_section_line": "635,6", "external_references": "BA 22 B6"}}, {"type": "Feature", "geometry": {"type": "Point", "coordinates": [34.6220045, 31.7834665]}, "properties": {"id": "687843", "uid": "837", "title": "Azotos Paralios", "province": "Palaistine I", "diocese": "Anatolike", "honigmann_page": "41", "hierokles_section_line": "718,5", "external_references": "BA 70 F2"}}, {"type": "Feature", "geometry": {"type": "Point", "coordinates": [24.420381, 38.016541]}, "properties": {"id": "570336", "uid": "152", "title": "Karystos", "province": "Hellas", "diocese": "Illyrikon", "honigmann_page": "17", "hierokles_section_line": "645,8", "external_references": "BA 58 G1"}}, {"type": "Feature", "geometry": {"type": "Point", "coordinates": [25.612232, 43.217925]}, "properties": {"id": "216895", "uid": "42", "title": "Nikopolis", "province": "Mysia II", "diocese": "Thrakike", "honigmann_page": "13", "hierokles_section_line": "636,5", "external_references": "BA 22 C5"}}, {"type": "Feature", "geometry": {"type": "Point", "coordinates": [28.803373, 38.612168]}, "properties": {"id": "609540", "uid": "410", "title": "Tabala", "province": "Lydia", "diocese": "Asiane", "honigmann_page": "26", "hierokles_section_line": "670,9", "external_references": "BA 62 A4"}}, {"type": "Feature", "geometry": {"type": "Point", "coordinates": [27.9562175, 37.041728]}, "properties": {"id": "599707", "uid": "594", "title": "Keramos", "province": "Karia", "diocese": "Asiane", "honigmann_page": "33", "hierokles_section_line": "687,13", "external_references": "BA 61 F3"}}, {"type": "Feature", "geometry": {"type": "Point", "coordinates": [38.14353355, 40.1485567]}, "properties": {"id": "857248", "uid": "697", "title": "Nikopolis", "province": "Armenia I", "diocese": "Pontike", "honigmann_page": "37", "hierokles_section_line": "703,2", "external_references": "BA 87 D4"}}, {"type": "Feature", "geometry": {"type": "Point", "coordinates": [36.3258925066, 38.3295227075]}, "properties": {"id": "628959", "uid": "706", "title": "Komana", "province": "Armenia II", "diocese": "Pontike", "honigmann_page": "37", "hierokles_section_line": "703,11", "external_references": "BA 64 C4"}}, {"type": "Feature", "geometry": {"type": "Point", "coordinates": [27.690896, 37.59888]}, "properties": {"id": "599489", "uid": "597", "title": "Amyzon", "province": "Karia", "diocese": "Asiane", "honigmann_page": "33", "hierokles_section_line": "688,2", "external_references": "BA 61 F2"}}, {"type": "Feature", "geometry": {"type": "Point", "coordinates": [36.2021205, 34.0110135]}, "properties": {"id": "678179", "uid": "829", "title": "Helioupolis", "province": "Phoinike Libanesia", "diocese": "Anatolike", "honigmann_page": "41", "hierokles_section_line": "717,5", "external_references": "BA 69 D1"}}, {"type": "Feature", "geometry": {"type": "Point", "coordinates": [22.081952, 38.252707]}, "properties": {"id": "570049", "uid": "170", "title": "Aigion", "province": "Hellas", "diocese": "Illyrikon", "honigmann_page": "18", "hierokles_section_line": "646,10", "external_references": "BA 58 C1"}}, {"type": "Feature", "geometry": {"type": "Point", "coordinates": [32.421841, 35.034889]}, "properties": {"id": "707483", "uid": "735", "title": "Arsinoe", "province": "Kypros", "diocese": "Anatolike", "honigmann_page": "38", "hierokles_section_line": "706,10", "external_references": "BA 72 A2"}}, {"type": "Feature", "geometry": {"type": "Point", "coordinates": [21.216122, 44.736776]}, "properties": {"id": "207549", "uid": "271", "title": "Biminakion", "province": "Mysia I", "diocese": "Illyrikon", "honigmann_page": "21", "hierokles_section_line": "657,2", "external_references": "BA 21 D5 Viminacium"}}, {"type": "Feature", "geometry": {"type": "Point", "coordinates": [32.804577, 36.024616]}, "properties": {"id": "648557", "uid": "747", "title": "Anemourion", "province": "Isauria", "diocese": "Anatolike", "honigmann_page": "38", "hierokles_section_line": "708,4", "external_references": "BA 66 B4"}}, {"type": "Feature", "geometry": {"type": "Point", "coordinates": [27.833014, 37.5588635]}, "properties": {"id": "599480", "uid": "598", "title": "Alinda", "province": "Karia", "diocese": "Asiane", "honigmann_page": "33", "hierokles_section_line": "688,3", "external_references": "BA 61 F2"}}, {"type": "Feature", "geometry": {"type": "Point", "coordinates": [31.284786, 30.131757]}, "properties": {"id": "727117", "uid": "937", "title": "Heliou", "province": "Augoustamnike II", "diocese": "Aigyptiake", "honigmann_page": "46", "hierokles_section_line": "728,3", "external_references": "BA 74 E4 Heliopolis"}}, {"type": "Feature", "geometry": {"type": "Point", "coordinates": [33.202109, 35.350592]}, "properties": {"id": "707555", "uid": "737", "title": "Lapethos", "province": "Kypros", "diocese": "Anatolike", "honigmann_page": "38", "hierokles_section_line": "707,2", "external_references": "BA 72 C2"}}, {"type": "Feature", "geometry": {"type": "Point", "coordinates": [30.7935766667, 36.8537066667]}, "properties": {"id": "638980", "uid": "491", "title": "Magydos", "province": "Pamphylia", "diocese": "Asiane", "honigmann_page": "29", "hierokles_section_line": "679,4", "external_references": "BA 65 E4"}}, {"type": "Feature", "geometry": {"type": "Point", "coordinates": [30.54871175, 36.52177975]}, "properties": {"id": "639051", "uid": "535", "title": "Phaselis", "province": "Lykia", "diocese": "Asiane", "honigmann_page": "31", "hierokles_section_line": "683,1", "external_references": "BA 65 E4"}}, {"type": "Feature", "geometry": {"type": "Point", "coordinates": [30.62363975, 37.8963655]}, "properties": {"id": "639098", "uid": "438", "title": "Seleukeia He Sidera", "province": "Pisidia", "diocese": "Asiane", "honigmann_page": "27", "hierokles_section_line": "673,8", "external_references": "BA 65 E2"}}, {"type": "Feature", "geometry": {"type": "Point", "coordinates": [27.9500148, 44.09715215]}, "properties": {"id": "217027", "uid": "54", "title": "Tropaion", "province": "Skythia", "diocese": "Thrakike", "honigmann_page": "13", "hierokles_section_line": "637,8", "external_references": "BA 22 E4"}}, {"type": "Feature", "geometry": {"type": "Point", "coordinates": [21.87884, 37.710489]}, "properties": {"id": "570722", "uid": "177", "title": "Thelpousa", "province": "Hellas", "diocese": "Illyrikon", "honigmann_page": "18", "hierokles_section_line": "647,6", "external_references": "BA 58 B2"}}, {"type": "Feature", "geometry": {"type": "Point", "coordinates": [29.19792, 45.024561]}, "properties": {"id": "226617", "uid": "61", "title": "Halmyris", "province": "Skythia", "diocese": "Thrakike", "honigmann_page": "14", "hierokles_section_line": "637,15", "external_references": "BA 23 C3"}}, {"type": "Feature", "geometry": {"type": "Point", "coordinates": [33.517464, 37.440842]}, "properties": {"id": "648644", "uid": "456", "title": "Hyde", "province": "Lykaonia", "diocese": "Asiane", "honigmann_page": "27", "hierokles_section_line": "675,11", "external_references": "BA 66 D2"}}, {"type": "Feature", "geometry": {"type": "Point", "coordinates": [32.374024, 38.192186]}, "properties": {"id": "619197", "uid": "427", "title": "Laodikeia Kekaumene", "province": "Pisidia", "diocese": "Asiane", "honigmann_page": "26", "hierokles_section_line": "672,9", "external_references": "BA 63 A4"}}, {"type": "Feature", "geometry": {"type": "Point", "coordinates": [39.597934, 40.027787]}, "properties": {"id": "874684", "uid": "699", "title": "Satala", "province": "Armenia I", "diocese": "Pontike", "honigmann_page": "37", "hierokles_section_line": "703,4", "external_references": "BA 89 B1"}}, {"type": "Feature", "geometry": {"type": "Point", "coordinates": [26.547048, 39.110475]}, "properties": {"id": "550763", "uid": "573", "title": "Mytilene", "province": "Nesoi", "diocese": "Asiane", "honigmann_page": "32", "hierokles_section_line": "686,5", "external_references": "BA 56 D3"}}, {"type": "Feature", "geometry": {"type": "Point", "coordinates": [35.898345, 37.255638]}, "properties": {"id": "658378", "uid": "719", "title": "Anazarbos", "province": "Kilikia II", "diocese": "Anatolike", "honigmann_page": "38", "hierokles_section_line": "705,2", "external_references": "BA 67 B2"}}, {"type": "Feature", "geometry": {"type": "Point", "coordinates": [22.734938, 38.5110675]}, "properties": {"id": "540723", "uid": "128", "title": "Daulis", "province": "Hellas", "diocese": "Illyrikon", "honigmann_page": "16", "hierokles_section_line": "643,10", "external_references": "BA 55 D3"}}, {"type": "Feature", "geometry": {"type": "Point", "coordinates": [33.197508, 37.899116]}, "properties": {"id": "648662", "uid": "461", "title": "Kana", "province": "Lykaonia", "diocese": "Asiane", "honigmann_page": "28", "hierokles_section_line": "676,4", "external_references": "BA 66 C1"}}, {"type": "Feature", "geometry": {"type": "Point", "coordinates": [23.2294868, 38.1497606]}, "properties": {"id": "570051", "uid": "154", "title": "Aigosthena", "province": "Hellas", "diocese": "Illyrikon", "honigmann_page": "17", "hierokles_section_line": "645,10", "external_references": "BA 58 E1"}}, {"type": "Feature", "geometry": {"type": "Point", "coordinates": [36.4669675, 37.2513675]}, "properties": {"id": "658458", "uid": "725", "title": "Eirenopolis", "province": "Kilikia II", "diocese": "Anatolike", "honigmann_page": "38", "hierokles_section_line": "705,8", "external_references": "BA 67 C2"}}, {"type": "Feature", "geometry": {"type": "Point", "coordinates": [35.542294, 32.787692]}, "properties": {"id": "678431", "uid": "861", "title": "Tiberias", "province": "Palaistine II", "diocese": "Anatolike", "honigmann_page": "42", "hierokles_section_line": "720,7", "external_references": "BA 69 C4"}}, {"type": "Feature", "geometry": {"type": "Point", "coordinates": [21.831267, 38.399726]}, "properties": {"id": "540960", "uid": "130", "title": "Naupactos", "province": "Hellas", "diocese": "Illyrikon", "honigmann_page": "17", "hierokles_section_line": "643,12", "external_references": "BA 55 B4"}}, {"type": "Feature", "geometry": {"type": "Point", "coordinates": [20.71, 38.34]}, "properties": {"id": "530906", "uid": "238", "title": "Ithake Nesos", "province": "Palaia Epeiros", "diocese": "Illyrikon", "honigmann_page": "20", "hierokles_section_line": "652,7", "external_references": "BA 54 C5"}}, {"type": "Feature", "geometry": {"type": "Point", "coordinates": [31.620556, 30.734257]}, "properties": {"id": "727196", "uid": "939", "title": "Pharbaithos", "province": "Augoustamnike II", "diocese": "Aigyptiake", "honigmann_page": "46", "hierokles_section_line": "728,5", "external_references": "BA 74 F3"}}, {"type": "Feature", "geometry": {"type": "Point", "coordinates": [28.0645, 37.31359]}, "properties": {"id": "599947", "uid": "596", "title": "Stratonikeia", "province": "Karia", "diocese": "Asiane", "honigmann_page": "33", "hierokles_section_line": "688,1", "external_references": "BA 61 G3"}}, {"type": "Feature", "geometry": {"type": "Point", "coordinates": [28.674196, 40.377645]}, "properties": {"id": "511226", "uid": "630", "title": "Daskylion", "province": "Bithynia", "diocese": "Pontike", "honigmann_page": "34", "hierokles_section_line": "693,3", "external_references": "BA 52 D4"}}, {"type": "Feature", "geometry": {"type": "Point", "coordinates": [29.1078183333, 37.8360176667]}, "properties": {"id": "638955", "uid": "358", "title": "Laodikeia", "province": "Phrygia Pakatiane", "diocese": "Asiane", "honigmann_page": "24", "hierokles_section_line": "665,1", "external_references": "BA 65 B2"}}, {"type": "Feature", "geometry": {"type": "Point", "coordinates": [30.519444, 37.678056]}, "properties": {"id": "639087", "uid": "436", "title": "Sagalassos", "province": "Pisidia", "diocese": "Asiane", "honigmann_page": "27", "hierokles_section_line": "673,6", "external_references": "BA 65 E2"}}, {"type": "Feature", "geometry": {"type": "Point", "coordinates": [30.65172, 28.542574]}, "properties": {"id": "736983", "uid": "944", "title": "Oxrynchos", "province": "Arkadia", "diocese": "Aigyptiake", "honigmann_page": "46", "hierokles_section_line": "729,3", "external_references": "BA 75 D3"}}, {"type": "Feature", "geometry": {"type": "Point", "coordinates": [23.660727, 35.495307]}, "properties": {"id": "589870", "uid": "220", "title": "Kisamos", "province": "Krete", "diocese": "Illyrikon", "honigmann_page": "19", "hierokles_section_line": "650,13", "external_references": "BA 60 A2"}}, {"type": "Feature", "geometry": {"type": "Point", "coordinates": [34.6483245, 31.0995445]}, "properties": {"id": "687890", "uid": "875", "title": "Elousa", "province": "Palaistine III", "diocese": "Anatolike", "honigmann_page": "43", "hierokles_section_line": "721,10", "external_references": "BA 70 F3"}}, {"type": "Feature", "geometry": {"type": "Point", "coordinates": [36.570874, 40.622446]}, "properties": {"id": "857169", "uid": "683", "title": "Ibora", "province": "Kappadokia II", "diocese": "Pontike", "honigmann_page": "37", "hierokles_section_line": "701,4", "external_references": "BA 87 B4"}}, {"type": "Feature", "geometry": {"type": "Point", "coordinates": [23.78963, 35.247257]}, "properties": {"id": "589914", "uid": "223", "title": "Lissos", "province": "Krete", "diocese": "Illyrikon", "honigmann_page": "19", "hierokles_section_line": "650,16", "external_references": "BA 60 A2"}}, {"type": "Feature", "geometry": {"type": "Point", "coordinates": [23.542453, 41.087975]}, "properties": {"id": "501616", "uid": "84", "title": "Serrai", "province": "Makedonia I", "diocese": "Illyrikon", "honigmann_page": "15", "hierokles_section_line": "639,10", "external_references": "BA 51 B2 Sirra"}}, {"type": "Feature", "geometry": {"type": "Point", "coordinates": [31.945445, 41.2230875]}, "properties": {"id": "844903", "uid": "648", "title": "Dadybra", "province": "Paphlagonia", "diocese": "Pontike", "honigmann_page": "34", "hierokles_section_line": "696,3", "external_references": "BA 86 B2"}}, {"type": "Feature", "geometry": {"type": "Point", "coordinates": [30.173857, 38.073196]}, "properties": {"id": "638751", "uid": "434", "title": "Apameia", "province": "Pisidia", "diocese": "Asiane", "honigmann_page": "27", "hierokles_section_line": "673,4", "external_references": "BA 65 D1"}}, {"type": "Feature", "geometry": {"type": "Point", "coordinates": [35.6781455, 32.655922]}, "properties": {"id": "678142", "uid": "857", "title": "Gadara", "province": "Palaistine II", "diocese": "Anatolike", "honigmann_page": "42", "hierokles_section_line": "720,3", "external_references": "BA 69 C4"}}, {"type": "Feature", "geometry": {"type": "Point", "coordinates": [20.76, 37.77]}, "properties": {"id": "531155", "uid": "195", "title": "Nesos Zakynthos", "province": "Hellas", "diocese": "Illyrikon", "honigmann_page": "18", "hierokles_section_line": "648,7", "external_references": "BA 54 inset"}}, {"type": "Feature", "geometry": {"type": "Point", "coordinates": [37.8733395, 37.0530905]}, "properties": {"id": "658636", "uid": "790", "title": "Zeugma", "province": "Euphratesia", "diocese": "Anatolike", "honigmann_page": "40", "hierokles_section_line": "713,4", "external_references": "BA 67 F2"}}, {"type": "Feature", "geometry": {"type": "Point", "coordinates": [29.634935, 36.199973]}, "properties": {"id": "638749", "uid": "551", "title": "Antiphellos", "province": "Lykia", "diocese": "Asiane", "honigmann_page": "31", "hierokles_section_line": "684,7", "external_references": "BA 65 C5"}}, {"type": "Feature", "geometry": {"type": "Point", "coordinates": [29.4104525, 38.6794575]}, "properties": {"id": "609549", "uid": "393", "title": "Temenou Thyrai", "province": "Phrygia Pakatiane", "diocese": "Asiane", "honigmann_page": "25", "hierokles_section_line": "668,14", "external_references": "BA 62 B4"}}, {"type": "Feature", "geometry": {"type": "Point", "coordinates": [27.1383, 38.41905]}, "properties": {"id": "550893", "uid": "306", "title": "Smyrna", "province": "Asia", "diocese": "Asiane", "honigmann_page": "22", "hierokles_section_line": "660,12", "external_references": "BA 56 E5"}}, {"type": "Feature", "geometry": {"type": "Point", "coordinates": [22.2014926667, 40.5221266667]}, "properties": {"id": "491546", "uid": "68", "title": "Beroia", "province": "Makedonia I", "diocese": "Illyrikon", "honigmann_page": "14", "hierokles_section_line": "638,6", "external_references": "BA 50 B3"}}, {"type": "Feature", "geometry": {"type": "Point", "coordinates": [19.610106, 44.966447]}, "properties": {"id": "207447", "uid": "277", "title": "Sirmion", "province": "Pannonia", "diocese": "Illyrikon", "honigmann_page": "21", "hierokles_section_line": "657,8", "external_references": "BA 21 B5"}}, {"type": "Feature", "geometry": {"type": "Point", "coordinates": [34.894124, 31.607738]}, "properties": {"id": "687854", "uid": "839", "title": "Eleutheropolis", "province": "Palaistine I", "diocese": "Anatolike", "honigmann_page": "41", "hierokles_section_line": "718,7", "external_references": "BA 70 F2"}}, {"type": "Feature", "geometry": {"type": "Point", "coordinates": [29.803885, 37.8857483333]}, "properties": {"id": "638743", "uid": "367", "title": "Sanaos", "province": "Phrygia Pakatiane", "diocese": "Asiane", "honigmann_page": "24", "hierokles_section_line": "666,5", "external_references": "BA 65 C2"}}, {"type": "Feature", "geometry": {"type": "Point", "coordinates": [26.37442, 40.079727]}, "properties": {"id": "501393", "uid": "331", "title": "Dardanos", "province": "Hellespontos", "diocese": "Asiane", "honigmann_page": "23", "hierokles_section_line": "662,7", "external_references": "BA 51 G4"}}, {"type": "Feature", "geometry": {"type": "Point", "coordinates": [36.1873455, 37.176408]}, "properties": {"id": "658481", "uid": "727", "title": "Kastabala", "province": "Kilikia II", "diocese": "Anatolike", "honigmann_page": "38", "hierokles_section_line": "706,2", "external_references": "BA 67 C2"}}, {"type": "Feature", "geometry": {"type": "Point", "coordinates": [24.639291, 35.25874]}, "properties": {"id": "590063", "uid": "214", "title": "Soubritos", "province": "Krete", "diocese": "Illyrikon", "honigmann_page": "19", "hierokles_section_line": "650,7", "external_references": "BA 60 C2 Sybrita"}}, {"type": "Feature", "geometry": {"type": "Point", "coordinates": [31.7284523333, 37.6807703333]}, "properties": {"id": "638997", "uid": "448", "title": "Mistheia", "province": "Lykaonia", "diocese": "Asiane", "honigmann_page": "27", "hierokles_section_line": "675,3", "external_references": "BA 65 G2"}}, {"type": "Feature", "geometry": {"type": "Point", "coordinates": [37.511511, 41.028521]}, "properties": {"id": "857285", "uid": "692", "title": "Polemonion", "province": "Pontos Polemoniakos       37", "diocese": "Pontike", "honigmann_page": "37", "hierokles_section_line": "702,6", "external_references": "BA 87 C3"}}, {"type": "Feature", "geometry": {"type": "Point", "coordinates": [22.6415516667, 32.767385]}, "properties": {"id": "373780", "uid": "988", "title": "Darnis", "province": "Libye He Kato", "diocese": "Aigyptiake", "honigmann_page": "48", "hierokles_section_line": "734,3", "external_references": "BA 38 D1"}}, {"type": "Feature", "geometry": {"type": "Point", "coordinates": [27.952973, 40.971013]}, "properties": {"id": "511357", "uid": "5", "title": "Herakleia", "province": "Europe", "diocese": "Thrakike", "honigmann_page": "12", "hierokles_section_line": "632,2", "external_references": "BA 52 B3"}}, {"type": "Feature", "geometry": {"type": "Point", "coordinates": [21.83866205, 39.33861325]}, "properties": {"id": "540947", "uid": "112", "title": "Metropolis", "province": "Thessalia", "diocese": "Illyrikon", "honigmann_page": "16", "hierokles_section_line": "642,8", "external_references": "BA 55 B2"}}, {"type": "Feature", "geometry": {"type": "Point", "coordinates": [29.609445, 39.201251]}, "properties": {"id": "609292", "uid": "387", "title": "Aizanoi", "province": "Phrygia Pakatiane", "diocese": "Asiane", "honigmann_page": "25", "hierokles_section_line": "668,8", "external_references": "BA 62 C3"}}, {"type": "Feature", "geometry": {"type": "Point", "coordinates": [35.8833333, 40.3]}, "properties": {"id": "857382", "uid": "684", "title": "Zela", "province": "Kappadokia II", "diocese": "Pontike", "honigmann_page": "37", "hierokles_section_line": "701,5", "external_references": "BA 87 A4"}}, {"type": "Feature", "geometry": {"type": "Point", "coordinates": [22.719464, 37.631561]}, "properties": {"id": "570106", "uid": "175", "title": "Argos", "province": "Hellas", "diocese": "Illyrikon", "honigmann_page": "18", "hierokles_section_line": "647,4", "external_references": "BA 58 D2"}}, {"type": "Feature", "geometry": {"type": "Point", "coordinates": [23.880112, 40.39975]}, "properties": {"id": "501339", "uid": "89", "title": "Akanthos", "province": "Makedonia I", "diocese": "Illyrikon", "honigmann_page": "15", "hierokles_section_line": "640,5", "external_references": "BA 51 B4"}}, {"type": "Feature", "geometry": {"type": "Point", "coordinates": [21.681159, 37.248527]}, "properties": {"id": "570397", "uid": "189", "title": "Kyparissia", "province": "Hellas", "diocese": "Illyrikon", "honigmann_page": "18", "hierokles_section_line": "648,1", "external_references": "BA 58 B3"}}, {"type": "Feature", "geometry": {"type": "Point", "coordinates": [36.6283611, 40.3735938]}, "properties": {"id": "857095", "uid": "691", "title": "Komana", "province": "Pontos Polemoniakos       37", "diocese": "Pontike", "honigmann_page": "37", "hierokles_section_line": "702,5", "external_references": "BA 87 B4"}}, {"type": "Feature", "geometry": {"type": "Point", "coordinates": [35.645732, 34.119026]}, "properties": {"id": "668216", "uid": "814", "title": "Byblos", "province": "Phoinike", "diocese": "Anatolike", "honigmann_page": "41", "hierokles_section_line": "715,10", "external_references": "BA 68 A5"}}, {"type": "Feature", "geometry": {"type": "Point", "coordinates": [21.974974, 41.552591]}, "properties": {"id": "491731", "uid": "97", "title": "Stoboi", "province": "Makedonia II", "diocese": "Illyrikon", "honigmann_page": "15", "hierokles_section_line": "641,2", "external_references": "BA 50 A1"}}, {"type": "Feature", "geometry": {"type": "Point", "coordinates": [27.352699, 41.4017405]}, "properties": {"id": "511185", "uid": "6", "title": "Arkadioupolis", "province": "Europe", "diocese": "Thrakike", "honigmann_page": "12", "hierokles_section_line": "632,3", "external_references": "BA 52 A2"}}, {"type": "Feature", "geometry": {"type": "Point", "coordinates": [35.922327, 35.378062]}, "properties": {"id": "668250", "uid": "772", "title": "Gabala", "province": "Syria I", "diocese": "Anatolike", "honigmann_page": "39", "hierokles_section_line": "711,5", "external_references": "BA 68 A3"}}, {"type": "Feature", "geometry": {"type": "Point", "coordinates": [28.3528415, 37.9504305]}, "properties": {"id": "599790", "uid": "288", "title": "Mastaura", "province": "Asia", "diocese": "Asiane", "honigmann_page": "21", "hierokles_section_line": "659,8", "external_references": "BA 61 G2"}}, {"type": "Feature", "geometry": {"type": "Point", "coordinates": [27.466995, 40.907132]}, "properties": {"id": "511351", "uid": "8", "title": "Panion", "province": "Europe", "diocese": "Thrakike", "honigmann_page": "12", "hierokles_section_line": "632,5", "external_references": "BA 52 A3"}}, {"type": "Feature", "geometry": {"type": "Point", "coordinates": [36.719319, 34.7376565]}, "properties": {"id": "668261", "uid": "826", "title": "Emisa", "province": "Phoinike Libanesia", "diocese": "Anatolike", "honigmann_page": "41", "hierokles_section_line": "717,2", "external_references": "BA 68 C4 (H)Emesa"}}, {"type": "Feature", "geometry": {"type": "Point", "coordinates": [31.746248, 39.455074]}, "properties": {"id": "609377", "uid": "664", "title": "Eudoxias", "province": "Galatia Saloutaria", "diocese": "Pontike", "honigmann_page": "35", "hierokles_section_line": "698,2", "external_references": "BA 62 G3"}}, {"type": "Feature", "geometry": {"type": "Point", "coordinates": [23.87, 38.53]}, "properties": {"id": "540775", "uid": "142", "title": "Nesos Euboia", "province": "Hellas", "diocese": "Illyrikon", "honigmann_page": "17", "hierokles_section_line": "644,11", "external_references": "BA 55 E3"}}, {"type": "Feature", "geometry": {"type": "Point", "coordinates": [34.920181, 31.866353]}, "properties": {"id": "687904", "uid": "852", "title": "Gazaris?", "province": "Palaistine I", "diocese": "Anatolike", "honigmann_page": "42", "hierokles_section_line": "719,10", "external_references": "BA 70 F2"}}, {"type": "Feature", "geometry": {"type": "Point", "coordinates": [22.8749615, 38.4353745]}, "properties": {"id": "540907", "uid": "136", "title": "Lebadeia", "province": "Hellas", "diocese": "Illyrikon", "honigmann_page": "17", "hierokles_section_line": "644,5", "external_references": "BA 55 D4"}}, {"type": "Feature", "geometry": {"type": "Point", "coordinates": [20.496254, 39.482048]}, "properties": {"id": "531064", "uid": "236", "title": "Photike", "province": "Palaia Epeiros", "diocese": "Illyrikon", "honigmann_page": "19", "hierokles_section_line": "652,5", "external_references": "BA 54 B3"}}, {"type": "Feature", "geometry": {"type": "Point", "coordinates": [30.202995, 36.554976]}, "properties": {"id": "638865", "uid": "540", "title": "Edebessos", "province": "Lykia", "diocese": "Asiane", "honigmann_page": "31", "hierokles_section_line": "683,5", "external_references": "BA 65 D4 Idebessos"}}, {"type": "Feature", "geometry": {"type": "Point", "coordinates": [36.3070100711, 33.5114776451]}, "properties": {"id": "678106", "uid": "828", "title": "Damaskos", "province": "Phoinike Libanesia", "diocese": "Anatolike", "honigmann_page": "41", "hierokles_section_line": "717,4", "external_references": "BA 69 D2"}}, {"type": "Feature", "geometry": {"type": "Point", "coordinates": [26.791496, 39.5785]}, "properties": {"id": "550433", "uid": "321", "title": "Antandros", "province": "Asia", "diocese": "Asiane", "honigmann_page": "22", "hierokles_section_line": "661,11", "external_references": "BA 56 D2"}}, {"type": "Feature", "geometry": {"type": "Point", "coordinates": [22.26784, 41.800995]}, "properties": {"id": "491538", "uid": "101", "title": "Bargala", "province": "Makedonia II", "diocese": "Illyrikon", "honigmann_page": "16", "hierokles_section_line": "641,6", "external_references": "BA 50 B1"}}, {"type": "Feature", "geometry": {"type": "Point", "coordinates": [34.864193, 32.033584]}, "properties": {"id": "687991", "uid": "846", "title": "Ono", "province": "Palaistine I", "diocese": "Anatolike", "honigmann_page": "42", "hierokles_section_line": "719,4", "external_references": "BA 70 F1"}}, {"type": "Feature", "geometry": {"type": "Point", "coordinates": [22.904856, 43.817397]}, "properties": {"id": "207376", "uid": "257", "title": "Ratiaria", "province": "Parapotamia Dakia", "diocese": "Illyrikon", "honigmann_page": "20", "hierokles_section_line": "655,2", "external_references": "BA 21 E6"}}, {"type": "Feature", "geometry": {"type": "Point", "coordinates": [28.090321, 44.493739]}, "properties": {"id": "216748", "uid": "56", "title": "Kapidaba", "province": "Skythia", "diocese": "Thrakike", "honigmann_page": "14", "hierokles_section_line": "637,10", "external_references": "BA 22 F4"}}, {"type": "Feature", "geometry": {"type": "Point", "coordinates": [26.699162, 40.346685]}, "properties": {"id": "501570", "uid": "329", "title": "Lampsakos", "province": "Hellespontos", "diocese": "Asiane", "honigmann_page": "23", "hierokles_section_line": "662,5", "external_references": "BA 51 H4"}}, {"type": "Feature", "geometry": {"type": "Point", "coordinates": [31.390552, 36.768137]}, "properties": {"id": "639105", "uid": "524", "title": "Side", "province": "Pamphylia", "diocese": "Asiane", "honigmann_page": "30", "hierokles_section_line": "682,2", "external_references": "BA 65 F4"}}, {"type": "Feature", "geometry": {"type": "Point", "coordinates": [27.27770558, 37.52157586]}, "properties": {"id": "599799", "uid": "589", "title": "Miletos", "province": "Karia", "diocese": "Asiane", "honigmann_page": "32", "hierokles_section_line": "687,8", "external_references": "BA 61 E2"}}, {"type": "Feature", "geometry": {"type": "Point", "coordinates": [37.359985, 37.153671]}, "properties": {"id": "658455", "uid": "789", "title": "Doliche", "province": "Euphratesia", "diocese": "Anatolike", "honigmann_page": "40", "hierokles_section_line": "713,3", "external_references": "BA 67 E2"}}, {"type": "Feature", "geometry": {"type": "Point", "coordinates": [26.962332, 39.240505]}, "properties": {"id": "550814", "uid": "319", "title": "Theodosioupolis", "province": "Asia", "diocese": "Asiane", "honigmann_page": "22", "hierokles_section_line": "661,9", "external_references": "BA 56 D3"}}, {"type": "Feature", "geometry": {"type": "Point", "coordinates": [27.655361, 40.102177]}, "properties": {"id": "511178", "uid": "327", "title": "Baris", "province": "Hellespontos", "diocese": "Asiane", "honigmann_page": "23", "hierokles_section_line": "662,3", "external_references": "BA 52 B4"}}, {"type": "Feature", "geometry": {"type": "Point", "coordinates": [35.442275, 30.328981]}, "properties": {"id": "697725", "uid": "867", "title": "Petra", "province": "Palaistine III", "diocese": "Anatolike", "honigmann_page": "43", "hierokles_section_line": "721,2", "external_references": "BA 71 A5"}}, {"type": "Feature", "geometry": {"type": "Point", "coordinates": [35.4852, 36.756188]}, "properties": {"id": "648702", "uid": "716", "title": "Mallos", "province": "Kilikia I", "diocese": "Anatolike", "honigmann_page": "37", "hierokles_section_line": "704,8", "external_references": "BA 66 G3"}}, {"type": "Feature", "geometry": {"type": "Point", "coordinates": [26.3184033056, 31.5120933594]}, "properties": {"id": "0", "uid": "984", "title": "Zeugra", "province": "Libye He Kato", "diocese": "Aigyptiake", "honigmann_page": "48", "hierokles_section_line": "733,6a", "external_references": "BA 73 D2 Zygris"}}, {"type": "Feature", "geometry": {"type": "Point", "coordinates": [36.165318, 36.200663]}, "properties": {"id": "658381", "uid": "769", "title": "Antiocheia", "province": "Syria I", "diocese": "Anatolike", "honigmann_page": "39", "hierokles_section_line": "711,2", "external_references": "BA 67 C4"}}, {"type": "Feature", "geometry": {"type": "Point", "coordinates": [23.277848, 41.561119]}, "properties": {"id": "491683", "uid": "82", "title": "Paroikopolis", "province": "Makedonia I", "diocese": "Illyrikon", "honigmann_page": "14", "hierokles_section_line": "639,8", "external_references": "BA 50 D1"}}, {"type": "Feature", "geometry": {"type": "Point", "coordinates": [28.7236076307, 37.7085907133]}, "properties": {"id": "638753", "uid": "605", "title": "Aphrodisias", "province": "Karia", "diocese": "Asiane", "honigmann_page": "33", "hierokles_section_line": "688,10", "external_references": "BA 65 A2"}}, {"type": "Feature", "geometry": {"type": "Point", "coordinates": [26.409131, 40.1951155]}, "properties": {"id": "501325", "uid": "330", "title": "Abydos", "province": "Hellespontos", "diocese": "Asiane", "honigmann_page": "23", "hierokles_section_line": "662,6", "external_references": "BA 51 G4"}}, {"type": "Feature", "geometry": {"type": "Point", "coordinates": [31.5072626667, 30.576879]}, "properties": {"id": "727088", "uid": "938", "title": "Boubastos", "province": "Augoustamnike II", "diocese": "Aigyptiake", "honigmann_page": "46", "hierokles_section_line": "728,4", "external_references": "BA 74 E3"}}, {"type": "Feature", "geometry": {"type": "Point", "coordinates": [22.5014055, 38.4819545]}, "properties": {"id": "540726", "uid": "131", "title": "Delphoi", "province": "Hellas", "diocese": "Illyrikon", "honigmann_page": "17", "hierokles_section_line": "643,13", "external_references": "BA 55 D4"}}, {"type": "Feature", "geometry": {"type": "Point", "coordinates": [35.281457, 32.7535945]}, "properties": {"id": "678387", "uid": "863", "title": "Diokaisareia", "province": "Palaistine II", "diocese": "Anatolike", "honigmann_page": "43", "hierokles_section_line": "720,9", "external_references": "BA 69 B4 Sepphoris"}}, {"type": "Feature", "geometry": {"type": "Point", "coordinates": [28.548284, 37.873542]}, "properties": {"id": "638748", "uid": "604", "title": "Antiocheia", "province": "Karia", "diocese": "Asiane", "honigmann_page": "33", "hierokles_section_line": "688,9", "external_references": "BA 65 A2"}}, {"type": "Feature", "geometry": {"type": "Point", "coordinates": [35.209358, 33.268071]}, "properties": {"id": "678437", "uid": "810", "title": "Tyros", "province": "Phoinike", "diocese": "Anatolike", "honigmann_page": "40", "hierokles_section_line": "715,6", "external_references": "BA 69 B3"}}, {"type": "Feature", "geometry": {"type": "Point", "coordinates": [26.964722, 38.077883]}, "properties": {"id": "599754", "uid": "304", "title": "Lebedos", "province": "Asia", "diocese": "Asiane", "honigmann_page": "22", "hierokles_section_line": "660,10", "external_references": "BA 61 D1"}}, {"type": "Feature", "geometry": {"type": "Point", "coordinates": [32.8100463333, 36.0994186667]}, "properties": {"id": "648796", "uid": "748", "title": "Titioupolis", "province": "Isauria", "diocese": "Anatolike", "honigmann_page": "38", "hierokles_section_line": "709,1", "external_references": "BA 66 B4"}}, {"type": "Feature", "geometry": {"type": "Point", "coordinates": [35.693185, 33.247952]}, "properties": {"id": "678324", "uid": "824", "title": "Paneas", "province": "Phoinike", "diocese": "Anatolike", "honigmann_page": "41", "hierokles_section_line": "716,9", "external_references": "BA 69 C3"}}, {"type": "Feature", "geometry": {"type": "Point", "coordinates": [29.4477726667, 38.0290376667]}, "properties": {"id": "638964", "uid": "371", "title": "Lounda", "province": "Phrygia Pakatiane", "diocese": "Asiane", "honigmann_page": "25", "hierokles_section_line": "667,2", "external_references": "BA 65 B1"}}, {"type": "Feature", "geometry": {"type": "Point", "coordinates": [35.934602, 31.955128]}, "properties": {"id": "697728", "uid": "886", "title": "Philadelpheia", "province": "Arabia", "diocese": "Anatolike", "honigmann_page": "44", "hierokles_section_line": "722,9", "external_references": "BA 71 B2"}}, {"type": "Feature", "geometry": {"type": "Point", "coordinates": [20.787767, 39.546432]}, "properties": {"id": "530843", "uid": "229", "title": "Dodone", "province": "Palaia Epeiros", "diocese": "Illyrikon", "honigmann_page": "19", "hierokles_section_line": "651,5", "external_references": "BA 54 C2"}}, {"type": "Feature", "geometry": {"type": "Point", "coordinates": [20.4503, 44.8236]}, "properties": {"id": "207443", "uid": "272", "title": "Singidounon", "province": "Mysia I", "diocese": "Illyrikon", "honigmann_page": "21", "hierokles_section_line": "657,3", "external_references": "BA 21 C5"}}, {"type": "Feature", "geometry": {"type": "Point", "coordinates": [22.7108171, 37.808904]}, "properties": {"id": "570504", "uid": "167", "title": "Nemea", "province": "Hellas", "diocese": "Illyrikon", "honigmann_page": "18", "hierokles_section_line": "646,8a", "external_references": "BA 58 D2"}}, {"type": "Feature", "geometry": {"type": "Point", "coordinates": [24.9469437222, 35.0627201667]}, "properties": {"id": "589796", "uid": "204", "title": "Gortyna", "province": "Krete", "diocese": "Illyrikon", "honigmann_page": "19", "hierokles_section_line": "649,4", "external_references": "BA 60 C2"}}, {"type": "Feature", "geometry": {"type": "Point", "coordinates": [35.0605755, 31.0301455]}, "properties": {"id": "687963", "uid": "873", "title": "Mampsis", "province": "Palaistine III", "diocese": "Anatolike", "honigmann_page": "43", "hierokles_section_line": "721,8", "external_references": "BA 70 G3"}}, {"type": "Feature", "geometry": {"type": "Point", "coordinates": [22.7623437406, 39.2730303612]}, "properties": {"id": "541137", "uid": "108", "title": "Thebai", "province": "Thessalia", "diocese": "Illyrikon", "honigmann_page": "16", "hierokles_section_line": "642,4", "external_references": "BA 55 D2"}}, {"type": "Feature", "geometry": {"type": "Point", "coordinates": [28.9940985, 37.628189]}, "properties": {"id": "638857", "uid": "606", "title": "Herakleia Salbakes", "province": "Karia", "diocese": "Asiane", "honigmann_page": "33", "hierokles_section_line": "688,11", "external_references": "BA 65 A2"}}, {"type": "Feature", "geometry": {"type": "Point", "coordinates": [32.8877, 34.6642]}, "properties": {"id": "707549", "uid": "733", "title": "Kourion", "province": "Kypros", "diocese": "Anatolike", "honigmann_page": "38", "hierokles_section_line": "706,8", "external_references": "BA 72 B3"}}, {"type": "Feature", "geometry": {"type": "Point", "coordinates": [32.3476676667, 37.58326]}, "properties": {"id": "648699", "uid": "447", "title": "Lystra", "province": "Lykaonia", "diocese": "Asiane", "honigmann_page": "27", "hierokles_section_line": "675,2", "external_references": "BA 66 A1"}}, {"type": "Feature", "geometry": {"type": "Point", "coordinates": [35.59571, 30.329232]}, "properties": {"id": "697625", "uid": "868", "title": "Augoustopolis", "province": "Palaistine III", "diocese": "Anatolike", "honigmann_page": "43", "hierokles_section_line": "721,3", "external_references": "BA 71 B5 Adrou"}}, {"type": "Feature", "geometry": {"type": "Point", "coordinates": [35.891768, 32.2788645]}, "properties": {"id": "678158", "uid": "884", "title": "Gerasa", "province": "Arabia", "diocese": "Anatolike", "honigmann_page": "44", "hierokles_section_line": "722,7", "external_references": "BA 69 C5"}}, {"type": "Feature", "geometry": {"type": "Point", "coordinates": [38.361152, 38.382217]}, "properties": {"id": "629040", "uid": "702", "title": "Melitene", "province": "Armenia II", "diocese": "Pontike", "honigmann_page": "37", "hierokles_section_line": "703,7", "external_references": "BA 64 G4"}}, {"type": "Feature", "geometry": {"type": "Point", "coordinates": [25.282439, 35.080331]}, "properties": {"id": "589710", "uid": "212", "title": "Arkadia", "province": "Krete", "diocese": "Illyrikon", "honigmann_page": "19", "hierokles_section_line": "650,5", "external_references": "BA 60 D2 Arkades"}}, {"type": "Feature", "geometry": {"type": "Point", "coordinates": [30.934141, 37.214237]}, "properties": {"id": "639046", "uid": "521", "title": "Pednelissos?", "province": "Pamphylia", "diocese": "Asiane", "honigmann_page": "30", "hierokles_section_line": "681,12", "external_references": "BA 65 E3"}}, {"type": "Feature", "geometry": {"type": "Point", "coordinates": [32.5083145, 39.475327]}, "properties": {"id": "619216", "uid": "659", "title": "Myrikion", "province": "Galatia Saloutaria", "diocese": "Pontike", "honigmann_page": "35", "hierokles_section_line": "697,5", "external_references": "BA 63 A2"}}, {"type": "Feature", "geometry": {"type": "Point", "coordinates": [35.8582935, 32.5986015]}, "properties": {"id": "678224", "uid": "859", "title": "Kapetolias", "province": "Palaistine II", "diocese": "Anatolike", "honigmann_page": "42", "hierokles_section_line": "720,5", "external_references": "BA 69 C4"}}, {"type": "Feature", "geometry": {"type": "Point", "coordinates": [28.397699, 37.690157]}, "properties": {"id": "599823", "uid": "602", "title": "Neapolis", "province": "Karia", "diocese": "Asiane", "honigmann_page": "33", "hierokles_section_line": "688,7", "external_references": "BA 61 G2"}}, {"type": "Feature", "geometry": {"type": "Point", "coordinates": [33.0779, 31.2116]}, "properties": {"id": "687872", "uid": "923", "title": "Kasion", "province": "Augoustamnike I", "diocese": "Aigyptiake", "honigmann_page": "46", "hierokles_section_line": "727,2", "external_references": "BA 70 C3"}}, {"type": "Feature", "geometry": {"type": "Point", "coordinates": [22.706912, 36.992193]}, "properties": {"id": "570263", "uid": "180", "title": "Geronthrai", "province": "Hellas", "diocese": "Illyrikon", "honigmann_page": "18", "hierokles_section_line": "647,9", "external_references": "BA 58 D4"}}, {"type": "Feature", "geometry": {"type": "Point", "coordinates": [33.7660475, 41.9740255]}, "properties": {"id": "844847", "uid": "647", "title": "Ionopolis", "province": "Paphlagonia", "diocese": "Pontike", "honigmann_page": "34", "hierokles_section_line": "696,2", "external_references": "BA 86 D2"}}, {"type": "Feature", "geometry": {"type": "Point", "coordinates": [29.2499765, 36.49502975]}, "properties": {"id": "639058", "uid": "558", "title": "Pinara", "province": "Lykia", "diocese": "Asiane", "honigmann_page": "31", "hierokles_section_line": "684,14", "external_references": "BA 65 B5"}}, {"type": "Feature", "geometry": {"type": "Point", "coordinates": [20.06425, 32.12452]}, "properties": {"id": "373757", "uid": "981", "title": "Beronike", "province": "Libye He Ano", "diocese": "Aigyptiake", "honigmann_page": "48", "hierokles_section_line": "733,3", "external_references": "BA 38 B1"}}, {"type": "Feature", "geometry": {"type": "Point", "coordinates": [21.839109, 37.39629]}, "properties": {"id": "570598", "uid": "184", "title": "Phigaleia", "province": "Hellas", "diocese": "Illyrikon", "honigmann_page": "18", "hierokles_section_line": "647,13", "external_references": "BA 58 B3"}}, {"type": "Feature", "geometry": {"type": "Point", "coordinates": [22.949569, 40.630282]}, "properties": {"id": "491741", "uid": "64", "title": "Thessalonike", "province": "Makedonia I", "diocese": "Illyrikon", "honigmann_page": "14", "hierokles_section_line": "638,2", "external_references": "BA 50 C3"}}, {"type": "Feature", "geometry": {"type": "Point", "coordinates": [33.4394033333, 36.6425243333]}, "properties": {"id": "648723", "uid": "757", "title": "Klaudioupolis", "province": "Isauria", "diocese": "Anatolike", "honigmann_page": "39", "hierokles_section_line": "709,10", "external_references": "BA 66 C3"}}, {"type": "Feature", "geometry": {"type": "Point", "coordinates": [31.648396, 37.024146]}, "properties": {"id": "638940", "uid": "528", "title": "Kotena", "province": "Pamphylia", "diocese": "Asiane", "honigmann_page": "30", "hierokles_section_line": "682,6", "external_references": "BA 65 G3"}}, {"type": "Feature", "geometry": {"type": "Point", "coordinates": [38.0709625, 36.2067945]}, "properties": {"id": "658461", "uid": "795", "title": "Salton Eragizenon", "province": "Euphratesia", "diocese": "Anatolike", "honigmann_page": "40", "hierokles_section_line": "713,9", "external_references": "BA 67 G4", "hollow": true}}, {"type": "Feature", "geometry": {"type": "Point", "coordinates": [34.154167, 36.465278]}, "properties": {"id": "648612", "uid": "713", "title": "Korykos", "province": "Kilikia I", "diocese": "Anatolike", "honigmann_page": "37", "hierokles_section_line": "704,5", "external_references": "BA 66 E4"}}, {"type": "Feature", "geometry": {"type": "Point", "coordinates": [33.221586, 37.1784506667]}, "properties": {"id": "648693", "uid": "453", "title": "Laranda", "province": "Lykaonia", "diocese": "Asiane", "honigmann_page": "27", "hierokles_section_line": "675,8", "external_references": "BA 66 C2"}}, {"type": "Feature", "geometry": {"type": "Point", "coordinates": [19.3142526667, 42.3928703333]}, "properties": {"id": "481808", "uid": "269", "title": "Doklea?", "province": "Praibalis", "diocese": "Illyrikon", "honigmann_page": "20", "hierokles_section_line": "656,6", "external_references": "BA 49 B1"}}, {"type": "Feature", "geometry": {"type": "Point", "coordinates": [32.450363, 36.2407]}, "properties": {"id": "648690", "uid": "749", "title": "Lamos", "province": "Isauria", "diocese": "Anatolike", "honigmann_page": "38", "hierokles_section_line": "709,2", "external_references": "BA 66 A4"}}, {"type": "Feature", "geometry": {"type": "Point", "coordinates": [27.585033, 43.22504]}, "properties": {"id": "216878", "uid": "39", "title": "Markianoupolis", "province": "Mysia II", "diocese": "Thrakike", "honigmann_page": "13", "hierokles_section_line": "636,2", "external_references": "BA 22 E5"}}, {"type": "Feature", "geometry": {"type": "Point", "coordinates": [30.626467, 30.778076]}, "properties": {"id": "727071", "uid": "905", "title": "Andron", "province": "Aigyptos", "diocese": "Aigyptiake", "honigmann_page": "45", "hierokles_section_line": "724,8", "external_references": "BA 74 D3 Andronpolis"}}, {"type": "Feature", "geometry": {"type": "Point", "coordinates": [27.840523, 38.922933]}, "properties": {"id": "550924", "uid": "400", "title": "Thyateira", "province": "Lydia", "diocese": "Asiane", "honigmann_page": "26", "hierokles_section_line": "669,5", "external_references": "BA 56 F4"}}, {"type": "Feature", "geometry": {"type": "Point", "coordinates": [25.388567, 35.319165]}, "properties": {"id": "589744", "uid": "210", "title": "Chersonesos", "province": "Krete", "diocese": "Illyrikon", "honigmann_page": "19", "hierokles_section_line": "650,3", "external_references": "BA 60 D2"}}, {"type": "Feature", "geometry": {"type": "Point", "coordinates": [28.621536, 36.825909]}, "properties": {"id": "638796", "uid": "562", "title": "Kaunos", "province": "Lykia", "diocese": "Asiane", "honigmann_page": "31", "hierokles_section_line": "685,1", "external_references": "BA 65 A4"}}, {"type": "Feature", "geometry": {"type": "Point", "coordinates": [33.95189, 38.932743]}, "properties": {"id": "619222", "uid": "669", "title": "Nyssa", "province": "Kappadokia I", "diocese": "Pontike", "honigmann_page": "35", "hierokles_section_line": "699,1", "external_references": "BA 63 D3"}}, {"type": "Feature", "geometry": {"type": "Point", "coordinates": [39.728451, 41.005877]}, "properties": {"id": "857359", "uid": "694", "title": "Trapezous", "province": "Pontos Polemoniakos       37", "diocese": "Pontike", "honigmann_page": "37", "hierokles_section_line": "702,8", "external_references": "BA 87 E4"}}, {"type": "Feature", "geometry": {"type": "Point", "coordinates": [31.1825335, 27.181346]}, "properties": {"id": "756593", "uid": "957", "title": "Lykon", "province": "Thebais Engista", "diocese": "Aigyptiake", "honigmann_page": "47", "hierokles_section_line": "731,1", "external_references": "BA 77 E2 Lykopolis"}}, {"type": "Feature", "geometry": {"type": "Point", "coordinates": [36.6031113333, 32.7426153333]}, "properties": {"id": "678082", "uid": "893", "title": "Kanotha", "province": "Arabia", "diocese": "Anatolike", "honigmann_page": "45", "hierokles_section_line": "723,4", "external_references": "BA 69 E4 Canatha"}}, {"type": "Feature", "geometry": {"type": "Point", "coordinates": [31.802059, 26.476779]}, "properties": {"id": "756635", "uid": "964", "title": "Ptolemais", "province": "Thebais Ano", "diocese": "Aigyptiake", "honigmann_page": "47", "hierokles_section_line": "731,8", "external_references": "BA 77 F4 Ptolemais Hermiou"}}, {"type": "Feature", "geometry": {"type": "Point", "coordinates": [35.936001, 36.11808]}, "properties": {"id": "658483", "uid": "770", "title": "Seleukeia", "province": "Syria I", "diocese": "Anatolike", "honigmann_page": "39", "hierokles_section_line": "711,3", "external_references": "BA 67 B4"}}, {"type": "Feature", "geometry": {"type": "Point", "coordinates": [27.100676, 39.128826]}, "properties": {"id": "550931", "uid": "318", "title": "Tiarai", "province": "Asia", "diocese": "Asiane", "honigmann_page": "22", "hierokles_section_line": "661,8", "external_references": "BA 56 E3"}}, {"type": "Feature", "geometry": {"type": "Point", "coordinates": [25.511426, 40.873751]}, "properties": {"id": "501507", "uid": "22", "title": "Maroneia", "province": "Rodope", "diocese": "Thrakike", "honigmann_page": "12", "hierokles_section_line": "634,8", "external_references": "BA 51 F3"}}, {"type": "Feature", "geometry": {"type": "Point", "coordinates": [30.5693948, 38.69782865]}, "properties": {"id": "609511", "uid": "475", "title": "Prymnessos", "province": "Phrygia Saloutaria", "diocese": "Asiane", "honigmann_page": "28", "hierokles_section_line": "677,8", "external_references": "BA 62 E4"}}, {"type": "Feature", "geometry": {"type": "Point", "coordinates": [33.349677, 36.759213]}, "properties": {"id": "648707", "uid": "763", "title": "Meloe", "province": "Isauria", "diocese": "Anatolike", "honigmann_page": "39", "hierokles_section_line": "710,5", "external_references": "BA 66 C3"}}, {"type": "Feature", "geometry": {"type": "Point", "coordinates": [21.3836, 43.927174]}, "properties": {"id": "207173", "uid": "275", "title": "Horreomargou", "province": "Mysia I", "diocese": "Illyrikon", "honigmann_page": "21", "hierokles_section_line": "657,6", "external_references": "BA 21 D56 Horreum Margi"}}, {"type": "Feature", "geometry": {"type": "Point", "coordinates": [22.723917, 38.893412]}, "properties": {"id": "540749", "uid": "109", "title": "Echinos", "province": "Thessalia", "diocese": "Illyrikon", "honigmann_page": "16", "hierokles_section_line": "642,5", "external_references": "BA 55 D3"}}, {"type": "Feature", "geometry": {"type": "Point", "coordinates": [26.542854, 39.535451]}, "properties": {"id": "550544", "uid": "322", "title": "Gargara", "province": "Asia", "diocese": "Asiane", "honigmann_page": "22", "hierokles_section_line": "661,12", "external_references": "BA 56 D2"}}, {"type": "Feature", "geometry": {"type": "Point", "coordinates": [25.71726, 35.190776]}, "properties": {"id": "589900", "uid": "208", "title": "Kamara", "province": "Krete", "diocese": "Illyrikon", "honigmann_page": "19", "hierokles_section_line": "650,1", "external_references": "BA 60 E2 Lato pros Kamara"}}, {"type": "Feature", "geometry": {"type": "Point", "coordinates": [23.047878, 38.6306405]}, "properties": {"id": "540986", "uid": "139", "title": "Opous", "province": "Hellas", "diocese": "Illyrikon", "honigmann_page": "17", "hierokles_section_line": "644,8", "external_references": "BA 55 E3"}}, {"type": "Feature", "geometry": {"type": "Point", "coordinates": [29.131799, 37.9175053333]}, "properties": {"id": "638860", "uid": "359", "title": "Hierapolis", "province": "Phrygia Pakatiane", "diocese": "Asiane", "honigmann_page": "24", "hierokles_section_line": "665,2", "external_references": "BA 65 B2"}}, {"type": "Feature", "geometry": {"type": "Point", "coordinates": [35.927407, 35.272667]}, "properties": {"id": "668332", "uid": "773", "title": "Paltos", "province": "Syria I", "diocese": "Anatolike", "honigmann_page": "39", "hierokles_section_line": "711,6", "external_references": "BA 68 A3"}}, {"type": "Feature", "geometry": {"type": "Point", "coordinates": [19.444876, 41.316435]}, "properties": {"id": "481865", "uid": "240", "title": "Dyrrachion", "province": "Nea Epeiros", "diocese": "Illyrikon", "honigmann_page": "20", "hierokles_section_line": "653,1", "external_references": "BA 49 B2"}}, {"type": "Feature", "geometry": {"type": "Point", "coordinates": [31.004611, 30.7709265]}, "properties": {"id": "727243", "uid": "913", "title": "Taua", "province": "Aigyptos", "diocese": "Aigyptiake", "honigmann_page": "45", "hierokles_section_line": "725,4", "external_references": "BA 74 E3 Taya", "hollow": false}}, {"type": "Feature", "geometry": {"type": "Point", "coordinates": [34.546334, 31.661963]}, "properties": {"id": "687839", "uid": "851", "title": "Askalon", "province": "Palaistine I", "diocese": "Anatolike", "honigmann_page": "42", "hierokles_section_line": "719,9", "external_references": "BA 70 F2"}}, {"type": "Feature", "geometry": {"type": "Point", "coordinates": [21.920439, 37.175491]}, "properties": {"id": "570479", "uid": "185", "title": "Messene", "province": "Hellas", "diocese": "Illyrikon", "honigmann_page": "18", "hierokles_section_line": "647,14", "external_references": "BA 58 B3"}}, {"type": "Feature", "geometry": {"type": "Point", "coordinates": [35.887675, 36.4195645]}, "properties": {"id": "658585", "uid": "724", "title": "Rossos", "province": "Kilikia II", "diocese": "Anatolike", "honigmann_page": "38", "hierokles_section_line": "705,7", "external_references": "BA 67 B4 Rhosos"}}, {"type": "Feature", "geometry": {"type": "Point", "coordinates": [37.9711315, 38.33454]}, "properties": {"id": "628929", "uid": "703", "title": "Arka", "province": "Armenia II", "diocese": "Pontike", "honigmann_page": "37", "hierokles_section_line": "703,8", "external_references": "BA 64 F4"}}, {"type": "Feature", "geometry": {"type": "Point", "coordinates": [26.480833, 38.382778]}, "properties": {"id": "550535", "uid": "308", "title": "Erythrai", "province": "Asia", "diocese": "Asiane", "honigmann_page": "22", "hierokles_section_line": "660,14", "external_references": "BA 56 C5"}}, {"type": "Feature", "geometry": {"type": "Point", "coordinates": [26.934551, 39.504028]}, "properties": {"id": "550403", "uid": "320", "title": "Adramyttion", "province": "Asia", "diocese": "Asiane", "honigmann_page": "22", "hierokles_section_line": "661,10", "external_references": "BA 56 D2"}}, {"type": "Feature", "geometry": {"type": "Point", "coordinates": [26.944483, 37.68825]}, "properties": {"id": "599925", "uid": "571", "title": "Samos", "province": "Nesoi", "diocese": "Asiane", "honigmann_page": "32", "hierokles_section_line": "686,3", "external_references": "BA 61 D2"}}, {"type": "Feature", "geometry": {"type": "Point", "coordinates": [33.956685, 36.58519]}, "properties": {"id": "648725", "uid": "756", "title": "Olba", "province": "Isauria", "diocese": "Anatolike", "honigmann_page": "39", "hierokles_section_line": "709,9", "external_references": "BA 66 D3"}}, {"type": "Feature", "geometry": {"type": "Point", "coordinates": [38.42451, 36.976694]}, "properties": {"id": "658405", "uid": "803", "title": "Batnai", "province": "Osroene", "diocese": "Anatolike", "honigmann_page": "40", "hierokles_section_line": "714,5", "external_references": "BA 67 G3"}}, {"type": "Feature", "geometry": {"type": "Point", "coordinates": [22.5585205, 38.7086695]}, "properties": {"id": "540743", "uid": "127", "title": "Drymia", "province": "Hellas", "diocese": "Illyrikon", "honigmann_page": "16", "hierokles_section_line": "643,9b", "external_references": "BA 55 D3"}}, {"type": "Feature", "geometry": {"type": "Point", "coordinates": [19.75, 39.666667]}, "properties": {"id": "530835", "uid": "237", "title": "Kerkyra Nesos", "province": "Palaia Epeiros", "diocese": "Illyrikon", "honigmann_page": "19", "hierokles_section_line": "652,6", "external_references": "BA 54 A2 Corcyra Ins."}}, {"type": "Feature", "geometry": {"type": "Point", "coordinates": [25.25, 39.916667]}, "properties": {"id": "550693", "uid": "201", "title": "Nesos Lemnos", "province": "Hellas", "diocese": "Illyrikon", "honigmann_page": "19", "hierokles_section_line": "649,1", "external_references": "BA 56 A2"}}, {"type": "Feature", "geometry": {"type": "Point", "coordinates": [24.840106, 35.302424]}, "properties": {"id": "590095", "uid": "215", "title": "Oaxos", "province": "Krete", "diocese": "Illyrikon", "honigmann_page": "19", "hierokles_section_line": "650,8", "external_references": "BA 60 C2 (W)Axos"}}, {"type": "Feature", "geometry": {"type": "Point", "coordinates": [28.491915, 45.270526]}, "properties": {"id": "216900", "uid": "59", "title": "Nobiodounon", "province": "Skythia", "diocese": "Thrakike", "honigmann_page": "14", "hierokles_section_line": "637,13", "external_references": "BA 22 F3"}}, {"type": "Feature", "geometry": {"type": "Point", "coordinates": [22.879189, 37.906033]}, "properties": {"id": "570182", "uid": "166", "title": "Korinthos", "province": "Hellas", "diocese": "Illyrikon", "honigmann_page": "18", "hierokles_section_line": "646,7", "external_references": "BA 58 D2"}}, {"type": "Feature", "geometry": {"type": "Point", "coordinates": [24.083333, 34.833333]}, "properties": {"id": "589858", "uid": "226", "title": "Kaudos Nesos", "province": "Krete", "diocese": "Illyrikon", "honigmann_page": "19", "hierokles_section_line": "651,2", "external_references": "BA 60 B3"}}, {"type": "Feature", "geometry": {"type": "Point", "coordinates": [28.9784543333, 39.0922016667]}, "properties": {"id": "609537", "uid": "392", "title": "Synaos", "province": "Phrygia Pakatiane", "diocese": "Asiane", "honigmann_page": "25", "hierokles_section_line": "668,13", "external_references": "BA 62 A3"}}, {"type": "Feature", "geometry": {"type": "Point", "coordinates": [30.97830025, 37.8168815]}, "properties": {"id": "638983", "uid": "441", "title": "Malos", "province": "Pisidia", "diocese": "Asiane", "honigmann_page": "27", "hierokles_section_line": "674,3", "external_references": "BA 65 F2"}}, {"type": "Feature", "geometry": {"type": "Point", "coordinates": [30.1079973667, 38.4837538667]}, "properties": {"id": "609378", "uid": "465", "title": "Eukarpia", "province": "Phrygia Saloutaria", "diocese": "Asiane", "honigmann_page": "28", "hierokles_section_line": "676,8", "external_references": "BA 62 D5"}}, {"type": "Feature", "geometry": {"type": "Point", "coordinates": [36.10799, 32.618791]}, "properties": {"id": "678002", "uid": "880", "title": "Adraa", "province": "Arabia", "diocese": "Anatolike", "honigmann_page": "44", "hierokles_section_line": "722,3", "external_references": "BA 69 D4"}}, {"type": "Feature", "geometry": {"type": "Point", "coordinates": [31.0636836667, 37.8035083333]}, "properties": {"id": "639144", "uid": "439", "title": "Timbriada", "province": "Pisidia", "diocese": "Asiane", "honigmann_page": "27", "hierokles_section_line": "673,9", "external_references": "BA 65 F2      The next line 674, 1 is blank"}}, {"type": "Feature", "geometry": {"type": "Point", "coordinates": [36.402509, 35.422241]}, "properties": {"id": "668335", "uid": "777", "title": "Apameia", "province": "Syria II", "diocese": "Anatolike", "honigmann_page": "39", "hierokles_section_line": "712,2", "external_references": "BA 68 B3"}}, {"type": "Feature", "geometry": {"type": "Point", "coordinates": [20.056564, 39.913912]}, "properties": {"id": "531061", "uid": "233", "title": "Phoinike", "province": "Palaia Epeiros", "diocese": "Illyrikon", "honigmann_page": "19", "hierokles_section_line": "652,2", "external_references": "BA 54 B2 Phoinike 1"}}, {"type": "Feature", "geometry": {"type": "Point", "coordinates": [24.01869, 35.515775]}, "properties": {"id": "589886", "uid": "219", "title": "Kydonia", "province": "Krete", "diocese": "Illyrikon", "honigmann_page": "19", "hierokles_section_line": "650,12", "external_references": "BA 60 B1"}}, {"type": "Feature", "geometry": {"type": "Point", "coordinates": [27.1839985, 39.1317455]}, "properties": {"id": "550812", "uid": "315", "title": "Pergamon", "province": "Asia", "diocese": "Asiane", "honigmann_page": "22", "hierokles_section_line": "661,5", "external_references": "BA 56 E3"}}, {"type": "Feature", "geometry": {"type": "Point", "coordinates": [22.6765305667, 38.810499]}, "properties": {"id": "541103", "uid": "124", "title": "Skarpheia", "province": "Hellas", "diocese": "Illyrikon", "honigmann_page": "16", "hierokles_section_line": "643,7", "external_references": "BA 55 D3"}}, {"type": "Feature", "geometry": {"type": "Point", "coordinates": [23.847445, 40.820354]}, "properties": {"id": "501347", "uid": "86", "title": "Amphipolis", "province": "Makedonia I", "diocese": "Illyrikon", "honigmann_page": "15", "hierokles_section_line": "640,2", "external_references": "BA 51 B3"}}, {"type": "Feature", "geometry": {"type": "Point", "coordinates": [35.0741868, 32.924716]}, "properties": {"id": "678010", "uid": "811", "title": "Ptolemais", "province": "Phoinike", "diocese": "Anatolike", "honigmann_page": "41", "hierokles_section_line": "715,7", "external_references": "BA 69 B4 Ake"}}, {"type": "Feature", "geometry": {"type": "Point", "coordinates": [27.91835, 43.200247]}, "properties": {"id": "216904", "uid": "40", "title": "Odessos", "province": "Mysia II", "diocese": "Thrakike", "honigmann_page": "13", "hierokles_section_line": "636,3", "external_references": "BA 22 E5"}}, {"type": "Feature", "geometry": {"type": "Point", "coordinates": [35.7834697636, 35.563788]}, "properties": {"id": "668290", "uid": "771", "title": "Laodikeia", "province": "Syria I", "diocese": "Anatolike", "honigmann_page": "39", "hierokles_section_line": "711,4", "external_references": "BA 68 A2"}}, {"type": "Feature", "geometry": {"type": "Point", "coordinates": [36.3949703333, 38.728706]}, "properties": {"id": "628934", "uid": "707", "title": "Ariaratheia", "province": "Armenia II", "diocese": "Pontike", "honigmann_page": "37", "hierokles_section_line": "703,12", "external_references": "BA 64 C3"}}, {"type": "Feature", "geometry": {"type": "Point", "coordinates": [29.298552, 38.095586]}, "properties": {"id": "609476", "uid": "360", "title": "Mossyna", "province": "Phrygia Pakatiane", "diocese": "Asiane", "honigmann_page": "24", "hierokles_section_line": "665,3", "external_references": "BA 62 B5"}}, {"type": "Feature", "geometry": {"type": "Point", "coordinates": [20.649959, 44.733229]}, "properties": {"id": "207515", "uid": "274", "title": "Trikornia", "province": "Mysia I", "diocese": "Illyrikon", "honigmann_page": "21", "hierokles_section_line": "657,5", "external_references": "BA 21 C5"}}, {"type": "Feature", "geometry": {"type": "Point", "coordinates": [33.3174116667, 36.1432726667]}, "properties": {"id": "648596", "uid": "746", "title": "Kelenderis", "province": "Isauria", "diocese": "Anatolike", "honigmann_page": "38", "hierokles_section_line": "708,3", "external_references": "BA 66 C4"}}, {"type": "Feature", "geometry": {"type": "Point", "coordinates": [34.47975, 31.536326]}, "properties": {"id": "687826", "uid": "843", "title": "Anthedon", "province": "Palaistine I", "diocese": "Anatolike", "honigmann_page": "42", "hierokles_section_line": "719,1", "external_references": "BA 70 E2"}}, {"type": "Feature", "geometry": {"type": "Point", "coordinates": [29.589384425, 38.689322375]}, "properties": {"id": "609559", "uid": "394", "title": "Traianoupolis", "province": "Phrygia Pakatiane", "diocese": "Asiane", "honigmann_page": "25", "hierokles_section_line": "668,15", "external_references": "BA 62 C4"}}, {"type": "Feature", "geometry": {"type": "Point", "coordinates": [27.833862, 37.859752]}, "properties": {"id": "599987", "uid": "285", "title": "Tralleis", "province": "Asia", "diocese": "Asiane", "honigmann_page": "21", "hierokles_section_line": "659,5", "external_references": "BA 61 F2"}}, {"type": "Feature", "geometry": {"type": "Point", "coordinates": [26.367552, 40.207121]}, "properties": {"id": "501471", "uid": "17", "title": "Koila", "province": "Europe", "diocese": "Thrakike", "honigmann_page": "12", "hierokles_section_line": "634,3", "external_references": "BA 51 G4"}}, {"type": "Feature", "geometry": {"type": "Point", "coordinates": [30.927702, 30.877265]}, "properties": {"id": "727180", "uid": "912", "title": "Onouphis", "province": "Aigyptos", "diocese": "Aigyptiake", "honigmann_page": "45", "hierokles_section_line": "725,3", "external_references": "BA 74 D4 Onouphis Ano"}}, {"type": "Feature", "geometry": {"type": "Point", "coordinates": [31.9610966667, 36.8472943333]}, "properties": {"id": "638904", "uid": "527", "title": "Kasai", "province": "Pamphylia", "diocese": "Asiane", "honigmann_page": "30", "hierokles_section_line": "682,5", "external_references": "BA 65 G4"}}, {"type": "Feature", "geometry": {"type": "Point", "coordinates": [31.429822, 38.356716]}, "properties": {"id": "609501", "uid": "430", "title": "Philomelion", "province": "Pisidia", "diocese": "Asiane", "honigmann_page": "27", "hierokles_section_line": "672,12", "external_references": "BA 62 F5"}}, {"type": "Feature", "geometry": {"type": "Point", "coordinates": [27.641374, 42.555937]}, "properties": {"id": "216702", "uid": "34", "title": "Anchialos", "province": "Haimimontos", "diocese": "Thrakike", "honigmann_page": "13", "hierokles_section_line": "635,11", "external_references": "BA 22 E6"}}, {"type": "Feature", "geometry": {"type": "Point", "coordinates": [38.013529, 36.829505]}, "properties": {"id": "658465", "uid": "797", "title": "Europos", "province": "Euphratesia", "diocese": "Anatolike", "honigmann_page": "40", "hierokles_section_line": "713,11", "external_references": "BA 67 G3"}}, {"type": "Feature", "geometry": {"type": "Point", "coordinates": [31.255061, 29.849491]}, "properties": {"id": "736963", "uid": "950", "title": "Memphis", "province": "Arkadia", "diocese": "Aigyptiake", "honigmann_page": "47", "hierokles_section_line": "730,3", "external_references": "BA 75 E1"}}, {"type": "Feature", "geometry": {"type": "Point", "coordinates": [19.61777, 40.467944]}, "properties": {"id": "481715", "uid": "244", "title": "Amantia", "province": "Nea Epeiros", "diocese": "Illyrikon", "honigmann_page": "20", "hierokles_section_line": "653,5", "external_references": "BA 49 B3"}}, {"type": "Feature", "geometry": {"type": "Point", "coordinates": [31.584396, 37.074431]}, "properties": {"id": "638831", "uid": "529", "title": "Orymna", "province": "Pamphylia", "diocese": "Asiane", "honigmann_page": "30", "hierokles_section_line": "682,7", "external_references": "BA 65 G3 Erymna"}}, {"type": "Feature", "geometry": {"type": "Point", "coordinates": [34.4563743333, 39.8789913333]}, "properties": {"id": "619267", "uid": "651", "title": "Tabia", "province": "Galatia I", "diocese": "Pontike", "honigmann_page": "34", "hierokles_section_line": "696,6", "external_references": "BA 63 F1"}}, {"type": "Feature", "geometry": {"type": "Point", "coordinates": [31.12046, 29.184652]}, "properties": {"id": "737089", "uid": "948", "title": "Neiloupolis", "province": "Arkadia", "diocese": "Aigyptiake", "honigmann_page": "46", "hierokles_section_line": "730,1", "external_references": "BA 75 E2 Tilothis"}}, {"type": "Feature", "geometry": {"type": "Point", "coordinates": [35.440404, 32.718751]}, "properties": {"id": "678178", "uid": "862", "title": "Helenopolis", "province": "Palaistine II", "diocese": "Anatolike", "honigmann_page": "42", "hierokles_section_line": "720,8", "external_references": "BA 69 B4"}}, {"type": "Feature", "geometry": {"type": "Point", "coordinates": [28.7748, 44.5476]}, "properties": {"id": "216839", "uid": "51", "title": "Istros", "province": "Skythia", "diocese": "Thrakike", "honigmann_page": "13", "hierokles_section_line": "637,5", "external_references": "BA 22 F4"}}, {"type": "Feature", "geometry": {"type": "Point", "coordinates": [23.1528615, 38.295831]}, "properties": {"id": "541141", "uid": "145", "title": "Thespiai", "province": "Hellas", "diocese": "Illyrikon", "honigmann_page": "17", "hierokles_section_line": "645,2", "external_references": "BA 55 E4"}}, {"type": "Feature", "geometry": {"type": "Point", "coordinates": [27.055256, 38.941644]}, "properties": {"id": "550523", "uid": "316", "title": "Elaia", "province": "Asia", "diocese": "Asiane", "honigmann_page": "22", "hierokles_section_line": "661,6", "external_references": "BA 56 E4"}}, {"type": "Feature", "geometry": {"type": "Point", "coordinates": [32.815787, 25.996402]}, "properties": {"id": "786010", "uid": "968", "title": "Koptos", "province": "Thebais Ano", "diocese": "Aigyptiake", "honigmann_page": "47", "hierokles_section_line": "732,1", "external_references": "BA 80 B1"}}, {"type": "Feature", "geometry": {"type": "Point", "coordinates": [34.542284, 36.744896]}, "properties": {"id": "648781", "uid": "711", "title": "Pompeioupolis", "province": "Kilikia I", "diocese": "Anatolike", "honigmann_page": "37", "hierokles_section_line": "704,3", "external_references": "BA 66 F3"}}, {"type": "Feature", "geometry": {"type": "Point", "coordinates": [20.950756, 32.70947]}, "properties": {"id": "373879", "uid": "978", "title": "Ptolemais", "province": "Libye He Ano", "diocese": "Aigyptiake", "honigmann_page": "48", "hierokles_section_line": "732,11", "external_references": "BA 38 B1"}}, {"type": "Feature", "geometry": {"type": "Point", "coordinates": [22.442593, 38.902996]}, "properties": {"id": "540902", "uid": "110", "title": "Lamia", "province": "Thessalia", "diocese": "Illyrikon", "honigmann_page": "16", "hierokles_section_line": "642,6", "external_references": "BA  55 C3"}}, {"type": "Feature", "geometry": {"type": "Point", "coordinates": [22.3513893333, 39.3138696667]}, "properties": {"id": "541042", "uid": "117", "title": "Pharsalos", "province": "Thessalia", "diocese": "Illyrikon", "honigmann_page": "16", "hierokles_section_line": "642,13", "external_references": "BA 55 C2"}}, {"type": "Feature", "geometry": {"type": "Point", "coordinates": [21.167965, 42.6234405]}, "properties": {"id": "482027", "uid": "265", "title": "Oulpiana", "province": "Dardania", "diocese": "Illyrikon", "honigmann_page": "20", "hierokles_section_line": "656,2", "external_references": "BA 49 D1"}}, {"type": "Feature", "geometry": {"type": "Point", "coordinates": [30.1619, 37.0675]}, "properties": {"id": "638872", "uid": "501", "title": "Isinda", "province": "Pamphylia", "diocese": "Asiane", "honigmann_page": "29", "hierokles_section_line": "680,5", "external_references": "BA 65 D3"}}, {"type": "Feature", "geometry": {"type": "Point", "coordinates": [36.6325185, 37.0262595]}, "properties": {"id": "658547", "uid": "793", "title": "Nikopolis", "province": "Euphratesia", "diocese": "Anatolike", "honigmann_page": "40", "hierokles_section_line": "713,7", "external_references": "BA 67 D2"}}, {"type": "Feature", "geometry": {"type": "Point", "coordinates": [29.0638185, 40.1828985]}, "properties": {"id": "511384", "uid": "627", "title": "Prousa", "province": "Bithynia", "diocese": "Pontike", "honigmann_page": "34", "hierokles_section_line": "692,5", "external_references": "BA 52 E4"}}, {"type": "Feature", "geometry": {"type": "Point", "coordinates": [37.017879, 39.747662]}, "properties": {"id": "629075", "uid": "696", "title": "Sebasteia", "province": "Armenia I", "diocese": "Pontike", "honigmann_page": "37", "hierokles_section_line": "703,1", "external_references": "BA 64 E1"}}, {"type": "Feature", "geometry": {"type": "Point", "coordinates": [23.317799, 38.319076]}, "properties": {"id": "541138", "uid": "148", "title": "Thebai", "province": "Hellas", "diocese": "Illyrikon", "honigmann_page": "17", "hierokles_section_line": "645,4", "external_references": "BA 55 E4"}}, {"type": "Feature", "geometry": {"type": "Point", "coordinates": [35.106902, 32.730365]}, "properties": {"id": "678137", "uid": "865", "title": "Gabai", "province": "Palaistine II", "diocese": "Anatolike", "honigmann_page": "43", "hierokles_section_line": "720,11", "external_references": "BA 69 B4 Gaba Philippi"}}, {"type": "Feature", "geometry": {"type": "Point", "coordinates": [25.163106, 35.297847]}, "properties": {"id": "589872", "uid": "213", "title": "Knosos", "province": "Krete", "diocese": "Illyrikon", "honigmann_page": "19", "hierokles_section_line": "650,6", "external_references": "BA 60 D2"}}, {"type": "Feature", "geometry": {"type": "Point", "coordinates": [27.892299, 40.07897]}, "properties": {"id": "511368", "uid": "336", "title": "Poimanenos", "province": "Hellespontos", "diocese": "Asiane", "honigmann_page": "23", "hierokles_section_line": "662,12", "external_references": "BA 52 B4"}}, {"type": "Feature", "geometry": {"type": "Point", "coordinates": [28.9568291353, 41.0246503162]}, "properties": {"id": "520998", "uid": "1", "title": "Konstantinoupolis", "province": "None", "diocese": "None", "honigmann_page": "12", "hierokles_section_line": "631,3", "external_references": "BA 52 D2"}}, {"type": "Feature", "geometry": {"type": "Point", "coordinates": [28.316486, 40.083458]}, "properties": {"id": "511318", "uid": "341", "title": "Miletoupolis", "province": "Hellespontos", "diocese": "Asiane", "honigmann_page": "23", "hierokles_section_line": "663,1", "external_references": "BA 52 C4"}}, {"type": "Feature", "geometry": {"type": "Point", "coordinates": [27.276396, 37.801915]}, "properties": {"id": "599490", "uid": "282", "title": "Anaia", "province": "Asia", "diocese": "Asiane", "honigmann_page": "21", "hierokles_section_line": "659,2", "external_references": "BA 61 E2"}}, {"type": "Feature", "geometry": {"type": "Point", "coordinates": [27.525011, 37.501842]}, "properties": {"id": "599640", "uid": "590", "title": "Herakleia Latmou", "province": "Karia", "diocese": "Asiane", "honigmann_page": "32", "hierokles_section_line": "687,9", "external_references": "BA 61 F2"}}, {"type": "Feature", "geometry": {"type": "Point", "coordinates": [35.262911, 32.218685]}, "properties": {"id": "678301", "uid": "841", "title": "Neapolis", "province": "Palaistine I", "diocese": "Anatolike", "honigmann_page": "42", "hierokles_section_line": "718,9", "external_references": "BA 69 B5    The next line 718,10 is blank"}}, {"type": "Feature", "geometry": {"type": "Point", "coordinates": [22.673318, 38.5817245]}, "properties": {"id": "541152", "uid": "133", "title": "Tithora", "province": "Hellas", "diocese": "Illyrikon", "honigmann_page": "17", "hierokles_section_line": "644,2", "external_references": "BA 55 D3"}}, {"type": "Feature", "geometry": {"type": "Point", "coordinates": [28.92988325, 37.855957]}, "properties": {"id": "639149", "uid": "362", "title": "Trapezoupolis", "province": "Phrygia Pakatiane", "diocese": "Asiane", "honigmann_page": "24", "hierokles_section_line": "665,5", "external_references": "BA 65 A2"}}, {"type": "Feature", "geometry": {"type": "Point", "coordinates": [33.321417, 35.337334]}, "properties": {"id": "707531", "uid": "738", "title": "Keramaia?", "province": "Kypros", "diocese": "Anatolike", "honigmann_page": "38", "hierokles_section_line": "707,3", "external_references": "BA 72 C2 Keryn(e)ia.  Note also Keryneia at 707,6"}}, {"type": "Feature", "geometry": {"type": "Point", "coordinates": [22.764982, 38.626349]}, "properties": {"id": "540755", "uid": "125", "title": "Elateia", "province": "Hellas", "diocese": "Illyrikon", "honigmann_page": "16", "hierokles_section_line": "643,8", "external_references": "BA 55 D3"}}, {"type": "Feature", "geometry": {"type": "Point", "coordinates": [33.129851, 36.655564]}, "properties": {"id": "648549", "uid": "764", "title": "Adrasos", "province": "Isauria", "diocese": "Anatolike", "honigmann_page": "39", "hierokles_section_line": "710,6", "external_references": "BA 66 C3"}}, {"type": "Feature", "geometry": {"type": "Point", "coordinates": [30.148649, 38.3323615]}, "properties": {"id": "609535", "uid": "468", "title": "Stektorion", "province": "Phrygia Saloutaria", "diocese": "Asiane", "honigmann_page": "28", "hierokles_section_line": "677,1", "external_references": "BA 62 D5"}}, {"type": "Feature", "geometry": {"type": "Point", "coordinates": [27.526039, 37.8505485]}, "properties": {"id": "599778", "uid": "284", "title": "Magnesia Maiandrou", "province": "Asia", "diocese": "Asiane", "honigmann_page": "21", "hierokles_section_line": "659,4", "external_references": "BA 61 F2"}}, {"type": "Feature", "geometry": {"type": "Point", "coordinates": [23.362444, 37.496395]}, "properties": {"id": "570756", "uid": "172", "title": "Troizen", "province": "Hellas", "diocese": "Illyrikon", "honigmann_page": "18", "hierokles_section_line": "647,1", "external_references": "BA 58 E3"}}, {"type": "Feature", "geometry": {"type": "Point", "coordinates": [29.15639, 40.432469]}, "properties": {"id": "511385", "uid": "625", "title": "Kios", "province": "Bithynia", "diocese": "Pontike", "honigmann_page": "33", "hierokles_section_line": "692,3", "external_references": "BA 52 E4"}}, {"type": "Feature", "geometry": {"type": "Point", "coordinates": [21.782998, 39.568904]}, "properties": {"id": "541163", "uid": "113", "title": "Trikke", "province": "Thessalia", "diocese": "Illyrikon", "honigmann_page": "16", "hierokles_section_line": "642,9", "external_references": "BA 55 B1"}}, {"type": "Feature", "geometry": {"type": "Point", "coordinates": [30.471532, 36.38790154]}, "properties": {"id": "639017", "uid": "536", "title": "Olympos", "province": "Lykia", "diocese": "Asiane", "honigmann_page": "31", "hierokles_section_line": "683,2", "external_references": "BA 65 D5"}}, {"type": "Feature", "geometry": {"type": "Point", "coordinates": [27.280325, 40.914314]}, "properties": {"id": "511347", "uid": "9", "title": "Ornoi", "province": "Europe", "diocese": "Thrakike", "honigmann_page": "12", "hierokles_section_line": "632,6", "external_references": "BA 52 A3"}}, {"type": "Feature", "geometry": {"type": "Point", "coordinates": [33.430636, 31.11593]}, "properties": {"id": "687993", "uid": "922", "title": "Ostrakine", "province": "Augoustamnike I", "diocese": "Aigyptiake", "honigmann_page": "46", "hierokles_section_line": "727,1", "external_references": "BA 70 C3"}}, {"type": "Feature", "geometry": {"type": "Point", "coordinates": [27.962914, 38.248459]}, "properties": {"id": "550585", "uid": "290", "title": "Hypaipa", "province": "Asia", "diocese": "Asiane", "honigmann_page": "21", "hierokles_section_line": "659,10", "external_references": "BA 56  F5"}}, {"type": "Feature", "geometry": {"type": "Point", "coordinates": [24.429784, 37.412293]}, "properties": {"id": "570402", "uid": "162", "title": "Kythnos", "province": "Hellas", "diocese": "Illyrikon", "honigmann_page": "17", "hierokles_section_line": "646,3", "external_references": "BA 58 G3"}}, {"type": "Feature", "geometry": {"type": "Point", "coordinates": [22.9223395, 39.343875]}, "properties": {"id": "540730", "uid": "107", "title": "Demetrias", "province": "Thessalia", "diocese": "Illyrikon", "honigmann_page": "16", "hierokles_section_line": "642,3", "external_references": "BA 55 D2"}}, {"type": "Feature", "geometry": {"type": "Point", "coordinates": [28.021785, 44.331852]}, "properties": {"id": "216722", "uid": "55", "title": "Axioupolis", "province": "Skythia", "diocese": "Thrakike", "honigmann_page": "14", "hierokles_section_line": "637,9", "external_references": "BA 22 F4"}}, {"type": "Feature", "geometry": {"type": "Point", "coordinates": [28.443642, 37.933423]}, "properties": {"id": "599493", "uid": "289", "title": "Anineta", "province": "Asia", "diocese": "Asiane", "honigmann_page": "21", "hierokles_section_line": "659,9", "external_references": "BA 61 G2"}}, {"type": "Feature", "geometry": {"type": "Point", "coordinates": [30.5149343333, 37.9557366667]}, "properties": {"id": "638813", "uid": "440", "title": "Ioustinianoupolis", "province": "Pisidia", "diocese": "Asiane", "honigmann_page": "27", "hierokles_section_line": "674,2", "external_references": "BA 65 E2"}}, {"type": "Feature", "geometry": {"type": "Point", "coordinates": [33.033014, 39.226876]}, "properties": {"id": "619188", "uid": "653", "title": "Kinna", "province": "Galatia I", "diocese": "Pontike", "honigmann_page": "35", "hierokles_section_line": "696,8", "external_references": "BA 63 C2"}}, {"type": "Feature", "geometry": {"type": "Point", "coordinates": [29.7739539667, 38.6596983333]}, "properties": {"id": "609293", "uid": "379", "title": "Akmonia", "province": "Phrygia Pakatiane", "diocese": "Asiane", "honigmann_page": "25", "hierokles_section_line": "667,10", "external_references": "BA 62 C4"}}, {"type": "Feature", "geometry": {"type": "Point", "coordinates": [39.031492, 36.864692]}, "properties": {"id": "658427", "uid": "802", "title": "Karrai", "province": "Osroene", "diocese": "Anatolike", "honigmann_page": "40", "hierokles_section_line": "714,4", "external_references": "BA 67 H3"}}, {"type": "Feature", "geometry": {"type": "Point", "coordinates": [32.1649185, 40.812102]}, "properties": {"id": "844991", "uid": "640", "title": "Krateia", "province": "Honorias", "diocese": "Pontike", "honigmann_page": "34", "hierokles_section_line": "695,2", "external_references": "BA 86 C3"}}, {"type": "Feature", "geometry": {"type": "Point", "coordinates": [33.490691, 35.245772]}, "properties": {"id": "707496", "uid": "739", "title": "Chythroi", "province": "Kypros", "diocese": "Anatolike", "honigmann_page": "38", "hierokles_section_line": "707,4", "external_references": "BA 72 C2"}}, {"type": "Feature", "geometry": {"type": "Point", "coordinates": [26.937453, 38.928297]}, "properties": {"id": "550833", "uid": "317", "title": "Pitane", "province": "Asia", "diocese": "Asiane", "honigmann_page": "22", "hierokles_section_line": "661,7", "external_references": "BA 56 D4"}}, {"type": "Feature", "geometry": {"type": "Point", "coordinates": [31.7388563333, 37.520852]}, "properties": {"id": "638741", "uid": "449", "title": "Amblada", "province": "Lykaonia", "diocese": "Asiane", "honigmann_page": "27", "hierokles_section_line": "675,4", "external_references": "BA 65 G2"}}, {"type": "Feature", "geometry": {"type": "Point", "coordinates": [30.2559683333, 37.2980846667]}, "properties": {"id": "639066", "uid": "500", "title": "Demos Pogla", "province": "Pamphylia", "diocese": "Asiane", "honigmann_page": "29", "hierokles_section_line": "680,4", "external_references": "BA 65 D3 Pogla"}}, {"type": "Feature", "geometry": {"type": "Point", "coordinates": [31.234697, 27.146592]}, "properties": {"id": "756578", "uid": "958", "title": "Hypsele", "province": "Thebais Engista", "diocese": "Aigyptiake", "honigmann_page": "47", "hierokles_section_line": "731,2", "external_references": "BA 77 E2", "hollow": false}}, {"type": "Feature", "geometry": {"type": "Point", "coordinates": [28.58275, 43.817152]}, "properties": {"id": "216744", "uid": "50", "title": "Kallatis", "province": "Skythia", "diocese": "Thrakike", "honigmann_page": "13", "hierokles_section_line": "637,4", "external_references": "BA 22 F5"}}, {"type": "Feature", "geometry": {"type": "Point", "coordinates": [32.6224, 41.139609]}, "properties": {"id": "845067", "uid": "645", "title": "Sora", "province": "Paphlagonia", "diocese": "Pontike", "honigmann_page": "34", "hierokles_section_line": "695,7", "external_references": "BA 86 C2"}}, {"type": "Feature", "geometry": {"type": "Point", "coordinates": [32.385648, 41.746969]}, "properties": {"id": "844856", "uid": "646", "title": "Amastris", "province": "Paphlagonia", "diocese": "Pontike", "honigmann_page": "34", "hierokles_section_line": "696,1", "external_references": "BA 86 C2"}}, {"type": "Feature", "geometry": {"type": "Point", "coordinates": [29.783611, 36.158611]}, "properties": {"id": "638752", "uid": "549", "title": "Aperlai", "province": "Lykia", "diocese": "Asiane", "honigmann_page": "31", "hierokles_section_line": "684,5", "external_references": "BA 65 C5"}}, {"type": "Feature", "geometry": {"type": "Point", "coordinates": [33.307757, 39.302241]}, "properties": {"id": "619118", "uid": "652", "title": "Aspona", "province": "Galatia I", "diocese": "Pontike", "honigmann_page": "34", "hierokles_section_line": "696,7", "external_references": "BA 63 C2"}}, {"type": "Feature", "geometry": {"type": "Point", "coordinates": [25.283734, 34.987826]}, "properties": {"id": "589819", "uid": "205", "title": "Einatos", "province": "Krete", "diocese": "Illyrikon", "honigmann_page": "19", "hierokles_section_line": "649,5", "external_references": "BA 60 D3"}}, {"type": "Feature", "geometry": {"type": "Point", "coordinates": [19.462878, 40.7339195]}, "properties": {"id": "481728", "uid": "242", "title": "Apollonia", "province": "Nea Epeiros", "diocese": "Illyrikon", "honigmann_page": "20", "hierokles_section_line": "653,3", "external_references": "BA 49 B3"}}, {"type": "Feature", "geometry": {"type": "Point", "coordinates": [34.810758, 32.196401]}, "properties": {"id": "678025", "uid": "847", "title": "Sozousa", "province": "Palaistine I", "diocese": "Anatolike", "honigmann_page": "42", "hierokles_section_line": "719,5", "external_references": "BA 69 A5 Apollonia"}}, {"type": "Feature", "geometry": {"type": "Point", "coordinates": [23.264178, 42.289175]}, "properties": {"id": "481844", "uid": "253", "title": "Germai", "province": "Dakia Mesogeios", "diocese": "Illyrikon", "honigmann_page": "20", "hierokles_section_line": "654,5", "external_references": "BA 49 F1 Germania"}}, {"type": "Feature", "geometry": {"type": "Point", "coordinates": [28.356151, 37.80069]}, "properties": {"id": "599637", "uid": "601", "title": "Harpasa", "province": "Karia", "diocese": "Asiane", "honigmann_page": "33", "hierokles_section_line": "688,6", "external_references": "BA 61 G2"}}, {"type": "Feature", "geometry": {"type": "Point", "coordinates": [30.1908445, 38.74297]}, "properties": {"id": "609433", "uid": "384", "title": "Kidyessos", "province": "Phrygia Pakatiane", "diocese": "Asiane", "honigmann_page": "25", "hierokles_section_line": "668,5", "external_references": "BA 62 D4"}}, {"type": "Feature", "geometry": {"type": "Point", "coordinates": [38.2668818, 34.5522366]}, "properties": {"id": "668331", "uid": "831", "title": "Palmyra", "province": "Phoinike Libanesia", "diocese": "Anatolike", "honigmann_page": "41", "hierokles_section_line": "717,7", "external_references": "BA 68 F4"}}, {"type": "Feature", "geometry": {"type": "Point", "coordinates": [26.562891, 41.676459]}, "properties": {"id": "501428", "uid": "33", "title": "Adrianoupolis", "province": "Haimimontos", "diocese": "Thrakike", "honigmann_page": "13", "hierokles_section_line": "635,10", "external_references": "BA 51 H1"}}, {"type": "Feature", "geometry": {"type": "Point", "coordinates": [27.236943, 31.350247]}, "properties": {"id": "716615", "uid": "983", "title": "Paraitonion", "province": "Libye He Kato", "diocese": "Aigyptiake", "honigmann_page": "48", "hierokles_section_line": "733,5", "external_references": "BA 73 E2"}}, {"type": "Feature", "geometry": {"type": "Point", "coordinates": [28.88274275, 40.37557275]}, "properties": {"id": "511194", "uid": "626", "title": "Apameia", "province": "Bithynia", "diocese": "Pontike", "honigmann_page": "33", "hierokles_section_line": "692,4", "external_references": "BA 52 D4"}}, {"type": "Feature", "geometry": {"type": "Point", "coordinates": [25.624862, 42.4254025]}, "properties": {"id": "216731", "uid": "28", "title": "Beroe", "province": "Thrake", "diocese": "Thrakike", "honigmann_page": "12", "hierokles_section_line": "635,5", "external_references": "BA 22 C6"}}, {"type": "Feature", "geometry": {"type": "Point", "coordinates": [35.484989, 38.728033]}, "properties": {"id": "629035", "uid": "668", "title": "Kaisareia", "province": "Kappadokia I", "diocese": "Pontike", "honigmann_page": "35", "hierokles_section_line": "698,6", "external_references": "BA 64 A3"}}, {"type": "Feature", "geometry": {"type": "Point", "coordinates": [20.092646, 41.116775]}, "properties": {"id": "481982", "uid": "241", "title": "Skampa", "province": "Nea Epeiros", "diocese": "Illyrikon", "honigmann_page": "20", "hierokles_section_line": "653,2", "external_references": "BA 49 C2"}}, {"type": "Feature", "geometry": {"type": "Point", "coordinates": [24.55, 36.8]}, "properties": {"id": "589868", "uid": "199", "title": "Nesos Kimolos", "province": "Hellas", "diocese": "Illyrikon", "honigmann_page": "18", "hierokles_section_line": "648,11", "external_references": "BA 58 H4"}}, {"type": "Feature", "geometry": {"type": "Point", "coordinates": [22.2805645, 37.029321]}, "properties": {"id": "570591", "uid": "181", "title": "Pharis", "province": "Hellas", "diocese": "Illyrikon", "honigmann_page": "18", "hierokles_section_line": "647,10", "external_references": "BA 58 C3"}}, {"type": "Feature", "geometry": {"type": "Point", "coordinates": [24.415015, 40.93504]}, "properties": {"id": "501523", "uid": "88", "title": "Neapolis", "province": "Makedonia I", "diocese": "Illyrikon", "honigmann_page": "15", "hierokles_section_line": "640,4", "external_references": "BA 51 C3"}}, {"type": "Feature", "geometry": {"type": "Point", "coordinates": [29.558621, 40.607148]}, "properties": {"id": "511180", "uid": "624", "title": "Basilinopolis", "province": "Bithynia", "diocese": "Pontike", "honigmann_page": "33", "hierokles_section_line": "692,2", "external_references": "BA 52 F3"}}, {"type": "Feature", "geometry": {"type": "Point", "coordinates": [28.144999, 37.903405]}, "properties": {"id": "599832", "uid": "286", "title": "Nysa", "province": "Asia", "diocese": "Asiane", "honigmann_page": "21", "hierokles_section_line": "659,6", "external_references": "BA 61 G2"}}, {"type": "Feature", "geometry": {"type": "Point", "coordinates": [22.4927425, 40.7702775]}, "properties": {"id": "491687", "uid": "65", "title": "Pelle", "province": "Makedonia I", "diocese": "Illyrikon", "honigmann_page": "14", "hierokles_section_line": "638,3", "external_references": "BA 50 C3"}}, {"type": "Feature", "geometry": {"type": "Point", "coordinates": [28.088427, 38.161899]}, "properties": {"id": "550775", "uid": "297", "title": "Nikaia", "province": "Asia", "diocese": "Asiane", "honigmann_page": "22", "hierokles_section_line": "660,3", "external_references": "BA 56 G5"}}, {"type": "Feature", "geometry": {"type": "Point", "coordinates": [33.902516, 35.1848]}, "properties": {"id": "707617", "uid": "729", "title": "Konstanteia", "province": "Kypros", "diocese": "Anatolike", "honigmann_page": "38", "hierokles_section_line": "706,4", "external_references": "BA 72 D2"}}, {"type": "Feature", "geometry": {"type": "Point", "coordinates": [35.6597945, 32.7786705]}, "properties": {"id": "678185", "uid": "860", "title": "Hippos", "province": "Palaistine II", "diocese": "Anatolike", "honigmann_page": "42", "hierokles_section_line": "720,6", "external_references": "BA 69 C4"}}, {"type": "Feature", "geometry": {"type": "Point", "coordinates": [25.325278, 41.128611]}, "properties": {"id": "501574", "uid": "20", "title": "Maximianoupolis", "province": "Rodope", "diocese": "Thrakike", "honigmann_page": "12", "hierokles_section_line": "634,6", "external_references": "BA 51 E2"}}, {"type": "Feature", "geometry": {"type": "Point", "coordinates": [34.7443235, 37.654291]}, "properties": {"id": "648608", "uid": "674", "title": "Phaustinopolis", "province": "Kappadokia II", "diocese": "Pontike", "honigmann_page": "36", "hierokles_section_line": "700,3", "external_references": "BA 66 F1"}}, {"type": "Feature", "geometry": {"type": "Point", "coordinates": [27.765289, 41.572702]}, "properties": {"id": "511190", "uid": "7", "title": "Bizye", "province": "Europe", "diocese": "Thrakike", "honigmann_page": "12", "hierokles_section_line": "632,4", "external_references": "BA 52 B1"}}, {"type": "Feature", "geometry": {"type": "Point", "coordinates": [34.922192, 32.6167855]}, "properties": {"id": "678121", "uid": "834", "title": "Dora", "province": "Palaistine I", "diocese": "Anatolike", "honigmann_page": "41", "hierokles_section_line": "718,2", "external_references": "BA 69 A4"}}, {"type": "Feature", "geometry": {"type": "Point", "coordinates": [26.523115, 43.524975]}, "properties": {"id": "216688", "uid": "45", "title": "Abrittos", "province": "Mysia II", "diocese": "Thrakike", "honigmann_page": "13", "hierokles_section_line": "636,8", "external_references": "BA 22 D5"}}, {"type": "Feature", "geometry": {"type": "Point", "coordinates": [36.4983445, 38.031581]}, "properties": {"id": "629013", "uid": "705", "title": "Koukousos", "province": "Armenia II", "diocese": "Pontike", "honigmann_page": "37", "hierokles_section_line": "703,10", "external_references": "BA 64 C4"}}, {"type": "Feature", "geometry": {"type": "Point", "coordinates": [23.243591, 37.385218]}, "properties": {"id": "570292", "uid": "174", "title": "Hermione", "province": "Hellas", "diocese": "Illyrikon", "honigmann_page": "18", "hierokles_section_line": "647,3", "external_references": "BA 58 E3"}}, {"type": "Feature", "geometry": {"type": "Point", "coordinates": [20.012311, 39.876177]}, "properties": {"id": "531019", "uid": "234", "title": "Anchiasmos", "province": "Palaia Epeiros", "diocese": "Illyrikon", "honigmann_page": "19", "hierokles_section_line": "652,3", "external_references": "BA 54 B2 Onchesmos"}}, {"type": "Feature", "geometry": {"type": "Point", "coordinates": [34.930717, 32.104811]}, "properties": {"id": "687996", "uid": "835", "title": "Antipatris", "province": "Palaistine I", "diocese": "Anatolike", "honigmann_page": "41", "hierokles_section_line": "718,3", "external_references": "BA 70 F1"}}, {"type": "Feature", "geometry": {"type": "Point", "coordinates": [23.738349, 35.330337]}, "properties": {"id": "589838", "uid": "221", "title": "Kantanos", "province": "Krete", "diocese": "Illyrikon", "honigmann_page": "19", "hierokles_section_line": "650,14", "external_references": "BA 60 A2"}}, {"type": "Feature", "geometry": {"type": "Point", "coordinates": [31.834923, 38.623418]}, "properties": {"id": "609435", "uid": "662", "title": "Klaneos", "province": "Galatia Saloutaria", "diocese": "Pontike", "honigmann_page": "35", "hierokles_section_line": "697,8", "external_references": "BA 62 G4"}}, {"type": "Feature", "geometry": {"type": "Point", "coordinates": [22.785366, 36.794176]}, "properties": {"id": "570058", "uid": "183", "title": "Akreai", "province": "Hellas", "diocese": "Illyrikon", "honigmann_page": "18", "hierokles_section_line": "647,12", "external_references": "BA 58 D4"}}, {"type": "Feature", "geometry": {"type": "Point", "coordinates": [22.393259, 37.618138]}, "properties": {"id": "570459", "uid": "178", "title": "Mantineia", "province": "Hellas", "diocese": "Illyrikon", "honigmann_page": "18", "hierokles_section_line": "647,7", "external_references": "BA 58 C2"}}, {"type": "Feature", "geometry": {"type": "Point", "coordinates": [32.406593, 34.757212]}, "properties": {"id": "707586", "uid": "734", "title": "Paphos", "province": "Kypros", "diocese": "Anatolike", "honigmann_page": "38", "hierokles_section_line": "706,9", "external_references": "BA 72 A3 (Nea) Paphos"}}, {"type": "Feature", "geometry": {"type": "Point", "coordinates": [25.1617, 37.538]}, "properties": {"id": "590073", "uid": "579", "title": "Tenos", "province": "Nesoi", "diocese": "Asiane", "honigmann_page": "32", "hierokles_section_line": "686,11", "external_references": "BA 60 B4"}}, {"type": "Feature", "geometry": {"type": "Point", "coordinates": [20.59, 38.2]}, "properties": {"id": "530826", "uid": "193", "title": "Nesos Kephallenia", "province": "Hellas", "diocese": "Illyrikon", "honigmann_page": "18", "hierokles_section_line": "648,5", "external_references": "BA 54 B5"}}, {"type": "Feature", "geometry": {"type": "Point", "coordinates": [26.1342335, 38.37641]}, "properties": {"id": "550496", "uid": "572", "title": "Chios", "province": "Nesoi", "diocese": "Asiane", "honigmann_page": "32", "hierokles_section_line": "686,4", "external_references": "BA 56 C5"}}, {"type": "Feature", "geometry": {"type": "Point", "coordinates": [24.334511, 41.02518]}, "properties": {"id": "501564", "uid": "85", "title": "Philippoi", "province": "Makedonia I", "diocese": "Illyrikon", "honigmann_page": "15", "hierokles_section_line": "640,1", "external_references": "BA 51 C2"}}, {"type": "Feature", "geometry": {"type": "Point", "coordinates": [32.811959, 35.139761]}, "properties": {"id": "707624", "uid": "736", "title": "Soloi", "province": "Kypros", "diocese": "Anatolike", "honigmann_page": "38", "hierokles_section_line": "707,1", "external_references": "BA 72 B2"}}, {"type": "Feature", "geometry": {"type": "Point", "coordinates": [23.716667, 39.116667]}, "properties": {"id": "541024", "uid": "122", "title": "Nesos Peparethos", "province": "Thessalia", "diocese": "Illyrikon", "honigmann_page": "16", "hierokles_section_line": "643,5", "external_references": "BA 55 F2"}}, {"type": "Feature", "geometry": {"type": "Point", "coordinates": [22.4474125, 38.658144]}, "properties": {"id": "540691", "uid": "126", "title": "Boion", "province": "Hellas", "diocese": "Illyrikon", "honigmann_page": "16", "hierokles_section_line": "643,9a", "external_references": "BA 55 C3"}}, {"type": "Feature", "geometry": {"type": "Point", "coordinates": [28.267024, 31.062803]}, "properties": {"id": "716617", "uid": "986", "title": "Pedonia", "province": "Libye He Kato", "diocese": "Aigyptiake", "honigmann_page": "48", "hierokles_section_line": "734,1", "external_references": "BA 73 F2"}}, {"type": "Feature", "geometry": {"type": "Point", "coordinates": [40.043231, 36.824461]}, "properties": {"id": "874662", "uid": "801", "title": "Theodosioupolis", "province": "Osroene", "diocese": "Anatolike", "honigmann_page": "40", "hierokles_section_line": "714,3", "external_references": "BA 89 C4 Resaina"}}, {"type": "Feature", "geometry": {"type": "Point", "coordinates": [29.4152166667, 36.9740033333]}, "properties": {"id": "638792", "uid": "564", "title": "Boubon", "province": "Lykia", "diocese": "Asiane", "honigmann_page": "31", "hierokles_section_line": "685,3", "external_references": "BA 65 B4"}}, {"type": "Feature", "geometry": {"type": "Point", "coordinates": [28.661176, 44.172489]}, "properties": {"id": "217016", "uid": "47", "title": "Tomis", "province": "Skythia", "diocese": "Thrakike", "honigmann_page": "13", "hierokles_section_line": "637,1", "external_references": "BA 22 F4"}}, {"type": "Feature", "geometry": {"type": "Point", "coordinates": [27.34551256, 37.94218342]}, "properties": {"id": "599612", "uid": "281", "title": "Ephesos", "province": "Asia", "diocese": "Asiane", "honigmann_page": "21", "hierokles_section_line": "659,1", "external_references": "BA 61 E2"}}, {"type": "Feature", "geometry": {"type": "Point", "coordinates": [35.8836795, 34.8974275]}, "properties": {"id": "668190", "uid": "820", "title": "Antarados/Konstantina", "province": "Phoinike", "diocese": "Anatolike", "honigmann_page": "41", "hierokles_section_line": "716,6", "external_references": "BA 68 A4"}}, {"type": "Feature", "geometry": {"type": "Point", "coordinates": [25.271111, 37.393333]}, "properties": {"id": "599588", "uid": "163", "title": "Delos", "province": "Hellas", "diocese": "Illyrikon", "honigmann_page": "17", "hierokles_section_line": "646,4", "external_references": "BA 61 A3"}}, {"type": "Feature", "geometry": {"type": "Point", "coordinates": [26.361243, 39.800254]}, "properties": {"id": "550889", "uid": "334", "title": "Skamandros", "province": "Hellespontos", "diocese": "Asiane", "honigmann_page": "23", "hierokles_section_line": "662,10", "external_references": "BA 56 C2"}}, {"type": "Feature", "geometry": {"type": "Point", "coordinates": [26.688003, 39.82554]}, "properties": {"id": "550890", "uid": "356", "title": "Skepsis", "province": "Hellespontos", "diocese": "Asiane", "honigmann_page": "24", "hierokles_section_line": "664,5", "external_references": "BA 56 D2"}}, {"type": "Feature", "geometry": {"type": "Point", "coordinates": [23.488506, 39.164021]}, "properties": {"id": "541104", "uid": "120", "title": "Nesos Skiathos", "province": "Thessalia", "diocese": "Illyrikon", "honigmann_page": "16", "hierokles_section_line": "643,3", "external_references": "BA 55 E2"}}, {"type": "Feature", "geometry": {"type": "Point", "coordinates": [30.98638, 36.990721]}, "properties": {"id": "639109", "uid": "490", "title": "Sillyon", "province": "Pamphylia", "diocese": "Asiane", "honigmann_page": "29", "hierokles_section_line": "679,3", "external_references": "BA 65 E4"}}, {"type": "Feature", "geometry": {"type": "Point", "coordinates": [33.1438299, 34.712174]}, "properties": {"id": "708196", "uid": "732", "title": "Amathous", "province": "Kypros", "diocese": "Anatolike", "honigmann_page": "38", "hierokles_section_line": "706,7", "external_references": "BA 72 C3"}}, {"type": "Feature", "geometry": {"type": "Point", "coordinates": [23.16015635, 37.6334625]}, "properties": {"id": "570228", "uid": "173", "title": "Epidauros", "province": "Hellas", "diocese": "Illyrikon", "honigmann_page": "18", "hierokles_section_line": "647,2", "external_references": "BA 58 E2"}}, {"type": "Feature", "geometry": {"type": "Point", "coordinates": [36.0422425, 32.889163]}, "properties": {"id": "678307", "uid": "885", "title": "Neue?", "province": "Arabia", "diocese": "Anatolike", "honigmann_page": "44", "hierokles_section_line": "722, 8", "external_references": "BA 69 D4", "hollow": false}}, {"type": "Feature", "geometry": {"type": "Point", "coordinates": [35.954768, 34.510876]}, "properties": {"id": "668325", "uid": "818", "title": "Orthosias", "province": "Phoinike", "diocese": "Anatolike", "honigmann_page": "41", "hierokles_section_line": "716,4", "external_references": "BA 68 A4"}}, {"type": "Feature", "geometry": {"type": "Point", "coordinates": [22.420672, 37.455301]}, "properties": {"id": "570707", "uid": "176", "title": "Tegea", "province": "Hellas", "diocese": "Illyrikon", "honigmann_page": "18", "hierokles_section_line": "647,5", "external_references": "BA 58 C3"}}, {"type": "Feature", "geometry": {"type": "Point", "coordinates": [20.306644, 32.35043]}, "properties": {"id": "373824", "uid": "980", "title": "Adriane", "province": "Libye He Ano", "diocese": "Aigyptiake", "honigmann_page": "48", "hierokles_section_line": "733,2", "external_references": "BA 38 B1 Hadrianopolis"}}, {"type": "Feature", "geometry": {"type": "Point", "coordinates": [20.565847, 32.537142]}, "properties": {"id": "373736", "uid": "979", "title": "Taucheira", "province": "Libye He Ano", "diocese": "Aigyptiake", "honigmann_page": "48", "hierokles_section_line": "733,1", "external_references": "BA 38 B1"}}, {"type": "Feature", "geometry": {"type": "Point", "coordinates": [32.665525, 31.047307]}, "properties": {"id": "687909", "uid": "926", "title": "Gerra", "province": "Augoustamnike I", "diocese": "Aigyptiake", "honigmann_page": "46", "hierokles_section_line": "727,5", "external_references": "BA 70 B3"}}, {"type": "Feature", "geometry": {"type": "Point", "coordinates": [30.548095, 38.5346177667]}, "properties": {"id": "609538", "uid": "474", "title": "Synnada", "province": "Phrygia Saloutaria", "diocese": "Asiane", "honigmann_page": "28", "hierokles_section_line": "677,7", "external_references": "BA 62 E4"}}, {"type": "Feature", "geometry": {"type": "Point", "coordinates": [24.465476, 43.710514]}, "properties": {"id": "216907", "uid": "261", "title": "Oiskos", "province": "Parapotamia Dakia", "diocese": "Illyrikon", "honigmann_page": "20", "hierokles_section_line": "655,6", "external_references": "BA 22 B5"}}, {"type": "Feature", "geometry": {"type": "Point", "coordinates": [36.627525, 32.853765]}, "properties": {"id": "678332", "uid": "889", "title": "Philippoupolis", "province": "Arabia", "diocese": "Anatolike", "honigmann_page": "44", "hierokles_section_line": "722,12", "external_references": "BA 69 E4"}}, {"type": "Feature", "geometry": {"type": "Point", "coordinates": [26.25, 39.75]}, "properties": {"id": "550930", "uid": "333", "title": "Troas", "province": "Hellespontos", "diocese": "Asiane", "honigmann_page": "23", "hierokles_section_line": "662,9", "external_references": "BA 56 C2"}}, {"type": "Feature", "geometry": {"type": "Point", "coordinates": [24.749474, 42.145589]}, "properties": {"id": "216927", "uid": "27", "title": "Philippoupolis", "province": "Thrake", "diocese": "Thrakike", "honigmann_page": "12", "hierokles_section_line": "635,4", "external_references": "BA 22 B6"}}, {"type": "Feature", "geometry": {"type": "Point", "coordinates": [25.844444, 40.160833]}, "properties": {"id": "501439", "uid": "202", "title": "Nesos Imbros", "province": "Hellas", "diocese": "Illyrikon", "honigmann_page": "19", "hierokles_section_line": "649,2", "external_references": "BA 51 F4"}}, {"type": "Feature", "geometry": {"type": "Point", "coordinates": [21.391437, 42.016885]}, "properties": {"id": "481987", "uid": "263", "title": "Skoupoi", "province": "Dardania", "diocese": "Illyrikon", "honigmann_page": "20", "hierokles_section_line": "655,8", "external_references": "BA 49 D1"}}, {"type": "Feature", "geometry": {"type": "Point", "coordinates": [21.676806, 39.436045]}, "properties": {"id": "540792", "uid": "114", "title": "Gomphoi", "province": "Thessalia", "diocese": "Illyrikon", "honigmann_page": "16", "hierokles_section_line": "642,10", "external_references": "BA 55 B2"}}, {"type": "Feature", "geometry": {"type": "Point", "coordinates": [22.957112, 38.391204]}, "properties": {"id": "540717", "uid": "137", "title": "Koroneia", "province": "Hellas", "diocese": "Illyrikon", "honigmann_page": "17", "hierokles_section_line": "644,6", "external_references": "BA 55 D4"}}, {"type": "Feature", "geometry": {"type": "Point", "coordinates": [29.88814, 38.6638015]}, "properties": {"id": "609362", "uid": "382", "title": "Diokleia", "province": "Phrygia Pakatiane", "diocese": "Asiane", "honigmann_page": "25", "hierokles_section_line": "668,3", "external_references": "BA 62 C4"}}, {"type": "Feature", "geometry": {"type": "Point", "coordinates": [31.5858565, 40.7561925]}, "properties": {"id": "844879", "uid": "636", "title": "Klaudioupolis", "province": "Honorias", "diocese": "Pontike", "honigmann_page": "34", "hierokles_section_line": "694,4", "external_references": "BA 86 B3"}}, {"type": "Feature", "geometry": {"type": "Point", "coordinates": [27.324524, 38.123992]}, "properties": {"id": "550741", "uid": "303", "title": "Metropolis", "province": "Asia", "diocese": "Asiane", "honigmann_page": "22", "hierokles_section_line": "660,9", "external_references": "BA 56 E5"}}, {"type": "Feature", "geometry": {"type": "Point", "coordinates": [27.579568, 39.626196]}, "properties": {"id": "550832", "uid": "347", "title": "Pionia", "province": "Hellespontos", "diocese": "Asiane", "honigmann_page": "24", "hierokles_section_line": "663,8", "external_references": "BA 56 F2"}}, {"type": "Feature", "geometry": {"type": "Point", "coordinates": [31.2986016667, 39.024854]}, "properties": {"id": "609302", "uid": "661", "title": "Amorion", "province": "Galatia Saloutaria", "diocese": "Pontike", "honigmann_page": "35", "hierokles_section_line": "697,7", "external_references": "BA 62 F3"}}, {"type": "Feature", "geometry": {"type": "Point", "coordinates": [35.736, 31.272021]}, "properties": {"id": "697632", "uid": "871", "title": "Areopolis", "province": "Palaistine III", "diocese": "Anatolike", "honigmann_page": "43", "hierokles_section_line": "721,6", "external_references": "BA 71 B3"}}, {"type": "Feature", "geometry": {"type": "Point", "coordinates": [28.9050992, 40.17725495]}, "properties": {"id": "511267", "uid": "628", "title": "Kaisareia", "province": "Bithynia", "diocese": "Pontike", "honigmann_page": "34", "hierokles_section_line": "693,1", "external_references": "BA 52 D4"}}]}