{"type":"FeatureCollection","crs":{"type":"name","properties":{"name":"urn:ogc:def:crs:OGC:1.3:CRS84"}},"features":[{"type":"Feature","properties":{"Id":3,"Name":"Europe","Diocese":"Thrakike"},"geometry":{"type":"MultiPolygon","coordinates":[[[[26.077549135294188,40.616670316181576],[26.143058,40.591003],[26.10285,40.60071100000017],[26.077549135294188,40.616670316181576]]],[[[29.107742843262788,41.22173275673741],[29.1079746432628,41.22160365673748],[29.10749394326259,41.22161005673745],[29.107742843262788,41.22173275673741]]],[[[29.10161223243427,41.24173236625118],[29.1021548155952,41.24143100853175],[29.101465743262658,41.241458856737424],[29.10161223243427,41.24173236625118]]],[[[29.097793543262767,41.243254756737606],[29.097662943262815,41.243415556737475],[29.097877443262767,41.24339535673742],[29.097793543262767,41.243254756737606]]],[[[26.077549135294188,40.616670316181576],[26.060625569191544,40.639302698849164],[26.05455913529456,40.69802031618188],[26.83909974959741,41.33752956346785],[27.7235454054644,41.879689753646396],[27.89867373549359,41.91966469854424],[28.03413569284138,41.989303616699644],[28.026639135294115,41.97487031618226],[28.049423,41.94501],[28.05706256052487,41.885131217811974],[27.999144806769888,41.88834856940561],[27.97939913529412,41.865960316181194],[27.97946913529442,41.833780316183116],[28.041902783996303,41.75116807327214],[28.044988472632532,41.72608012490914],[28.10509155690259,41.66964526392123],[28.08807505365478,41.65718800664411],[28.097016100000094,41.63114260000003],[28.220509843262743,41.52462075673754],[28.619503543262702,41.35689625673745],[28.84374447244845,41.28359342251392],[29.01417374326271,41.24559125673739],[29.07706954217202,41.253437118638686],[29.113423843262662,41.234804456737585],[29.106166243262717,41.220115256737515],[29.109128698017297,41.210137960952586],[29.036307744702576,41.156706433997165],[29.07189719706291,41.12340728970765],[29.054347636028584,41.11394085655131],[29.05683504326279,41.08313625673757],[29.032719135293455,41.049780316181376],[28.980529135294876,41.0250003161817],[28.94644913529358,41.04680031618212],[28.948279643262623,41.064345156737396],[28.943831743262674,41.0647499567375],[28.938912487545515,41.04364030974161],[28.985394243262757,41.00583595673743],[28.85041913529472,40.97430031618216],[28.831051690128323,40.95612369667217],[28.76733450874912,40.98338030305271],[28.60445659901878,40.966611719951096],[28.59947361705982,41.009427438097724],[28.580727351509612,41.025778229091706],[28.58588913529427,41.05718031618201],[28.542804504424566,41.0898723650156],[28.53352913529473,41.08470031618121],[28.563991225220494,41.05272421979257],[28.54205410787492,40.98464826784215],[28.411236743262787,41.04431025673738],[28.260569046895487,41.06271704018342],[28.231579135293526,41.07868031618251],[28.023244838290665,41.03872586248843],[27.99066820000005,41.018493],[27.959036045706288,40.96476459120897],[27.877602778936176,40.96608318157791],[27.84355160000006,40.99110770000007],[27.758078000000104,41.01391189999999],[27.512056900000054,40.9745196000001],[27.470259234946337,40.91391745582323],[27.455069135293947,40.84597031618228],[27.346409135294024,40.76880031618195],[27.309055246533315,40.7029567396981],[27.135294319770324,40.61365450649182],[27.042005900000174,40.597992800000085],[26.99547307570103,40.55590311151375],[26.90004460000003,40.53646630000006],[26.698718,40.45411400000012],[26.69941629141515,40.420032076228914],[26.6401219055876,40.40224336194949],[26.625761296445074,40.38388784694396],[26.632085085403933,40.36417131241745],[26.590045979050473,40.321487185604234],[26.512559195776145,40.29047973017202],[26.435779136567053,40.22999398676582],[26.358919,40.204312],[26.381068302327304,40.144042928635876],[26.215761082632806,40.05021304751143],[26.16838761960091,40.05018366530367],[26.266964,40.191698000000116],[26.281984,40.24365900000017],[26.238853757067876,40.29211855620176],[26.244039,40.311203],[26.22033753980518,40.31966190034281],[26.311732,40.366573],[26.331904,40.363481000000114],[26.451125,40.43869700000018],[26.636296270860598,40.50902993896707],[26.704522,40.510231],[26.741022218507307,40.55365395307087],[26.77168,40.545943],[26.83549554060051,40.58156978815332],[26.836498,40.604208],[26.820126079390906,40.64646581747885],[26.786392274876878,40.6575559591799],[26.610265,40.637686000000116],[26.533151585647094,40.59197896826287],[26.458467300000027,40.61646890000004],[26.303039,40.590796000000125],[26.153327566777513,40.58968963570067],[26.077549135294188,40.616670316181576]]]]}},{"type":"Feature","properties":{"Id":18,"Name":"Rodope","Diocese":"Thrakike"},"geometry":{"type":"Polygon","coordinates":[[[26.0849617056866,40.71579662660316],[26.047793753089586,40.81315046261338],[26.022229135294793,40.82896031618275],[26.004522603152708,40.815561527381874],[25.91725590978535,40.84746500020286],[25.54816160421576,40.86088746825676],[25.444937533171167,40.901389000422434],[25.379576,40.90989],[25.3322789,40.94334510000007],[25.2940877894109,40.942192853393905],[25.264804994324514,40.92233919059982],[25.250152691761084,40.93591775815088],[25.12728266145208,40.9534335487088],[25.139385200000035,40.99286380000004],[25.08273873612494,41.00609355434661],[24.999895081702757,40.961207791995335],[24.988690378194605,40.93240478135088],[24.800568655518298,40.89782725918176],[24.712875584600553,40.89482292997348],[24.58539913529395,40.9342703161819],[24.556322193086533,40.995922244165904],[24.17798789315954,41.31536488419858],[23.685855870628686,41.595100268696484],[23.03150409402532,41.690278708929775],[23.80901474419642,42.039017456083634],[24.397931343139447,42.00689473250488],[25.079646921309845,41.817727582541394],[25.41800627633871,41.667821539174156],[25.957950593455497,41.60141970548032],[26.174952479976856,41.098138916695106],[26.301819660136164,40.89007863722887],[26.136772090463904,40.77350807529837],[26.0849617056866,40.71579662660316]]]}},{"type":"Feature","properties":{"Id":32,"Name":"Haimimontos","Diocese":"Thrakike"},"geometry":{"type":"Polygon","coordinates":[[[26.301819660136175,40.890078637228896],[26.17495247997681,41.09813891669506],[25.957950593455507,41.60141970548034],[25.984660043245867,41.792059146941085],[26.10958174605196,41.87415055164223],[26.13099689510443,41.98658008416754],[26.022136554087695,42.08294825490367],[26.023921149842067,42.386329533147034],[26.21487289555995,42.66472647082918],[26.21496538428795,42.95135148374419],[27.196400560465122,42.91813906794994],[27.59436541369024,42.87352417409062],[27.893660658874243,42.76115393015],[27.90119748497846,42.709505750709816],[27.73168883716383,42.70916712466388],[27.712859,42.684504],[27.721816798156034,42.663481161476376],[27.67683913529396,42.636860316182606],[27.643742584351294,42.63703035390832],[27.62559913529327,42.61281031618279],[27.627259135293343,42.57558031618271],[27.64941837624672,42.55391704378619],[27.6168737,42.56526930000003],[27.519954499999983,42.5563477],[27.49285,42.53233660000005],[27.48240516581926,42.48995312015769],[27.397980137936656,42.51809839649593],[27.342779135294904,42.492140316182486],[27.355839522230394,42.48028200641284],[27.412972454380775,42.48450139627827],[27.464549135294874,42.44574031618117],[27.46715913529431,42.42587031618115],[27.474119324401713,42.45777317676164],[27.515009135293383,42.42874031618163],[27.540172108759258,42.45695203966068],[27.577413,42.445823099999984],[27.58659460000002,42.46305829999998],[27.610499,42.444473],[27.6276056088345,42.45863052424545],[27.651513009169935,42.45068359906425],[27.645457,42.423364],[27.661781,42.410821],[27.691999218874326,42.42186536942488],[27.727013054567333,42.41001492571892],[27.70672770000003,42.3952695],[27.723038166910655,42.378351746118334],[27.709282013694445,42.36924731663736],[27.717889135293888,42.3518803161823],[27.74003920000004,42.32794270000005],[27.78378148048423,42.3357369281756],[27.771409598957124,42.32042222137711],[27.7931891352942,42.3066503161827],[27.75265913529398,42.28625031618162],[27.765776949917672,42.26522709206462],[27.74978913529418,42.253310316182365],[27.84133374961999,42.19403277624014],[27.85209,42.165853],[27.89761520000002,42.14130830000017],[27.913237846020237,42.11117189840457],[27.946772000000138,42.1037957000001],[28.034135692841335,41.98930361669966],[27.89867373549356,41.91966469854424],[27.723545405464392,41.879689753646346],[27.074690500940335,41.49170693257355],[26.83909974959738,41.3375295634678],[26.301819660136175,40.890078637228896]]]}},{"type":"Feature","properties":{"Id":26,"Name":"Thrake","Diocese":"Thrakike"},"geometry":{"type":"Polygon","coordinates":[[[23.03150409402531,41.690278708929725],[23.1956869034276,41.9710551076177],[24.265946302259067,43.00407470290503],[24.60960918566002,42.95064647105829],[26.21496538428795,42.95135148374419],[26.21487289555995,42.66472647082918],[26.023921149842067,42.386329533147034],[26.022136554087695,42.08294825490367],[26.13099689510443,41.98658008416754],[26.10958174605196,41.87415055164223],[25.984660043245867,41.792059146941085],[25.957950593455507,41.60141970548034],[25.4180062763387,41.6678215391741],[25.079646921309802,41.81772758254141],[24.39793134313942,42.00689473250492],[23.809014744196418,42.03901745608363],[23.03150409402531,41.690278708929725]]]}},{"type":"Feature","properties":{"Id":38,"Name":"Mysia II","Diocese":"Thrakike"},"geometry":{"type":"MultiPolygon","coordinates":[[[[28.14640913529354,43.40405031618138],[28.0871958,43.370833],[28.02840030000004,43.24751449999996],[27.999219765779902,43.219360482547366],[27.919297959478797,43.19641318651733],[27.85776089999998,43.2102476],[27.8330536537611,43.19509865458871],[27.79285809186302,43.20507123167741],[27.76190580000002,43.19049560000005],[27.744723193426246,43.196820667709794],[27.6947248859249,43.1989102692505],[27.64534012617661,43.19103005835032],[27.655521991651906,43.18358486286895],[27.6609385,43.1825816],[27.704372800000016,43.195481100000045],[27.814367100000027,43.18089009999998],[27.872742600000038,43.19673320000005],[27.916122800000043,43.173367],[27.9461703,43.171636],[27.913074594690812,43.06261245598936],[27.88906410209744,43.039293780649125],[27.906318523651787,42.929705393807545],[27.901169135293458,42.85439031618239],[27.882111583177434,42.839889800237835],[27.893660658874243,42.76115393015],[27.59436541369024,42.87352417409062],[27.196400560465122,42.91813906794994],[26.45271882978244,42.95145589620739],[24.60960918566002,42.95064647105829],[24.265946302259067,43.00407470290503],[24.58291266982667,43.303553270882674],[24.611466201896633,43.74137409595545],[24.97314427478284,43.76278924500792],[25.487107852042186,43.66761080477471],[25.81950565446664,43.79078819204915],[26.23744906850476,44.021517954592696],[26.591527194181424,44.06076421754648],[26.93500987408993,44.172056538010736],[27.458015403171373,44.10543162984749],[27.557952765416246,44.20536899209236],[27.803037249016768,44.245819829191475],[27.911150988932945,44.07639723329487],[28.043211074756528,43.99073663708498],[28.24665499075502,43.78372352957774],[28.243085799246273,43.49461901736936],[28.18941148803428,43.397905668732854],[28.14640913529354,43.40405031618138]]],[[[27.907351979257218,43.18503082873217],[27.880894662972064,43.198667698945364],[27.91115116879092,43.188950020146166],[27.907351979257218,43.18503082873217]]],[[[27.743461114290447,43.19256457055182],[27.744521038123235,43.19301946703062],[27.745910766718627,43.192299083414355],[27.743461114290447,43.19256457055182]]],[[[27.66273760000001,43.186806100000034],[27.665348552086165,43.18512028958648],[27.6548374740364,43.18572690811167],[27.66273760000001,43.186806100000034]]]]}},{"type":"Feature","properties":{"Id":46,"Name":"Skythia","Diocese":"Thrakike"},"geometry":{"type":"MultiPolygon","coordinates":[[[[28.57787060000007,43.8010779],[28.579929100000054,43.799006400000025],[28.578899700000022,43.798426200000065],[28.57787060000007,43.8010779]]],[[[29.756742748491256,45.30389943725579],[29.756277859134112,45.30264152093955],[29.756238386828045,45.30330355768411],[29.756742748491256,45.30389943725579]]],[[[29.68695777664453,45.45729646437764],[29.68648717078377,45.458236747336855],[29.687057602130103,45.45763656853462],[29.68695777664453,45.45729646437764]]],[[[29.6097397,45.478943800000046],[29.613437534581802,45.48082881573647],[29.617305,45.4750263],[29.6097397,45.478943800000046]]],[[[28.66771698150647,43.9881810857205],[28.634035405710378,43.9464777360292],[28.608266169642228,43.851046067473064],[28.57598688583475,43.80041154888254],[28.567795600000046,43.601462],[28.604171133163064,43.54584915439878],[28.548804900000043,43.44017960000005],[28.49825810000003,43.4111461],[28.46565913529365,43.36063031618147],[28.450439,43.380652600000055],[28.35574380000001,43.41342120000006],[28.18941148803427,43.39790566873286],[28.24308579924628,43.49461901736936],[28.246654990755033,43.78372352957773],[28.043211074756545,43.99073663708495],[27.911150988932967,44.076397233294855],[27.803037249016757,44.24581982919152],[27.971978980430762,44.288650127296414],[28.074295803681427,44.46235078072208],[28.0647779596581,44.55752922095526],[27.907733533273337,44.69077903728178],[27.93390760433743,44.82402885360822],[27.912492455284998,45.216639919570284],[28.07905472569309,45.28564428873931],[28.067157420663985,45.4783806302116],[28.112367179774694,45.50931362328737],[28.183751009949603,45.44982709814167],[28.269411606159498,45.53310823334569],[28.447871181596827,45.40461733903086],[28.79408275794513,45.29040321075098],[28.879743354154986,45.406996800036715],[28.996336943440706,45.345130813885106],[29.060582390598135,45.4712422471941],[29.260457115087867,45.51169308429317],[29.3591791352935,45.46068031618218],[29.416369135294786,45.50938031618158],[29.48383913529471,45.53225031618222],[29.57146913529468,45.52178031618124],[29.607537,45.475827600000024],[29.657859135293464,45.44467031618277],[29.664749135293683,45.47567031618182],[29.68118940000004,45.453534],[29.722682241891754,45.4693456034127],[29.718349135293177,45.45114031618152],[29.730779135294025,45.48355031618296],[29.744499135294845,45.47792031618145],[29.763826241752326,45.42872547567673],[29.757499135293834,45.41492031618138],[29.736579135294892,45.42572031618145],[29.73435913529451,45.41294031618226],[29.755749135294586,45.404670316182084],[29.764696312282908,45.32542050998385],[29.735639135294736,45.270000316182454],[29.74198598057413,45.239888461401314],[29.70377913529386,45.22503031618184],[29.720139135293536,45.24211031618139],[29.707339135294763,45.25336031618284],[29.67877913529428,45.22206031618216],[29.63338913529497,45.227420316181394],[29.644256178765396,45.167418399345266],[29.61117913529404,45.16844031618151],[29.691059135293283,45.163360316182775],[29.65099771615213,45.084905905931016],[29.607308251616463,44.845929981169824],[29.552712500000084,44.8242522],[29.264411400000064,44.79945239999996],[29.11413913529376,44.76539031618269],[28.9850592,44.67173279999999],[28.834642920453895,44.48758072989216],[28.695109135294867,44.35937031618244],[28.625677200000055,44.32336220000002],[28.638275612051025,44.32429641611797],[28.624372500000074,44.2443309],[28.665557780816346,44.17214153804176],[28.639017172801168,44.163727237817845],[28.637474100000016,44.09900170000003],[28.66771698150647,43.9881810857205]]]]}},{"type":"Feature","properties":{"Id":63,"Name":"Makedonia I","Diocese":"Illyrikon"},"geometry":{"type":"GeometryCollection","geometries":[{"type":"MultiPolygon","coordinates":[[[[23.809733087836317,40.01974240887269],[23.80558462263466,40.02152919726553],[23.80751194410959,40.023207858195214],[23.809733087836317,40.01974240887269]]],[[[23.802394103561213,40.021700267503476],[23.803636602822984,40.02169910206463],[23.803482110999987,40.021507985667384],[23.802394103561213,40.021700267503476]]],[[[23.73041070000001,40.058300400000036],[23.722256800000025,40.06464060000001],[23.733692600000033,40.06289490000005],[23.73041070000001,40.058300400000036]]],[[[23.729859700000056,40.06501589999998],[23.7297677,40.06527110000001],[23.7301203,40.065171400000075],[23.729859700000056,40.06501589999998]]],[[[23.71389624909445,40.175437044386136],[23.71362330000003,40.17554959993093],[23.713784300000064,40.17563979976198],[23.71389624909445,40.175437044386136]]],[[[23.68469065636464,40.1901450797773],[23.68478404765713,40.18959346078086],[23.6845338,40.18960850000001],[23.68469065636464,40.1901450797773]]],[[[23.80495041214931,40.1979758716728],[23.80513740175295,40.19728316756761],[23.804707571327263,40.19733293638146],[23.80495041214931,40.1979758716728]]],[[[23.802344664953438,40.19947983987076],[23.801572972620306,40.19909987703418],[23.801752703430104,40.199813554545074],[23.802344664953438,40.19947983987076]]],[[[23.797792900000044,40.2005034],[23.79761979139265,40.200335333449146],[23.797608748322446,40.200411244909645],[23.797792900000044,40.2005034]]],[[[23.79579040000005,40.21198119999998],[23.796450700000033,40.211802],[23.797138700000044,40.210927099999985],[23.79579040000005,40.21198119999998]]],[[[23.795977436621577,40.20114588074607],[23.7711448,40.20623050000006],[23.776913722588418,40.22904757266356],[23.795977436621577,40.20114588074607]]],[[[23.791235726055618,40.22070353747007],[23.788746758558723,40.22453484721045],[23.7937237,40.2233096],[23.791235726055618,40.22070353747007]]],[[[23.76220910000004,40.22413690000009],[23.763562800000045,40.225275],[23.76353415380197,40.22614782026967],[23.76220910000004,40.22413690000009]]],[[[23.767987900000016,40.226502],[23.768057,40.2269828],[23.76824021240874,40.226746664666116],[23.767987900000016,40.226502]]],[[[23.76508344013988,40.22928567636259],[23.765839647159805,40.22690091160778],[23.76453931792053,40.22881971957046],[23.76508344013988,40.22928567636259]]],[[[23.77438423336765,40.22739994342431],[23.77266365839732,40.23209728175746],[23.77592915159717,40.23192735499895],[23.77438423336765,40.22739994342431]]],[[[23.762777,40.230450800000035],[23.762953700000043,40.23076840000004],[23.763035026373974,40.230512004338394],[23.762777,40.230450800000035]]],[[[23.752261776270743,40.23304983880312],[23.75479470000003,40.23416450000001],[23.754300296384088,40.23287090567343],[23.752261776270743,40.23304983880312]]],[[[22.607646467012586,40.482685267802424],[22.611137388011965,40.48341967738851],[22.605715325848465,40.48223331548258],[22.607646467012586,40.482685267802424]]],[[[22.63490316238869,40.50126732224054],[22.63580511631551,40.50435352309836],[22.633903678756568,40.497847239747884],[22.63490316238869,40.50126732224054]]],[[[22.63437903803126,40.51013635737857],[22.63437903803126,40.51013635737858],[22.634379038118645,40.510136357024216],[22.63437903803126,40.51013635737857]]],[[[22.632952959665605,40.52170052948441],[22.632952959665605,40.52170052948443],[22.63437903803126,40.5166414496142],[22.632952959665605,40.52170052948441]]],[[[22.632952959665605,40.528927124157725],[22.632952959665605,40.52892712415774],[22.63319063939322,40.53290130124802],[22.632952959665605,40.528927124157725]]],[[[22.660523808069097,40.55782571068909],[22.670030997173747,40.56107602142747],[22.656483282502055,40.55638107255285],[22.660523808069097,40.55782571068909]]],[[[22.74703922892152,40.59754090733262],[22.74703922892152,40.59754090733261],[22.739750436923316,40.5956158660373],[22.74703922892152,40.59754090733262]]],[[[23.805173078071036,40.61448781035697],[23.8045313428065,40.61761629413173],[23.809422791600845,40.614671842869555],[23.805173078071036,40.61448781035697]]],[[[22.8634998270382,40.63269016995043],[22.859018614847642,40.63061727078202],[22.854848278330348,40.63071804054573],[22.8634998270382,40.63269016995043]]],[[[24.71287558460056,40.89482292997349],[24.597077132876432,40.919265983955675],[24.567119074500578,40.94942524699663],[24.5099406462175,40.958747165579396],[24.394507800000035,40.93393089999998],[24.379788300000044,40.910059600000054],[24.34411920000003,40.900626600000045],[24.316869244079676,40.878402635076725],[24.337048398980293,40.85870025752919],[24.33167193751556,40.843414699084924],[24.30973885225113,40.84775144529681],[24.306588898613043,40.82830452797735],[24.340071539089543,40.82536345101392],[24.089111466056014,40.72220425240557],[24.04556050040142,40.71873865658698],[23.9212896,40.753490100000015],[23.85715582703612,40.77782567579555],[23.85694115452613,40.79572322638565],[23.73381647411326,40.75003897738701],[23.701202061889784,40.70406516083633],[23.69558630715462,40.667128617647684],[23.741756338743087,40.65558816112906],[23.780008649370192,40.61616738595477],[23.783606910886114,40.59264049766764],[23.81996943338092,40.580007656941184],[23.83337278742051,40.557167636594],[23.88310370522824,40.559939015086705],[23.920569449179222,40.533301263680784],[23.823821405905484,40.50733175465802],[23.824567566256654,40.46756603112522],[23.860126984298926,40.41826234796794],[23.92860979681173,40.381470802267124],[23.993746100000017,40.38119220000004],[24.0112003,40.392623900000046],[23.9932751677096,40.44256900550018],[24.01035245613887,40.45047333394284],[24.0668669,40.36709620000006],[24.156500100000013,40.358554800000036],[24.1926708738902,40.34187850158049],[24.1943088375199,40.320174534589334],[24.248123901256402,40.31011330415297],[24.28541330504499,40.247559934199074],[24.381957790681128,40.1853014036781],[24.399284642824323,40.142340938301544],[24.301654929841533,40.11565357816406],[24.27996466596651,40.162625763349276],[24.226870340778973,40.19052854288304],[24.221624200000036,40.2189448],[24.161742769450296,40.28082405942484],[24.03927115940427,40.29317097636658],[23.93185893689991,40.36079963709967],[23.851558840924696,40.37010792343002],[23.783400249454857,40.336781719520175],[23.735654321752563,40.35378135352975],[23.727533,40.3332557],[23.701214529220913,40.32502140397777],[23.693734025895093,40.28697339425918],[23.7369926,40.229717],[23.761406920239796,40.229822463814315],[23.758958819045358,40.213226009399456],[23.766376004528578,40.19900503878959],[23.91545130000004,40.15800890000004],[23.9978227,40.107563],[23.97935504680193,40.08373419793972],[24.0080676,40.05330760000004],[23.985465011095513,40.04130078844311],[24.017627,40.03692830000004],[24.021198900000016,40.00855290000008],[23.9958839,39.997153600000026],[23.99997929999999,39.9889407],[23.99187914516148,39.99138390087793],[23.987363230336786,39.98631233324216],[24.0005012,39.970853799999986],[23.966722900000015,39.9637935],[23.99207170000005,39.94816330000001],[23.929601946411914,39.93639057968822],[23.91679592114111,39.95844677828076],[23.93203816361994,39.95922178457054],[23.918264623404596,39.9711445517755],[23.901964706137882,39.96061473336163],[23.891827900000013,39.99435039999997],[23.813776527339897,40.02427917179537],[23.8125372,40.04284120000002],[23.785286,40.066387300000024],[23.792161806601815,40.088915483538294],[23.773008200000024,40.095888200000026],[23.773575718784016,40.11688300901418],[23.73250526143749,40.14262453280704],[23.719693724533478,40.172533668585224],[23.654260495520838,40.223837911100055],[23.538485400000038,40.235095800000025],[23.402164100000046,40.2793192],[23.3503426,40.24090970000004],[23.33115018251176,40.19921487262777],[23.362951179621916,40.14658744243649],[23.41638538526565,40.127190872068596],[23.494434654220317,40.03343899810961],[23.66579918277461,39.981704761607695],[23.697826526070838,39.93024503855932],[23.745070292219445,39.934404234079835],[23.75009229817355,39.91587240004763],[23.71646719252164,39.90762197527168],[23.593363988212865,39.92105394577032],[23.467740744978656,39.96966446485695],[23.35538003054541,39.95388081203997],[23.382204564604155,40.00142839859604],[23.30394948877342,40.099803007091985],[23.322856911105227,40.1293220309398],[23.326861777814738,40.18235700291454],[23.3098506,40.225912100000016],[23.019538648920328,40.32434036803323],[22.9800676,40.3690495],[22.93569950180096,40.38150458899441],[22.887655059169475,40.37309266994954],[22.902828500000034,40.397993],[22.8658269,40.43257650000001],[22.857039100000023,40.4641478],[22.81400725835347,40.479140485740054],[22.824193581563517,40.50606398544807],[22.910389079524123,40.505535793109736],[22.975872241836104,40.536883941272556],[22.980668618739415,40.552225208836916],[22.935557006437676,40.583153524780705],[22.947108241199846,40.6273996541491],[22.894932964392755,40.643911566427164],[22.757061999265456,40.649473656738714],[22.627288867986707,40.68489904810748],[22.59805426148982,40.67516570117674],[22.533524215441766,40.60969909652286],[22.51712431423622,40.54010435431488],[22.58408728163181,40.522959444256955],[22.602819643568953,40.48390517907073],[22.585971264252677,40.45982295790592],[22.606513200000013,40.44188039999998],[22.619843900000014,40.38731489999997],[22.662076629484996,40.36274475825671],[22.59932766585057,40.27114074494568],[22.590538259043715,40.2098249571412],[22.54768012730326,40.14221864926324],[22.59424120000003,40.012347099999964],[22.709446,39.9519842],[22.73582341751114,39.8697688690186],[22.61157875339063,39.80108282511236],[22.36173534777845,39.85462069774354],[22.18137220353657,39.997705619560804],[21.99291889187475,40.04243948647036],[21.92724576811395,40.09288405979402],[21.44001146948665,40.31687065580945],[21.240136744996903,40.44774101113012],[21.2163421349386,40.645236274614035],[21.261551894049376,40.76420932490555],[21.43763200848082,40.91649482927869],[21.811207386396177,41.09257494371013],[22.018220493903414,41.21868637701914],[23.03150409402531,41.690278708929725],[23.685855870628643,41.59510026869651],[24.177987893159525,41.31536488419857],[24.556322193086544,40.995922244165854],[24.585399135293926,40.93427031618188],[24.71287558460056,40.89482292997349]]],[[[23.900027616357754,39.963247157840314],[23.899292425980647,39.96258002451454],[23.899005593528997,39.96300122628135],[23.900027616357754,39.963247157840314]]],[[[23.99077259999999,39.989248599999975],[23.99067,39.9887232],[23.9902368,39.989235800000024],[23.99077259999999,39.989248599999975]]],[[[24.002349599999988,39.99624820000005],[24.002001300000035,39.99595260000004],[24.00190539999998,39.99644990000007],[24.002349599999988,39.99624820000005]]],[[[23.821851069309723,40.00430891327491],[23.822125700000043,40.0043722],[23.82211009999998,40.004146900000016],[23.821851069309723,40.00430891327491]]],[[[23.831825500000036,40.006202],[23.831996928950616,40.00583857265738],[23.831566266893468,40.005860540968676],[23.831825500000036,40.006202]]],[[[23.82216340000002,40.01422770000001],[23.825551599999987,40.00435],[23.81801622634378,40.01032219363889],[23.82216340000002,40.01422770000001]]],[[[23.810600618842116,40.02472049016464],[23.809578596013388,40.02431097250799],[23.80964989993166,40.02487519619517],[23.810600618842116,40.02472049016464]]],[[[24.0261515,40.0276849],[24.026498,40.02767370000004],[24.026258,40.02745760000005],[24.0261515,40.0276849]]],[[[24.0236377,40.03062630000005],[24.02442670000002,40.029815],[24.023871900000046,40.0294637],[24.0236377,40.03062630000005]]],[[[24.0231218,40.03237470000002],[24.023030600000045,40.031735],[24.022761500000016,40.031619],[24.0231218,40.03237470000002]]],[[[23.809626131958893,40.03297402194927],[23.808687400637755,40.03373635752899],[23.809946999591194,40.03356547154531],[23.809626131958893,40.03297402194927]]],[[[24.331175140078663,40.11933469485891],[24.330062798953435,40.119520084336216],[24.3306572,40.12010630000003],[24.331175140078663,40.11933469485891]]],[[[23.953176152564826,40.30840084399761],[23.95102541739488,40.308063802006544],[23.95084715759912,40.30875254531542],[23.953176152564826,40.30840084399761]]],[[[23.958014800000026,40.307160299999964],[23.959789300000022,40.310594],[23.9618413,40.309324600000025],[23.958014800000026,40.307160299999964]]],[[[23.965162462280606,40.31383402737696],[23.964542903718986,40.3090637905061],[23.9614,40.31298010000002],[23.965162462280606,40.31383402737696]]],[[[23.956998739794553,40.312022284143985],[23.95629381506809,40.31215925615358],[23.95701180000001,40.31232220000001],[23.956998739794553,40.312022284143985]]],[[[23.959641307520958,40.31232302303957],[23.960177835491642,40.311997754686516],[23.959338750477222,40.3118525045632],[23.959641307520958,40.31232302303957]]],[[[23.96378582590924,40.31861508274803],[23.96493458267055,40.31767623230264],[23.96393626006463,40.31729415515427],[23.96378582590924,40.31861508274803]]],[[[23.94863661660762,40.31022693001675],[23.88288263948725,40.33021787753238],[23.916110265408033,40.342030411920106],[23.922764,40.3190976],[23.94863661660762,40.31022693001675]]],[[[23.880695985993157,40.33443946547081],[23.881753660781033,40.333705689105095],[23.88162446441729,40.33333011623131],[23.880695985993157,40.33443946547081]]],[[[23.88616261972837,40.335580879513316],[23.8860675478373,40.33462064359206],[23.885243869965006,40.33582673694613],[23.88616261972837,40.335580879513316]]],[[[24.1146014,40.364084500000054],[24.115986300000042,40.36477909999998],[24.114901,40.36362880000005],[24.1146014,40.364084500000054]]],[[[24.00793865774016,40.453911037380266],[24.00611655814059,40.45270332362491],[24.005539441654612,40.45279742757314],[24.00793865774016,40.453911037380266]]],[[[24.007998977699973,40.4563066044361],[24.00895161131158,40.45554467745179],[24.007897994394604,40.45577234781139],[24.007998977699973,40.4563066044361]]],[[[23.9274335,40.527433],[23.92771626658707,40.52651098896503],[23.9271548,40.526747],[23.9274335,40.527433]]],[[[23.924186722631983,40.531442870267156],[23.9282186,40.530100200000085],[23.931168787555986,40.52974014837984],[23.928350074888083,40.52789376634708],[23.924186722631983,40.531442870267156]]],[[[24.308799956594942,40.835802531515476],[24.308064682681195,40.83533842487423],[24.308481660101833,40.8360788515267],[24.308799956594942,40.835802531515476]]],[[[24.33336000524044,40.87711716211254],[24.33442104849907,40.87720361720607],[24.33444951691562,40.87690277134169],[24.33336000524044,40.87711716211254]]],[[[24.334278457137007,40.121569441978295],[24.334626249723662,40.121941006403894],[24.33459997931324,40.12148077031224],[24.334278457137007,40.121569441978295]]],[[[24.362223891210075,40.200580651606884],[24.36209312720203,40.20106624975753],[24.36270573274425,40.200900807021725],[24.362223891210075,40.200580651606884]]],[[[25.696059200000068,40.4220124000001],[25.569052700000043,40.39721970000008],[25.565335400000055,40.3973762],[25.559633599999984,40.39593260000012],[25.553981100000012,40.400266099999975],[25.554021300000027,40.403180700000156],[25.5426858,40.414294400000045],[25.50869570000005,40.42563340000011],[25.4434537,40.4762764],[25.4688174,40.472192100000036],[25.49482520000003,40.494923900000046],[25.5664432,40.51027160000002],[25.656778,40.4935122],[25.699026800000038,40.4652059],[25.696059200000068,40.4220124000001]]],[[[24.628496400000095,40.55575430000003],[24.62809080000014,40.55502100000012],[24.62779220000012,40.55587379999998],[24.628496400000095,40.55575430000003]]],[[[24.622164800000093,40.560087899999985],[24.62351590000008,40.562157300000145],[24.627987900000118,40.55716800000015],[24.622164800000093,40.560087899999985]]],[[[24.738713700000076,40.59989849999999],[24.73822190000003,40.599924],[24.73802880000008,40.600379],[24.738713700000076,40.59989849999999]]],[[[24.594509500000033,40.616052200000034],[24.594376100000016,40.61642790000005],[24.594565100000032,40.61620410000002],[24.594509500000033,40.616052200000034]]],[[[24.59448170000003,40.616465800000036],[24.594754200000022,40.61666430000003],[24.5946652,40.61636030000005],[24.59448170000003,40.616465800000036]]],[[[24.761552200000047,40.61776719999999],[24.76154590000005,40.617653600000104],[24.761480699999964,40.61771460000015],[24.761552200000047,40.61776719999999]]],[[[24.783260300000034,40.625186900000024],[24.783885,40.62420220000006],[24.783030600000078,40.624829800000064],[24.783260300000034,40.625186900000024]]],[[[24.782595,40.654708699999965],[24.777880600000138,40.65774010000003],[24.785742600000187,40.66455030000002],[24.782595,40.654708699999965]]],[[[24.7744976,40.68148259999999],[24.774729499999985,40.6814439],[24.774503499999973,40.681452800000024],[24.7744976,40.68148259999999]]],[[[24.562140557595004,40.760932478803376],[24.651269200000016,40.801010800000036],[24.694365699999988,40.77683429999998],[24.715944299999983,40.7860922],[24.730824635342536,40.77701212967268],[24.72586344171819,40.76960091998656],[24.75124060000003,40.74706440000001],[24.7806219000001,40.741585],[24.78278290000005,40.73066160000015],[24.763720600000024,40.73262340000005],[24.759440700000113,40.72761509999989],[24.757470700000024,40.71852960000016],[24.76097586787893,40.708652188270335],[24.775486899999958,40.705218],[24.780012,40.70468490000008],[24.781228399999986,40.70495430000013],[24.78215480000012,40.705619],[24.782536700000144,40.705442100000134],[24.7761835,40.701634],[24.78320350000003,40.68547940000005],[24.779385430289814,40.685224131422416],[24.762547800000032,40.67464430000013],[24.782835379142767,40.625460510932186],[24.77483734959353,40.60633098005692],[24.761003400000153,40.618654400000096],[24.64434870000004,40.567775200000156],[24.63976849999994,40.583024100000074],[24.60276,40.5940003],[24.60893710000002,40.60474870000004],[24.5891923,40.622205700000066],[24.527300800000027,40.62090650000007],[24.5113337,40.66275590000002],[24.533921900000063,40.71362],[24.562140557595004,40.760932478803376]]],[[[24.78461090000006,40.686242299999954],[24.784505900000152,40.68646230000007],[24.78479350000011,40.686392100000056],[24.78461090000006,40.686242299999954]]],[[[24.781699400000104,40.70479280000018],[24.78166490000008,40.704843],[24.78174540000002,40.70483770000008],[24.781699400000104,40.70479280000018]]],[[[24.781038100000096,40.70499180000006],[24.78101809999998,40.70509790000017],[24.781100600000094,40.70500320000009],[24.781038100000096,40.70499180000006]]],[[[24.78610690000006,40.705403800000035],[24.786090899999973,40.705355300000114],[24.786032300000098,40.7053734],[24.78610690000006,40.705403800000035]]],[[[24.784634900000142,40.70580810000006],[24.78574740000003,40.70628110000017],[24.786504100000062,40.70570460000003],[24.785001500000117,40.705674499999965],[24.783878300000016,40.704589],[24.784634900000142,40.70580810000006]]],[[[24.785387700000083,40.705609],[24.7854431,40.705615600000115],[24.785418400000154,40.70560290000021],[24.785387700000083,40.705609]]],[[[24.78554300000016,40.705656],[24.78554640000009,40.70563020000011],[24.785523700000148,40.70564180000017],[24.78554300000016,40.705656]]],[[[24.763139200000083,40.73148600000019],[24.763174600000156,40.731543600000094],[24.76323650000012,40.7315356000001],[24.763139200000083,40.73148600000019]]],[[[24.729662200000046,40.76790090000002],[24.7287611000001,40.76817840000009],[24.72885120000005,40.76840130000007],[24.729662200000046,40.76790090000002]]],[[[24.710856900000014,40.824278500000055],[24.69874720000001,40.83107529999999],[24.7172749,40.82400680000004],[24.710856900000014,40.824278500000055]]],[[[24.347537300000024,40.86549980000004],[24.3474605,40.86560980000006],[24.3476758,40.86550680000003],[24.347537300000024,40.86549980000004]]],[[[24.3487174,40.8657051],[24.3469335,40.870341],[24.3511612,40.868452099999985],[24.3487174,40.8657051]]],[[[24.365469994782607,40.90258354718786],[24.36504670640786,40.9029298618802],[24.36542438508246,40.903012859791176],[24.365469994782607,40.90258354718786]]],[[[24.391253227464425,40.919778163515176],[24.391467403389274,40.92045212072576],[24.39195922225135,40.92012011715321],[24.391253227464425,40.919778163515176]]],[[[24.449327600000032,40.943719199999975],[24.4494724,40.94378810000003],[24.449477800000047,40.94374960000006],[24.449327600000032,40.943719199999975]]]]},{"type":"MultiLineString","coordinates":[[[25.563475,40.39650970000002],[25.563475,40.39650970000001]],[[25.546218,40.410593100000035],[25.546218,40.41059310000003]]]}]}},{"type":"Feature","properties":{"Id":105,"Name":"Thessalia","Diocese":"Illyrikon"},"geometry":{"type":"MultiPolygon","coordinates":[[[[21.238391966332927,40.70326214670422],[21.2163421349386,40.645236274614035],[21.240136744996903,40.44774101113012],[21.44001146948665,40.31687065580945],[21.92724576811395,40.09288405979402],[21.99291889187475,40.04243948647036],[22.18137220353657,39.997705619560804],[22.36173534777845,39.85462069774354],[22.61157875339063,39.80108282511236],[22.73464913529449,39.86980031618242],[22.84643927771556,39.80291709750852],[22.90373160000003,39.62589590000007],[22.9353287,39.57385669999997],[23.0533669221298,39.523873531269864],[23.22122180606799,39.35144367355966],[23.232221623862124,39.3416340652592],[23.25513650000005,39.33580320000004],[23.271878486414895,39.31953580719021],[23.28274044996702,39.27457317556371],[23.35096580490905,39.18776665452948],[23.34352704030491,39.17041108866807],[23.305550950283656,39.140659396276625],[23.211287170311156,39.12777256600898],[23.205554335281025,39.116963509075696],[23.22588441951458,39.111348610313776],[23.203059505354712,39.0956614887521],[23.059604924762965,39.09119678961012],[23.05036912427454,39.10061645670746],[23.080590101640894,39.14746933792971],[23.09368625463255,39.14231723083664],[23.104833433857724,39.15922836985119],[23.10861254152681,39.160085338451964],[23.11005050387894,39.13686056316314],[23.12214840201461,39.13592956918285],[23.098380429253005,39.114043056791814],[23.09447059773373,39.10709031533243],[23.0960273999496,39.101594029024795],[23.092949447476975,39.09666914005328],[23.094268569965198,39.0960788681022],[23.15627921090021,39.11960291209627],[23.150432289600904,39.132389836135495],[23.17715937497126,39.127411785492306],[23.17352287513875,39.14842782787573],[23.18238832897883,39.159947118415865],[23.200252917201414,39.144085872860835],[23.212568562807608,39.146803916733084],[23.222594,39.181137599999964],[23.18969219999999,39.207956800000055],[23.16445420513164,39.272335840051575],[23.1211248,39.304875],[23.019727500000045,39.31637150000004],[22.99376920000002,39.3505412],[22.9400456,39.3619039],[22.924112464566285,39.352245051300635],[22.943928300000046,39.34391530000002],[22.9252517,39.31962630000006],[22.946720758323565,39.299491672696725],[22.82159226789249,39.277262028442664],[22.8224946,39.20749690000004],[22.85019510000002,39.153724],[22.880134096375784,39.168771995259284],[22.8698447,39.186282700000056],[22.890757357102697,39.18891250809441],[22.88792679999998,39.169012],[22.9114092,39.15922149999997],[22.922393,39.112892],[22.94146240000001,39.11322140000005],[22.93086940609411,39.125458721508295],[22.93494304156411,39.13202808993897],[22.982759539799527,39.098254984015036],[22.997556544453207,39.039309287595465],[22.96161961999248,39.0327412865842],[22.960610400000036,39.00641930000004],[23.033574460293824,39.03704989255496],[23.06602866971025,39.03280061870692],[23.0560915,39.01553480000003],[23.0257896,39.014852],[22.990574300000045,38.9441959],[22.935614760556724,38.94428463208901],[22.940271900000035,38.9285143],[22.917905136861087,38.91844551752217],[22.8555057,38.92646180000006],[22.8314017,38.88870180000007],[22.750884373639977,38.86927739884156],[22.70902516903113,38.88754406016233],[22.668976500000042,38.8807849],[22.617771600000037,38.911663799999985],[22.540662904996484,38.8845044868804],[22.521884093426994,38.848201317839866],[22.23916831992608,38.85082524359245],[21.520380739284803,38.91982961276153],[21.442382007513686,38.97996652391544],[21.40669009242623,39.06086819811367],[21.391223595888334,39.2048255889664],[21.456658773548668,39.2595531921005],[21.444761468519516,39.33093702227541],[21.331737070742577,39.47727387413397],[21.2865273116318,39.59505719392257],[21.180641296872352,39.662871832588735],[21.056909324569176,39.7699475778511],[21.003371451937994,39.896059011160105],[20.886024366667186,40.09228522877402],[20.83843514655058,40.24932965515882],[20.724221018270725,40.306436719298745],[20.728979940282386,40.44920437964856],[20.805122692468956,40.73949862235986],[21.033550949028665,40.72046293431322],[21.100175857191914,40.74901646638318],[21.238391966332927,40.70326214670422]]],[[[23.208198148541353,39.15928278130277],[23.19659801149439,39.151513953938704],[23.208949038539945,39.17078274527871],[23.208198148541353,39.15928278130277]]],[[[24.134847300000043,39.370389100000025],[24.157255869169866,39.38324283358844],[24.176593491808678,39.43150439161684],[24.183082148372588,39.388731789459975],[24.15913015634216,39.36083377811172],[24.134847300000043,39.370389100000025]]],[[[23.90615,39.1631],[23.851763020498378,39.13109114456181],[23.829103488210283,39.139150762323766],[23.833581374278573,39.15538626415716],[23.87975,39.1765],[23.866680653146354,39.20239057346497],[23.91384106469987,39.23341475743928],[23.953728476588303,39.29360097785788],[23.9435,39.27125],[23.983604818349626,39.26603722325123],[23.90615,39.1631]]],[[[23.1143851,39.46487069999998],[23.1144471,39.464874500000064],[23.114422300000037,39.46483030000002],[23.1143851,39.46487069999998]]],[[[23.115027500000046,39.463141600000014],[23.115103300000044,39.46311809999999],[23.1150771,39.46310870000005],[23.115027500000046,39.463141600000014]]],[[[24.185120600000012,39.497935],[24.17528220000004,39.4994934],[24.1836103,39.5066276],[24.185120600000012,39.497935]]],[[[24.182256500000047,39.48271780000006],[24.179618799999982,39.4823971],[24.1796086,39.4826535],[24.182256500000047,39.48271780000006]]],[[[24.188263164419844,39.396364291403025],[24.187816728546693,39.39707461634762],[24.188615332431507,39.39662278469744],[24.188263164419844,39.396364291403025]]],[[[23.23675964290149,39.34171696653728],[23.236345367136245,39.342360137414715],[23.236927682468895,39.34212117779104],[23.23675964290149,39.34171696653728]]],[[[23.243133235970436,39.33970153980907],[23.24223982438115,39.33939146566324],[23.242025912626275,39.33950175912883],[23.243133235970436,39.33970153980907]]],[[[23.320341382875956,39.23270228399685],[23.32106342239209,39.23282942645489],[23.32113760996345,39.23266546342224],[23.320341382875956,39.23270228399685]]],[[[23.321327753745564,39.23106374972656],[23.3218579433593,39.231230899667075],[23.322093353638856,39.23110641132326],[23.321327753745564,39.23106374972656]]],[[[23.462235200000013,39.213390799999985],[23.461334400000016,39.2127846],[23.461887100000038,39.21437840000002],[23.462235200000013,39.213390799999985]]],[[[23.4623506,39.21166],[23.4610719,39.21152240000004],[23.4615731,39.2124],[23.4623506,39.21166]]],[[[23.428364100000017,39.13638750000004],[23.390282099999986,39.1412085],[23.387014700000034,39.1590956],[23.44335340000001,39.18144069999999],[23.44130820000003,39.19795980000004],[23.461195400000047,39.211260799999984],[23.5121523,39.18725109999998],[23.5067029,39.15826010000002],[23.5014494,39.16977340000005],[23.477068300000045,39.1613292],[23.457497800000027,39.140268699999986],[23.463894099999987,39.12909820000003],[23.428364100000017,39.13638750000004]]],[[[23.72425,39.13975],[23.732,39.119],[23.75425,39.13025],[23.7835,39.1295],[23.7925,39.1205],[23.7665,39.088],[23.74675,39.08575],[23.726,39.07],[23.6975,39.0895],[23.653,39.0855],[23.66325,39.1115],[23.5895,39.2035],[23.6105,39.211],[23.6435,39.1755],[23.72425,39.13975]]],[[[23.864418200000028,39.200184],[23.8600517,39.20234519999999],[23.8649863,39.20196720000004],[23.864418200000028,39.200184]]],[[[23.865439964968214,39.192035079870166],[23.865254574780636,39.192576653642526],[23.865581777638972,39.19214498018659],[23.865439964968214,39.192035079870166]]],[[[23.81278170000004,39.14238990000005],[23.8084689,39.14172360000005],[23.81302870000003,39.143381500000054],[23.81278170000004,39.14238990000005]]],[[[23.80397410000005,39.132332],[23.79625520000001,39.13303110000003],[23.8040544,39.1384921],[23.80397410000005,39.132332]]],[[[23.730460900000036,39.13664610000006],[23.729782400000037,39.13614849999997],[23.729802200000044,39.136661600000025],[23.730460900000036,39.13664610000006]]],[[[23.74552640000005,39.08314309999999],[23.7448782,39.083415],[23.74554650000001,39.083656],[23.74552640000005,39.08314309999999]]],[[[23.6270987,39.114374199999965],[23.625070500000025,39.11300720000005],[23.624454700000037,39.11417690000003],[23.6270987,39.114374199999965]]],[[[23.6397851,39.11870910000003],[23.6333795,39.1148737],[23.634234200000016,39.12011850000006],[23.6397851,39.11870910000003]]],[[[23.499036300000032,39.1153404],[23.500751599999987,39.13021370000004],[23.506395200000014,39.11624190000002],[23.499036300000032,39.1153404]]],[[[23.482438200000015,39.12680640000004],[23.481128,39.12411429999999],[23.4784722,39.1255428],[23.482438200000015,39.12680640000004]]],[[[23.6148248,39.13005610000004],[23.61397219999998,39.1293048],[23.6138365,39.13007819999997],[23.6148248,39.13005610000004]]],[[[23.620285200000048,39.135068599999954],[23.61832770000008,39.13562610000006],[23.620662300000024,39.13634390000005],[23.620285200000048,39.135068599999954]]],[[[23.4691356,39.13849990000006],[23.468527100000063,39.13877389999996],[23.468718500000048,39.139030399999974],[23.4691356,39.13849990000006]]],[[[23.516768300000034,39.15566650000006],[23.5189151,39.145214200000034],[23.513315699999985,39.153298100000036],[23.516768300000034,39.15566650000006]]],[[[23.5015896,39.153594],[23.500598099999984,39.1495299],[23.498225600000023,39.15038110000001],[23.5015896,39.153594]]],[[[23.525973600000054,39.14729550000006],[23.530188900000045,39.14829380000004],[23.531603,39.14801260000004],[23.525973600000054,39.14729550000006]]],[[[23.59236950000003,39.14699090000003],[23.591070500000043,39.1475333],[23.592068299999987,39.1477678],[23.59236950000003,39.14699090000003]]],[[[23.52591010000003,39.14660650000004],[23.526318,39.146339400000045],[23.5259645,39.146339400000045],[23.52591010000003,39.14660650000004]]],[[[23.5189986,39.1699814],[23.52351220000004,39.17157460000005],[23.5186302,39.16741989999995],[23.5189986,39.1699814]]],[[[23.5158627,39.176827400000015],[23.515322399999985,39.1763864],[23.515245300000014,39.176508600000055],[23.5158627,39.176827400000015]]],[[[23.5166558,39.180456900000074],[23.5166097,39.179898300000026],[23.51570850000002,39.17994490000001],[23.5166558,39.180456900000074]]],[[[23.49292660000004,39.2000596],[23.4931466,39.200138600000045],[23.49307680000002,39.20000969999997],[23.49292660000004,39.2000596]]],[[[23.588869900000045,39.203576600000034],[23.58904160000003,39.203518399999965],[23.588945,39.203472699999985],[23.588869900000045,39.203576600000034]]],[[[23.495492300000024,39.161264],[23.495231400000034,39.16057410000004],[23.4952743,39.16123960000003],[23.495492300000024,39.161264]]],[[[23.422570900000046,39.13084330000006],[23.4228091,39.131026900000016],[23.42287659999998,39.1308864],[23.422570900000046,39.13084330000006]]],[[[23.422361300000045,39.131730400000016],[23.4223471,39.1312014],[23.422020300000014,39.13155130000001],[23.422361300000045,39.131730400000016]]],[[[23.4235705,39.13199780000004],[23.423121400000042,39.132383400000016],[23.4241109,39.1320401],[23.4235705,39.13199780000004]]],[[[23.4198068,39.1359399],[23.4185279,39.13646140000003],[23.42045590000001,39.135913100000025],[23.4198068,39.1359399]]],[[[23.868591598156392,39.13791193267498],[23.868534555021757,39.138431801342705],[23.86916202950266,39.13878575228175],[23.868591598156392,39.13791193267498]]],[[[23.904138988211717,39.16040617025163],[23.904829854510044,39.161440511866374],[23.90535247200027,39.160968392826945],[23.904138988211717,39.16040617025163]]],[[[24.08001262120255,39.36211479917033],[24.0780600997596,39.358036410099984],[24.07942913499068,39.36255709310025],[24.08001262120255,39.36211479917033]]],[[[24.070345015801156,39.2934358986273],[24.047928686670673,39.304513840817584],[24.06608104148774,39.31652066422075],[24.056255361548107,39.32423228023223],[24.039883981909963,39.32351521302207],[24.05080774219116,39.330575246923495],[24.051449477455698,39.35272147691739],[24.076548456691945,39.369293470488884],[24.064105882525336,39.34387741080717],[24.09872397527852,39.349380139743175],[24.096763400000032,39.31350410000002],[24.070345015801156,39.2934358986273]]],[[[24.12025,39.352],[24.12,39.3555],[24.123,39.3535],[24.12025,39.352]]],[[[24.128851699999988,39.349711800000044],[24.1280889,39.35116380000003],[24.129452700000023,39.35055450000005],[24.128851699999988,39.349711800000044]]],[[[24.14025,39.33625],[24.1375,39.347],[24.14375,39.338],[24.14025,39.33625]]],[[[24.037557674628147,39.31099613573128],[24.038600511380825,39.31548355801901],[24.04109614852077,39.31524082881539],[24.037557674628147,39.31099613573128]]],[[[24.0554784084077,39.32150018073951],[24.054782418021144,39.3219868752485],[24.05564214785084,39.322070024460295],[24.0554784084077,39.32150018073951]]],[[[24.042251271996967,39.32603043182621],[24.040445226387742,39.326480321116826],[24.040226240717686,39.32665922239372],[24.042251271996967,39.32603043182621]]],[[[24.0907316667275,39.29258860989952],[24.090037641922898,39.2928093442738],[24.090294336028677,39.29306686683086],[24.0907316667275,39.29258860989952]]],[[[23.990097499999987,39.273019300000044],[23.9884478,39.27306180000002],[23.9901193,39.273532199999984],[23.990097499999987,39.273019300000044]]],[[[23.984599551224225,39.165073616290876],[23.954533065680792,39.16429963547712],[23.938485045601,39.18104246407453],[23.978562486142778,39.19476409026329],[23.962031861087073,39.2191666587587],[23.9720500616061,39.240403802101106],[23.98053522788199,39.20864236432826],[23.99207292276609,39.21257757189169],[23.977980170810127,39.18911806227693],[23.984599551224225,39.165073616290876]]],[[[24.006630121189076,39.22742354976455],[23.9951695,39.22924270000004],[23.99883422612329,39.237024577480305],[24.006630121189076,39.22742354976455]]],[[[23.992220315038807,39.13160698379506],[23.99177185211078,39.13125691435017],[23.991329800000035,39.1310083],[23.992220315038807,39.13160698379506]]],[[[23.989204911052532,39.1222222688095],[23.989213,39.127725],[23.990975625023317,39.13070380609022],[23.989204911052532,39.1222222688095]]],[[[23.972983671430597,39.112111085708065],[23.98435624460922,39.11809175916948],[23.980600904912837,39.10466593043514],[23.972983671430597,39.112111085708065]]],[[[23.979611786974257,39.10327317586901],[23.9803047,39.1040758],[23.979804677825374,39.10320885287813],[23.979611786974257,39.10327317586901]]],[[[24.323587248453748,39.36910313060454],[24.325312803276212,39.33241443490799],[24.314803469140966,39.33400324645374],[24.323587248453748,39.36910313060454]]],[[[23.053022100000046,39.18008549999998],[23.0485411,39.17913730000005],[23.054933500000026,39.18339],[23.053022100000046,39.18008549999998]]],[[[22.901967200000012,39.17473470000008],[22.8996568,39.17484130000006],[22.900582900000014,39.177932800000086],[22.901967200000012,39.17473470000008]]],[[[23.0559834,39.17412730000002],[23.05533130000003,39.1743957],[23.0560208,39.1754106],[23.0559834,39.17412730000002]]],[[[23.04748480000001,39.17684489999998],[23.04714760000003,39.17659390000005],[23.04715520000003,39.176850600000016],[23.04748480000001,39.17684489999998]]],[[[23.066111900000013,39.15057120000007],[23.0681919,39.16595359999997],[23.093966,39.1683116],[23.089673900000037,39.15819310000007],[23.066111900000013,39.15057120000007]]],[[[23.20243442414463,39.16285215805602],[23.20210869999999,39.16298270000002],[23.202378382470027,39.16319122462415],[23.20243442414463,39.16285215805602]]],[[[23.0592757,39.014025899999986],[23.059602477799793,39.0146658353697],[23.05999,39.01394720000003],[23.0592757,39.014025899999986]]],[[[23.071751699999982,39.0089956],[23.0592933,39.0094993],[23.07636440000002,39.00961980000003],[23.071751699999982,39.0089956]]],[[[23.0671954,39.005652],[23.0667971,39.0052066],[23.06703140000005,39.00568390000007],[23.0671954,39.005652]]],[[[22.942960900000017,38.92591729999999],[22.944073887059304,38.92608033014609],[22.944410699999988,38.925561],[22.942960900000017,38.92591729999999]]],[[[23.165979583945735,39.146474536018],[23.164969351885674,39.14578882737463],[23.164986167995387,39.147165416356216],[23.165979583945735,39.146474536018]]]]}},{"type":"Feature","properties":{"Id":96,"Name":"Makedonia II","Diocese":"Illyrikon"},"geometry":{"type":"Polygon","coordinates":[[[20.805122692468956,40.73949862235986],[20.84319406856224,41.0488285531178],[20.83843514655058,41.4961672222139],[20.790845926433974,41.63417596055206],[20.68139072016578,41.786461464925196],[20.619524734014192,41.94826481332166],[21.30480950369332,41.853086373088445],[21.666487576579527,41.857845295100105],[21.856844457045952,41.95302373533332],[22.15665654378057,42.07199678562483],[22.23279929596714,41.924470203263354],[22.351772346258656,41.94826481332166],[22.580200602818365,41.88639882717007],[23.03150409402531,41.690278708929725],[22.018220493903414,41.21868637701914],[21.811207386396177,41.09257494371013],[21.43763200848082,40.91649482927869],[21.261551894049376,40.76420932490555],[21.238391966332927,40.70326214670422],[21.100175857191914,40.74901646638318],[21.033550949028665,40.72046293431322],[20.805122692468956,40.73949862235986]]]}},{"type":"Feature","properties":{"Id":262,"Name":"Dardania","Diocese":"Illyrikon"},"geometry":{"type":"Polygon","coordinates":[[[20.619524734014192,41.94826481332166],[20.709944252235744,42.076755707636494],[20.709944252235744,42.17669306988137],[20.662355032119137,42.35753210632447],[20.60524796797921,42.45271054655768],[20.481515995676034,42.51933545472093],[20.419650009524446,42.71921017921068],[20.862229756608883,43.0428168760036],[21.162041843343502,43.0666114860619],[21.561791292322994,42.98095088985201],[21.671246498591188,42.700174491164034],[21.83304984698765,42.56692467483754],[21.98533535136079,42.328978574254506],[22.14237977774559,42.21000552396299],[22.15665654378057,42.07199678562483],[21.856844457045952,41.95302373533332],[21.666487576579527,41.857845295100105],[21.30480950369332,41.853086373088445],[20.619524734014192,41.94826481332166]]]}},{"type":"Feature","properties":{"Id":250,"Name":"Dakia Mesogeios","Diocese":"Illyrikon"},"geometry":{"type":"Polygon","coordinates":[[[21.561791292322994,42.98095088985201],[21.571309136346315,43.099923940143526],[21.790219548882703,43.36166465078486],[21.975817507337467,43.51870907716966],[22.285147438095407,43.54250368722796],[22.45170970850353,43.41877171492479],[22.742003951214826,43.29979866463327],[23.056092803984427,43.22841483445836],[23.584333147278585,43.0666114860619],[24.09353780252627,43.05233472002692],[24.265946302259067,43.00407470290503],[23.1956869034276,41.9710551076177],[23.03150409402531,41.690278708929725],[22.580200602818365,41.88639882717007],[22.351772346258656,41.94826481332166],[22.23279929596714,41.924470203263354],[22.15665654378057,42.07199678562483],[22.14237977774559,42.21000552396299],[21.98533535136079,42.328978574254506],[21.83304984698765,42.56692467483754],[21.671246498591188,42.700174491164034],[21.561791292322994,42.98095088985201]]]}},{"type":"Feature","properties":{"Id":256,"Name":"Parapotamia Dakia","Diocese":"Illyrikon"},"geometry":{"type":"Polygon","coordinates":[[[22.285147438095407,43.54250368722796],[22.207636495830457,43.63351807070097],[22.132683474146802,44.184958158801976],[22.173729176497375,44.359848542730504],[22.352188751934648,44.59184599079896],[22.49852560379321,44.73818284265752],[22.612739732073067,44.73639824690315],[22.675200583476112,44.60076896957082],[22.53064832737192,44.575784629009604],[22.47396861998078,44.50181215861943],[22.489602625021348,44.42052479837935],[22.60738594480995,44.30452607434512],[22.94485300196186,44.18495815880215],[23.044790364206733,44.0439750942067],[22.948422193470606,44.040405902697955],[22.902022703856915,43.96723747676867],[22.89085018820225,43.91741653558762],[23.03361784855207,43.833659508182336],[23.303367342288936,43.87219515014476],[23.567676920237943,43.87265390178692],[23.928165262621064,43.78699330557703],[24.55799574732731,43.78416671926112],[24.611466201896633,43.74137409595545],[24.58291266982667,43.303553270882674],[24.265946302259067,43.00407470290503],[24.09353780252627,43.05233472002692],[23.584333147278585,43.0666114860619],[23.056092803984427,43.22841483445836],[22.742003951214826,43.29979866463327],[22.45170970850353,43.41877171492479],[22.285147438095407,43.54250368722796]]]}},{"type":"Feature","properties":{"Id":276,"Name":"Pannonia","Diocese":"Illyrikon"},"geometry":{"type":"Polygon","coordinates":[[[19.30985655286787,45.28798607494588],[19.754783989601606,45.25460519628962],[19.890445038290466,45.33367172625782],[20.04463411146844,45.23087901080595],[20.23308742313003,45.228975442001286],[20.328265863363242,45.1185684513307],[20.400601477940597,44.86158666270103],[20.380582234134977,44.77308160407654],[20.235435112779328,44.749286994018235],[19.978453324149655,44.65172909277919],[19.964176558114673,44.756425377035725],[19.759542911613266,44.751666455024065],[19.70481530847917,44.830188668216465],[19.707194769485,44.92060818643802],[19.64056986132175,44.92060818643802],[19.349799000299015,44.975579075395956],[19.30985655286787,45.28798607494588]]]}},{"type":"Feature","properties":{"Id":239,"Name":"Nea Epeiros","Diocese":"Illyrikon"},"geometry":{"type":"MultiPolygon","coordinates":[[[[19.40329561876985,40.517675537378764],[19.398540831515287,40.51872335526783],[19.39906372691605,40.519373809582184],[19.40329561876985,40.517675537378764]]],[[[19.39668692963988,40.52074697018718],[19.397352432877188,40.521596147538204],[19.39837445570598,40.52038561486032],[19.39668692963988,40.52074697018718]]],[[[19.391514931056406,40.52386129122157],[19.37816255787054,40.53205134479144],[19.380479935214787,40.54370204421908],[19.388717647212683,40.54200514641149],[19.391514931056406,40.52386129122157]]],[[[19.511485443504945,40.958613353807806],[19.513157810794677,40.95856501233639],[19.51223085985696,40.957407279513006],[19.511485443504945,40.958613353807806]]],[[[19.504007141281352,40.9601624707993],[19.50449438472296,40.95848424093791],[19.50341844806552,40.958249029450364],[19.504007141281352,40.9601624707993]]],[[[19.441889095160278,41.00017651460336],[19.45635565660753,41.106508780695656],[19.43496942894583,41.14792657698234],[19.47088135933495,41.158880199911415],[19.51941989999999,41.256717799999976],[19.488084906074885,41.30634657094931],[19.467837207318862,41.31513543216387],[19.452432946932493,41.302463147729256],[19.420517025052344,41.32514227198219],[19.422632374628133,41.382733820664356],[19.39206250000005,41.410803],[19.435939780201867,41.40640706703998],[19.511239800000062,41.49353820000002],[19.506524335948452,41.53922067560678],[19.47020505877023,41.54967109241099],[19.442495785693367,41.58842881543048],[19.50832383909231,41.56891774697401],[19.54765983401335,41.573967695120416],[19.582915660276782,41.604602693527326],[19.569087241066057,41.651995878348885],[20.434635656650688,41.87613492297627],[20.619524734014195,41.94826481332164],[20.681390720165776,41.786461464925225],[20.790845926434017,41.63417596055207],[20.838435146550644,41.49616722221394],[20.84319406856227,41.04882855311785],[20.805122692468935,40.73949862235992],[20.728979940282436,40.44920437964856],[20.72422101827077,40.30643671929877],[20.51873968878598,40.3222601349874],[20.318864964296253,40.25087630481249],[19.919115515316758,40.286568219900005],[19.605026662547125,40.25801468782998],[19.465139135294137,40.331770316182634],[19.485289766698877,40.348186834887414],[19.477613015932178,40.39562989469076],[19.493825600000022,40.44599060000002],[19.40526567440579,40.499036540495446],[19.385946568949972,40.52324423924297],[19.405093780445565,40.51156378514189],[19.412152868355903,40.524482728066054],[19.445760781841244,40.498443542127696],[19.453337224093733,40.5613483971102],[19.395932491579902,40.57788436321903],[19.380242255487207,40.54406327382994],[19.31181401432345,40.66826369739207],[19.36030913529412,40.70245031618279],[19.37182814554654,40.82177438881237],[19.416099800000037,40.91755690000005],[19.453922102341554,40.94522011984925],[19.43316816505657,40.924690869930814],[19.456966863517174,40.91423959616014],[19.43615638714201,40.89996526882342],[19.434017269593422,40.87642678272724],[19.44209838033249,40.89098210185437],[19.445425896519215,40.8785833282915],[19.48154294735299,40.88420158807115],[19.525085873452838,40.90931803416818],[19.526797167491637,40.943581741983486],[19.500248341916674,40.98356949651935],[19.461606088325937,40.920304123230544],[19.453742316478632,40.92638567189814],[19.47640722569767,40.97560353093863],[19.441889095160278,41.00017651460336]]]]}},{"type":"Feature","properties":{"Id":266,"Name":"Praibalis","Diocese":"Illyrikon"},"geometry":{"type":"MultiPolygon","coordinates":[[[[19.140835300000063,42.03520970000005],[19.14062770000001,42.035606800000046],[19.141105200000034,42.0354102],[19.140835300000063,42.03520970000005]]],[[[19.569087241066057,41.651995878348885],[19.582520906359996,41.70767920166456],[19.5738931322475,41.76273284916496],[19.602081947942988,41.776719311188614],[19.592675475622837,41.81234411828085],[19.466348700393883,41.85523557373603],[19.414815430316736,41.86322903929189],[19.368610491268107,41.8473670123173],[19.305864627709056,41.889156718804124],[19.16251404199065,41.94022707733532],[19.146619210206275,41.95348541956939],[19.16832037669095,41.95057480537451],[19.13830041973973,41.97657044891529],[19.152328100000048,41.9828774],[19.14158020000005,42.0437208],[19.07423487405431,42.08861257542199],[19.09127127390103,42.09779035669495],[19.06101430000005,42.13376969999998],[19.025349135294032,42.13938031618272],[19.03022229546283,42.642025436462546],[18.97212819968515,42.908944254900774],[18.79989047009846,43.16169972013582],[18.803697607707722,43.41106723354698],[18.906490323159638,43.5176670866082],[19.201543487882617,43.68898827902795],[19.301417352624025,43.61393461090105],[19.699977071100577,43.60203730587191],[19.86059068899417,43.41168042540545],[20.03310161191683,42.99527474938522],[20.324585585131057,42.83466113149163],[20.390020762791394,42.870353046579055],[20.54062839951915,42.807667496626145],[20.419650009524496,42.71921017921073],[20.48151599567604,42.51933545472099],[20.605247967979206,42.45271054655771],[20.662355032119123,42.357532106324506],[20.70994425223575,42.176693069881345],[20.70994425223575,42.07675570763646],[20.619524734014195,41.94826481332164],[20.434635656650688,41.87613492297627],[19.569087241066057,41.651995878348885]],[[19.434023500000045,41.87873219999999],[19.434755500000023,41.878880600000066],[19.434613500000047,41.87911479999999],[19.434023500000045,41.87873219999999]]]]}},{"type":"Feature","properties":{"Id":270,"Name":"Mysia I","Diocese":"Illyrikon"},"geometry":{"type":"Polygon","coordinates":[[[19.349799000299015,44.975579075395956],[19.64056986132175,44.92060818643802],[19.707194769485,44.92060818643802],[19.70481530847917,44.830188668216465],[19.759542911613266,44.751666455024065],[19.964176558114673,44.756425377035725],[19.978453324149655,44.65172909277919],[20.235435112779328,44.749286994018235],[20.380582234134977,44.77308160407654],[20.400601477940597,44.86158666270103],[20.61247413782786,44.93081915104341],[20.655304435932806,44.80232825672857],[20.83614347237591,44.745221192588644],[21.045536040888976,44.740462270576984],[21.212098311297098,44.826122866786875],[21.38341950371688,44.87847100891514],[21.60708883826493,44.77853364667027],[21.635642370334892,44.71666766051868],[21.8402760168363,44.73094442655366],[22.097257805465972,44.55962323413388],[22.23526654380413,44.5691410781572],[22.220989777769148,44.669078440402075],[22.335203906049003,44.71666766051868],[22.444659112317197,44.78805149069359],[22.49852560379321,44.73818284265752],[22.352188751934648,44.59184599079896],[22.173729176497375,44.359848542730504],[22.132683474146802,44.184958158801976],[22.207636495830457,43.63351807070097],[22.285147438095407,43.54250368722796],[21.975817507337467,43.51870907716966],[21.790219548882703,43.36166465078486],[21.571309136346315,43.099923940143526],[21.561791292322994,42.98095088985201],[21.162041843343502,43.0666114860619],[20.862229756608883,43.0428168760036],[20.540628399519164,42.80766749662615],[20.39002076279138,42.870353046579055],[20.324585585131047,42.8346611314916],[20.034072125413616,42.99431289072828],[19.860590688994137,43.41168042540545],[19.69997707110059,43.602037305871875],[19.301417352624014,43.613934610901026],[19.20154348788259,43.68898827902791],[19.180038612318015,43.745847570139915],[19.241904598469603,43.80295463427984],[19.14196723622473,43.86957954244309],[19.23238675444628,43.969516904687964],[19.479850699052633,43.94572229462966],[19.589305905320828,44.03138289083955],[19.479850699052633,44.059936422909516],[19.408466868877724,44.15035594113107],[19.37991333680776,44.14559701911941],[19.241904598469603,44.288364679469225],[19.113413704154766,44.293123601480886],[19.089619094096463,44.46444479390067],[19.199074300364657,44.521551858040596],[19.170520768294693,44.63576598632045],[19.337083038702815,44.8594353208685],[19.349799000299015,44.975579075395956]]]}},{"type":"Feature","properties":{"Id":227,"Name":"Palaia Epeiros","Diocese":"Illyrikon"},"geometry":{"type":"MultiPolygon","coordinates":[[[[19.901285779727697,39.41589649999998],[19.903263879727717,39.416428700000026],[19.902951079727707,39.4152698],[19.901285779727697,39.41589649999998]]],[[[19.903586879727644,39.416945400000046],[19.90423287972764,39.41797870000001],[19.904584079727726,39.416698],[19.903586879727644,39.416945400000046]]],[[[19.84170247972768,39.5352403],[19.84282907570694,39.53517390468856],[19.841706779727726,39.53498370000004],[19.84170247972768,39.5352403]]],[[[19.82976557972769,39.5687102],[19.8293667797277,39.567679200000065],[19.82911647972762,39.568751900000045],[19.82976557972769,39.5687102]]],[[[19.91836217972772,39.58576960000006],[19.917858479727684,39.58680570000005],[19.91868477972769,39.5867547],[19.91836217972772,39.58576960000006]]],[[[20.111402979727682,39.36031159999999],[19.868901479727636,39.456369700000025],[19.830545787383766,39.57439044860822],[19.741178209800115,39.624760307851766],[19.720727479727667,39.65364060000004],[19.729560424714247,39.67411298153587],[19.67341373393168,39.68025187249515],[19.682290680486023,39.71434789163102],[19.664345479727697,39.7221269],[19.656918079727674,39.71043160000008],[19.65358917972768,39.71064990000008],[19.6556326797277,39.73378370000001],[19.628365903884443,39.752454310396985],[19.641088579727704,39.75466989999998],[19.67405927972773,39.799062200000016],[19.794770879727707,39.7900817],[19.847481879727724,39.822235300000045],[19.896129879727717,39.793524200000014],[19.948218679727677,39.785761500000014],[19.955237079727688,39.7661565],[19.93101087972769,39.73449119999995],[19.84421367972773,39.70631680000005],[19.84153167972768,39.67638220000006],[19.851630779727724,39.66774860000005],[19.858500979727705,39.6694921],[19.862767979727707,39.66468690000005],[19.84095307972767,39.65867],[19.9331543797277,39.624317499999975],[19.92493877972773,39.59372749999997],[19.90121497972772,39.599029900000026],[19.915530179727668,39.58671070000005],[19.912652979727685,39.54845319999998],[19.937554473737087,39.472291747961414],[20.000731679727693,39.4573871],[20.01890007972772,39.4335173],[20.071224279727666,39.460878499999986],[20.122404692249773,39.37984853894832],[20.111402979727682,39.36031159999999]]],[[[19.728172375104965,39.636080423668766],[19.726778479727713,39.63572520000005],[19.727754058784406,39.63663686283818],[19.728172375104965,39.636080423668766]]],[[[19.928181479727655,39.64490390000006],[19.919249679727717,39.640055],[19.916895579727715,39.6397785],[19.928181479727655,39.64490390000006]]],[[[19.91064967972768,39.64400810000007],[19.910418179727685,39.64400359999998],[19.910387279727708,39.64403929999998],[19.91064967972768,39.64400810000007]]],[[[19.924941579727655,39.646335],[19.924882679727762,39.646346900000054],[19.92493227972772,39.64638760000007],[19.924941579727655,39.646335]]],[[[19.924730579727672,39.646380400000055],[19.92468717972771,39.646323],[19.924705779727613,39.64640909999996],[19.924730579727672,39.646380400000055]]],[[[19.92501917972769,39.646519],[19.92507197972766,39.64647120000004],[19.924985079727694,39.64648549999997],[19.92501917972769,39.646519]]],[[[19.880404679727654,39.6478144],[19.880656879727674,39.64998610000003],[19.882997979727627,39.6483991],[19.880404679727654,39.6478144]]],[[[19.694958679727723,39.667726499999944],[19.695608479727667,39.668504],[19.695950379727716,39.66799429999997],[19.694958679727723,39.667726499999944]]],[[[19.990074956252354,39.68521643529445],[19.989939779727727,39.6858486000001],[19.99059637972773,39.685453499999966],[19.990074956252354,39.68521643529445]]],[[[19.635220079727667,39.731748],[19.636041879727678,39.72379750000007],[19.634702079727706,39.72429529999997],[19.635220079727667,39.731748]]],[[[19.636212579727673,39.732016399999985],[19.636767018590426,39.73244039675914],[19.63642475978264,39.73188472907138],[19.636212579727673,39.732016399999985]]],[[[19.63617187972773,39.73407],[19.636006443462016,39.73476537876692],[19.6363106735134,39.73432670891868],[19.63617187972773,39.73407]]],[[[19.51248251806531,39.74615963876585],[19.513452397863386,39.74647449828341],[19.513547469754425,39.746167481852126],[19.51248251806531,39.74615963876585]]],[[[19.58964057972767,39.764858],[19.588701179727718,39.76237230000002],[19.58723347972772,39.76467250000001],[19.58964057972767,39.764858]]],[[[19.589414179727637,39.768541],[19.59642327972764,39.767388599999975],[19.592338879727688,39.76346069999997],[19.589414179727637,39.768541]]],[[[19.5361212999511,39.760210819361],[19.50794199144494,39.77915169330073],[19.50936557972772,39.7847636],[19.5361212999511,39.760210819361]]],[[[19.49712974256922,39.77098844966307],[19.4959710233055,39.77316482965018],[19.496587832790258,39.77333405211937],[19.49712974256922,39.77098844966307]]],[[[19.59314587972765,39.772843200000025],[19.593473379727673,39.773104],[19.593478479727636,39.77284740000001],[19.59314587972765,39.772843200000025]]],[[[19.991138579727682,39.77345620000005],[19.99278167972768,39.77328790000008],[19.993019379727734,39.77282330000001],[19.991138579727682,39.77345620000005]]],[[[19.991363179727642,39.77424660000006],[19.990678979727722,39.77536840000006],[19.991576079727636,39.775639499999976],[19.991363179727642,39.77424660000006]]],[[[19.99478937972767,39.778528],[19.994972379727674,39.778316700000026],[19.99483207972773,39.77819210000002],[19.99478937972767,39.778528]]],[[[19.943069379727646,39.787660600000024],[19.943078979727698,39.78770469999997],[19.94311237972772,39.787695500000055],[19.943069379727646,39.787660600000024]]],[[[19.942040279727696,39.78864590000005],[19.94201407972762,39.78870640000004],[19.942073779727625,39.78866420000006],[19.942040279727696,39.78864590000005]]],[[[19.95875707972768,39.79234670000008],[19.959360879727644,39.792947700000056],[19.959608379727694,39.79225540000004],[19.95875707972768,39.79234670000008]]],[[[19.672726448246703,39.7993930193062],[19.672728907375788,39.79843148314167],[19.672460246951786,39.79940762786707],[19.672726448246703,39.7993930193062]]],[[[19.67382907972764,39.799471200000056],[19.673271616883397,39.80009782962256],[19.673639138400755,39.800474044429244],[19.67382907972764,39.799471200000056]]],[[[19.8688498797276,39.81735589999999],[19.869818679727707,39.81640080000004],[19.869309279727684,39.81638550000007],[19.8688498797276,39.81735589999999]]],[[[19.863037179727637,39.817494],[19.86313643163438,39.81782655381332],[19.863288546660087,39.817709716546865],[19.863037179727637,39.817494]]],[[[19.37447007972768,39.84573240000002],[19.374986408140266,39.84616649195883],[19.375271623813386,39.8458307228399],[19.37447007972768,39.84573240000002]]],[[[19.410258079718435,39.83927559676795],[19.376925874717514,39.84080858876885],[19.37426647972769,39.86139230000003],[19.43128798201798,39.866309633912074],[19.410258079718435,39.83927559676795]]],[[[19.433880179727723,39.86036820000004],[19.434169779727732,39.86034890000006],[19.434043879727614,39.8602329],[19.433880179727723,39.86036820000004]]],[[[19.572475479727675,39.895178],[19.597290679727717,39.88562410000006],[19.576388279727684,39.8758934],[19.572475479727675,39.895178]]],[[[20.256990779727687,39.128594],[20.256591679727677,39.129008],[20.256937679727695,39.128962700000066],[20.256990779727687,39.128594]]],[[[20.254484979727685,39.13002040000006],[20.255276679727668,39.129784800000024],[20.254942579727732,39.1294471],[20.254484979727685,39.13002040000006]]],[[[20.247941079727692,39.12951060000002],[20.2486150797277,39.13037770000001],[20.249132379727683,39.130852300000015],[20.25140787972769,39.13045440000003],[20.247941079727692,39.12951060000002]]],[[[20.22185957972771,39.16278530000001],[20.252458065272545,39.14020081188986],[20.210273953419758,39.15488932709072],[20.22185957972771,39.16278530000001]]],[[[20.21633877972769,39.1505363],[20.214646279727713,39.14983550000007],[20.213961479727683,39.15137430000003],[20.21633877972769,39.1505363]]],[[[20.2122381797277,39.1779616],[20.21416677972767,39.181109500000105],[20.215848079727703,39.17969230000004],[20.2122381797277,39.1779616]]],[[[20.211195179727618,39.17778459999999],[20.205858979727726,39.18503320000006],[20.211666479727686,39.18258110000002],[20.211195179727618,39.17778459999999]]],[[[20.152249879727602,39.1956039],[20.151594383522642,39.19521360044319],[20.1515898797277,39.19559920000001],[20.152249879727602,39.1956039]]],[[[20.188574379727715,39.19720319999997],[20.191316479727686,39.20256260000002],[20.192407579727675,39.2020361],[20.188574379727715,39.19720319999997]]],[[[20.193230779727703,39.20353660000007],[20.196451079727606,39.20445330000001],[20.194019279727733,39.20228850000006],[20.193230779727703,39.20353660000007]]],[[[20.196288579727685,39.20553389999998],[20.196495279727685,39.20538910000005],[20.196061979727673,39.20557249999997],[20.196288579727685,39.20553389999998]]],[[[20.186972179727704,39.19647720000006],[20.20614007972768,39.17818530000005],[20.163183171419828,39.18447605017699],[20.126431421892903,39.23770627779162],[20.16312447972773,39.229159100000025],[20.186972179727704,39.19647720000006]]],[[[20.12919646461697,39.21835221304235],[20.128865687861076,39.21840714934947],[20.129194079727753,39.218546600000046],[20.12919646461697,39.21835221304235]]],[[[20.125369379727683,39.23593560000001],[20.125021179727703,39.2363984],[20.125632979727726,39.2361459],[20.125369379727683,39.23593560000001]]],[[[20.400675679727634,39.27999420000006],[20.40080547972771,39.279456],[20.40062897972771,39.27957149999997],[20.400675679727634,39.27999420000006]]],[[[20.400332179727723,39.27967610000007],[20.400452879727673,39.28],[20.400396579727662,39.27965530000004],[20.400332179727723,39.27967610000007]]],[[[20.401244479727616,39.280619900000055],[20.401144179727673,39.28076440000002],[20.4012789797277,39.28079260000004],[20.401244479727616,39.280619900000055]]],[[[20.403949079727628,39.28120540000005],[20.40392227972772,39.281413],[20.404077879727712,39.28138180000004],[20.403949079727628,39.28120540000005]]],[[[20.401827179727697,39.28074440000003],[20.402595679727675,39.282261],[20.40353957972769,39.28182490000006],[20.401827179727697,39.28074440000003]]],[[[20.3387003797277,39.28658620000006],[20.338763979727695,39.28661080000001],[20.33875567972765,39.2865797],[20.3387003797277,39.28658620000006]]],[[[20.33839367972771,39.28669249999995],[20.338460779727672,39.2866212],[20.33835687972769,39.28648110000011],[20.33839367972771,39.28669249999995]]],[[[20.275653579727678,39.366856],[20.275429479727745,39.367134900000046],[20.275760279727688,39.36713680000005],[20.275653579727678,39.366856]]],[[[20.274638667445178,39.371334285288626],[20.273830556371262,39.37173850895172],[20.275165579727716,39.37137750000003],[20.274638667445178,39.371334285288626]]],[[[20.271212279727678,39.3862508],[20.273012165819008,39.385651069558804],[20.272199764045027,39.38464887116113],[20.271212279727678,39.3862508]]],[[[20.235352279727707,39.394341],[20.236927279727684,39.39557019999999],[20.23626819967637,39.39392400910835],[20.235352279727707,39.394341]]],[[[20.24142917972771,39.396679900000045],[20.241770079727704,39.397058],[20.241828279727724,39.3966942],[20.24142917972771,39.396679900000045]]],[[[20.233407079727716,39.3950412],[20.23066907972764,39.399735500000034],[20.238523679727628,39.39908530000007],[20.233407079727716,39.3950412]]],[[[20.225197799110816,39.39928366799064],[20.20819767638738,39.40748956737602],[20.22121537972769,39.40538220000005],[20.225197799110816,39.39928366799064]]],[[[20.228297179727715,39.40092120000002],[20.221404979727705,39.4101263],[20.232365579727716,39.407911300000045],[20.228297179727715,39.40092120000002]]],[[[20.212010779727677,39.448227700000054],[20.208366379727718,39.44813119999998],[20.206191979727695,39.45010310000007],[20.212010779727677,39.448227700000054]]],[[[20.2131388530725,39.49467053292113],[20.212995340722536,39.49311902935823],[20.211940958947153,39.49401455568213],[20.2131388530725,39.49467053292113]]],[[[20.154066179727675,39.510841800000115],[20.15940257972768,39.508184600000035],[20.15309187972768,39.50916609999999],[20.154066179727675,39.510841800000115]]],[[[20.182061385033855,39.62610178361412],[20.181918777197247,39.62385003099787],[20.18065907464091,39.62594617705044],[20.182061385033855,39.62610178361412]]],[[[20.10482261278119,39.65466204967432],[20.105235707781926,39.65519223529611],[20.105435358753137,39.654764038885716],[20.10482261278119,39.65466204967432]]],[[[20.00695625788379,39.69046596183214],[20.005290807081447,39.6900062675043],[20.00509648494279,39.69078913218225],[20.00695625788379,39.69046596183214]]],[[[19.99571537972772,39.77346359999997],[19.996229379727644,39.7728725],[19.995591179727636,39.77263049999996],[19.99571537972772,39.77346359999997]]],[[[19.995981479727636,39.77614520000003],[19.99718007972768,39.774073100000045],[19.99485777972771,39.77533330000003],[19.995981479727636,39.77614520000003]]],[[[20.00457967972767,39.805660699999976],[20.004882079727683,39.80548649999999],[20.004570879727698,39.80561010000008],[20.00457967972767,39.805660699999976]]],[[[20.751636879727673,38.3353549],[20.7475122797277,38.333881700000035],[20.74968307972768,38.3374084],[20.751636879727673,38.3353549]]],[[[20.71307366052858,38.367898160564735],[20.71312668288004,38.36850334473197],[20.713344615418027,38.36812178110151],[20.71307366052858,38.367898160564735]]],[[[20.698904379727686,38.37515],[20.699720979727697,38.37540000000011],[20.699704379727642,38.374633300000056],[20.698904379727686,38.37515]]],[[[20.648286920375046,38.50349753769261],[20.678262852557758,38.4894862872249],[20.66349207972769,38.45914770000004],[20.69252387127893,38.46067481166472],[20.710055591362828,38.434596756679184],[20.67453475623975,38.36525999255935],[20.719410288287865,38.36457476979122],[20.702046257183508,38.384443624228645],[20.7357135345699,38.387223155033304],[20.75640267487298,38.36461831331054],[20.736207919077913,38.364927056850156],[20.74846831023949,38.354002253895366],[20.738125983805254,38.33986858880028],[20.76597987634252,38.31900131470071],[20.722785254199007,38.30031076803509],[20.69152427972765,38.3214515],[20.6420346797277,38.43997550000009],[20.61512963052149,38.46612363947259],[20.624023600317283,38.47934141535253],[20.646832320442027,38.46749734030989],[20.648286920375046,38.50349753769261]]],[[[20.675439524980295,38.48039774168742],[20.67543503342345,38.47965310471478],[20.675000579727715,38.48039659999996],[20.675439524980295,38.48039774168742]]],[[[20.816101779727674,38.502535300000034],[20.82226992973469,38.47885817662447],[20.796889379727606,38.47694669999996],[20.816101779727674,38.502535300000034]]],[[[20.719503925914697,38.54206799111422],[20.719386497451378,38.54276055995213],[20.720085275850614,38.54244824791563],[20.719503925914697,38.54206799111422]]],[[[20.716119679559608,38.538331100320306],[20.699421400331723,38.54583899173952],[20.710421708440457,38.567913805969425],[20.71854511121566,38.56122917397301],[20.721740739333885,38.561507820312805],[20.716119679559608,38.538331100320306]]],[[[20.85651392844231,38.561743677676446],[20.856301560676595,38.56115201713565],[20.855075000890388,38.561447294161255],[20.85651392844231,38.561743677676446]]],[[[20.71894441315795,38.56161946184198],[20.718994153828014,38.56164658537537],[20.71898719550895,38.56161946184198],[20.71894441315795,38.56161946184198]]],[[[20.546623879727655,38.56211060000007],[20.547194979727603,38.561926599999985],[20.54647647972767,38.56205179999998],[20.546623879727655,38.56211060000007]]],[[[20.850796765793273,38.56482599149743],[20.854936088644127,38.56239927679354],[20.85062563638933,38.56109045876639],[20.850796765793273,38.56482599149743]]],[[[20.807164979727713,38.58190529999999],[20.79264857972768,38.58364330000005],[20.78620577972771,38.58688289999998],[20.807164979727713,38.58190529999999]]],[[[20.770056079727706,38.59234880000004],[20.77186857972769,38.591956600000046],[20.771800279727692,38.591655],[20.770056079727706,38.59234880000004]]],[[[20.548035879727614,38.594619],[20.549013979727697,38.59545460000003],[20.54941187972767,38.59526949999997],[20.548035879727614,38.594619]]],[[[20.779604779727695,38.672971221872054],[20.805043779727686,38.6727591218447],[20.80408907972772,38.653025],[20.764177028889463,38.64648274663097],[20.75305361763699,38.62607897228328],[20.811701879727686,38.58979170000009],[20.765509979727632,38.61155110000005],[20.73585748934405,38.638353494742525],[20.741875879727694,38.668533599999975],[20.763233279727725,38.65912520000002],[20.78532172428231,38.66337711144125],[20.779604779727695,38.672971221872054]]],[[[20.733465879727696,38.654849299999974],[20.73602227972774,38.6596092],[20.73485397972761,38.6550693],[20.733465879727696,38.654849299999974]]],[[[20.80793617972771,38.67403752201027],[20.807693579727612,38.67363152195771],[20.807185175601628,38.673802450671644],[20.80793617972771,38.67403752201027]]],[[[20.803103679727652,38.674690522094984],[20.80205387972768,38.67560792221392],[20.802926079727694,38.675572822209254],[20.803103679727652,38.674690522094984]]],[[[20.74828227972767,38.68769822378111],[20.740250979727705,38.69713309999999],[20.75431757972768,38.696846824967324],[20.74828227972767,38.68769822378111]]],[[[20.736066579727694,38.6934111],[20.736652279727682,38.6924247],[20.736642379727645,38.692073500000014],[20.736066579727694,38.6934111]]],[[[20.538647179727636,38.69664310000004],[20.538730679727678,38.694777],[20.536862579727725,38.6955628],[20.538647179727636,38.69664310000004]]],[[[20.556130479727685,38.67540780000002],[20.600669279727697,38.78131940000006],[20.646573179727703,38.83177160000006],[20.71202243231789,38.83463007257434],[20.733210479727692,38.73076090000006],[20.699309779727724,38.690749300000036],[20.698622979727716,38.6802015],[20.709471079727685,38.677727],[20.714513379727723,38.705092],[20.725777079727653,38.6948094],[20.711511539743427,38.67214932496592],[20.722329479727662,38.626042500000054],[20.69489440705953,38.63938885417367],[20.700502087817732,38.618418468451345],[20.681613806806585,38.62469213578309],[20.684029179727695,38.60381740000005],[20.652686379727765,38.60873570000002],[20.64089497972762,38.57884250000007],[20.59505317972769,38.63202740000008],[20.571113779727668,38.588295],[20.54126667972772,38.56071210000007],[20.551563659805495,38.5772544309363],[20.556130479727685,38.67540780000002]]],[[[20.743362879727638,38.697993725116184],[20.744908079727665,38.702672725722834],[20.747912279727633,38.702360625682495],[20.743362879727638,38.697993725116184]]],[[[20.725467079727707,38.70529140000005],[20.722915279727687,38.708159],[20.726857579727696,38.70836070000003],[20.725467079727707,38.70529140000005]]],[[[20.7441877797277,38.71305062706896],[20.73509837972772,38.7099014000001],[20.747606379727653,38.71983822794949],[20.7441877797277,38.71305062706896]]],[[[20.723977479727708,38.71511980000006],[20.725674379727675,38.7159421],[20.7249163797276,38.71482040000008],[20.723977479727708,38.71511980000006]]],[[[20.79438647972767,38.75241843217802],[20.793372679727703,38.753993432382586],[20.794634479727648,38.754189232407896],[20.79438647972767,38.75241843217802]]],[[[20.817342779727657,38.76653493401107],[20.81693367972767,38.767240934102716],[20.81768017972768,38.767947534194484],[20.817342779727657,38.76653493401107]]],[[[20.82066587972768,38.76781203417694],[20.82116487972771,38.768899634318196],[20.82096997972772,38.767321334113234],[20.82066587972768,38.76781203417694]]],[[[20.838226779727698,38.962559300000045],[20.840199979727668,38.962818800000015],[20.83921447972773,38.96217490000004],[20.838226779727698,38.962559300000045]]],[[[20.873960179727646,38.96491550000007],[20.871824679727695,38.96362890000006],[20.8711629797277,38.96568280000006],[20.873960179727646,38.96491550000007]]],[[[20.6974502797277,38.99944320000004],[20.6972435797277,38.9996561],[20.697467779727706,38.9996],[20.6974502797277,38.99944320000004]]],[[[20.494485056713202,39.20763489096529],[20.495397746867255,39.20753175648712],[20.495644933784,39.207207618569555],[20.494485056713202,39.20763489096529]]],[[[20.417071879727697,39.27039290000004],[20.417162379727706,39.27086350000001],[20.41748787972768,39.27040050000005],[20.417071879727697,39.27039290000004]]],[[[20.405855779727673,39.280976600000024],[20.40589657972769,39.28072410000002],[20.405753879727673,39.2807057],[20.405855779727673,39.280976600000024]]],[[[20.404761479727703,39.28138960000002],[20.40527467972765,39.28160529999995],[20.40530867972767,39.281479],[20.404761479727703,39.28138960000002]]],[[[21.115472000411366,38.44804792966932],[21.09176775822757,38.466337133786574],[21.106670277149128,38.48074332363982],[21.083674217831533,38.4728795110168],[21.07321685548715,38.484058833214924],[21.1012015390898,38.48646384862225],[21.08359870598938,38.49254227096935],[21.096117979727723,38.532125500000056],[21.026712917986423,38.50365629367627],[21.008683279727695,38.53440330000006],[21.01486507972767,38.53567750000001],[21.023687279727667,38.6043876],[20.98927836088686,38.6451935872616],[20.988368179727637,38.669963400000135],[20.91454544611758,38.67386373670551],[20.875554086802083,38.79177348376098],[20.848173382180736,38.79485789973551],[20.804490679727706,38.759020733035236],[20.772135579727728,38.754611932462794],[20.754181079727687,38.78639563659101],[20.730448379727665,38.7941711],[20.727959379727665,38.81487239999996],[20.751514467724885,38.857926125175005],[20.8011615956457,38.86780776026336],[20.75390660940612,38.90581815210279],[20.764273379727673,38.95781090000001],[20.81010117972766,38.91821450000005],[20.840204758743177,38.92093871041453],[20.86295487972766,38.95732620000007],[20.87532867972767,38.9348682],[20.864267900016625,38.93287982945512],[20.883294079727705,38.924494],[20.868858179727603,38.91732350000007],[20.908025704967628,38.92203693798546],[20.919420589510864,38.94843266182851],[20.94422568474851,38.932502426343476],[20.97911622989887,38.94524953556746],[20.996447849795953,38.92063430108083],[21.02386057972771,38.927087900000046],[21.019253979727726,38.89716430000005],[21.081972779727693,38.862537200000055],[21.098481679727712,38.91341],[21.15030757972767,38.89336060000002],[21.174334475894263,38.86668390195259],[21.165782979727616,38.906053100000065],[21.13979867972766,38.9228302],[21.15355573896833,38.993291693128185],[21.118498879727717,39.04074639999998],[21.082407085206263,39.046030230656775],[21.075515779727674,39.023515300000014],[21.06192807972764,39.0420599],[21.051196779727697,39.01770940000008],[21.038218879727708,39.0223546],[21.054360825578257,39.01490115448615],[21.018851526041633,39.012795926308634],[20.954676379727633,39.0366287],[20.92220907972763,39.00425120000005],[20.897241479727676,39.0314745],[20.831593279727613,39.03438409999998],[20.816995679727672,39.058703],[20.79618917972769,39.06102189999997],[20.762244979727722,39.035629800000045],[20.755672033900794,39.006995908283386],[20.83129212404889,38.95991613824752],[20.7585145286731,38.97205717130687],[20.758328455907215,38.984131510654414],[20.75698330148673,38.95066785321151],[20.727022279727677,38.9495987],[20.699953790055257,38.9974369492814],[20.714875979727736,39.01291770000005],[20.705136779727674,39.048377200000076],[20.578630579727708,39.13659730000004],[20.531791266759754,39.18956194564018],[20.47511637972765,39.21900670000002],[20.47781197972771,39.27617410000007],[20.463178379727697,39.269928700000015],[20.44124226902713,39.28232980533144],[20.340472079727608,39.2838216],[20.33476977972767,39.29443550000002],[20.287406822412677,39.326171451338446],[20.281514751335482,39.37965034860937],[20.26368638559661,39.396494583534796],[20.230993879727674,39.40138650000005],[20.23990187972761,39.4087198],[20.21351217972765,39.44537140000004],[20.27358544915218,39.44499070460161],[20.212795689751356,39.491981830467154],[20.256256579727683,39.483551],[20.260919298401053,39.50875958750186],[20.17364853137448,39.512859029479074],[20.156283795827857,39.523121063862774],[20.203040006491506,39.51871181242206],[20.16737140976817,39.53632494307826],[20.13872803159373,39.531577216569076],[20.164489879727707,39.5539307],[20.1874804828234,39.62445416694085],[20.113451163648445,39.65978970324473],[20.104717931034063,39.65886106185023],[20.10172928551534,39.65030965791273],[20.060200152993264,39.6834034337756],[20.02363550369679,39.677641382031936],[20.01957697972766,39.691464500000016],[20.003984143817558,39.69470663366368],[19.99971437972769,39.68590239999996],[19.98304931340912,39.68928571824473],[19.99941277972769,39.7428635],[20.023406579727713,39.742829],[20.050988979727673,39.757913600000045],[20.050755079727708,39.80265860000002],[20.014841679727663,39.812942],[20.02114387972764,39.76995369999998],[20.006024679727666,39.76841660000004],[20.023148279727707,39.76568320000003],[20.023931479727697,39.745276099999984],[19.994933379727694,39.74371250000005],[20.000096579727728,39.75067040000005],[19.995554174889122,39.755566023257174],[19.97707094971547,39.74463399288248],[19.984254749070203,39.769132146208854],[19.996447579727676,39.766089400000055],[20.007808179727718,39.77956580000004],[19.993864879727678,39.7988621],[20.003151179727695,39.80152750000001],[20.01366337972769,39.81878560000006],[20.019993079727683,39.85892350000003],[19.95531098313011,39.89638210095853],[19.91462496735677,39.90061611930189],[19.937099962400165,39.942121894832965],[19.864153257948136,40.0366470834848],[19.836534479727707,40.0513308],[19.796463679727637,40.04685549999997],[19.79132977972769,40.06790940000002],[19.776764479727674,40.07126080000003],[19.777033079727705,40.05763960000004],[19.767895479727716,40.0797935],[19.7489265797277,40.0795035],[19.751256179727694,40.098738099999984],[19.657513879727606,40.1260004],[19.47321257972768,40.21373069999997],[19.379688663717612,40.29869896479548],[19.363906729803734,40.35126616920268],[19.289656815020777,40.42157031618245],[19.320002579727667,40.438645],[19.341354354744222,40.43316159088007],[19.400200424211263,40.3845683333754],[19.419433279727656,40.3223565],[19.464795879632792,40.332286201582875],[19.605264342274772,40.25801468782998],[19.919353195044405,40.286568219900005],[20.3191026440239,40.25087630481249],[20.518977368513628,40.3222601349874],[20.72445869799842,40.30643671929877],[20.838672826278255,40.24932965515882],[20.88626204639478,40.09228522877405],[21.003609131665637,39.89605901116011],[21.057147004296866,39.76994757785109],[21.180878976600027,39.66287183258874],[21.286764991359448,39.59505719392258],[21.33197475047026,39.47727387413399],[21.444999148247188,39.33093702227541],[21.456896453276293,39.25955319210049],[21.391461275616027,39.20482558896644],[21.40692777215392,39.06086819811365],[21.44261968724134,38.97996652391547],[21.520618419012465,38.9198296127615],[21.50560455999338,38.82393247957997],[21.434220729818406,38.7929994865042],[21.31524767952691,38.78110218147502],[21.356888247128932,38.703769698785514],[21.270632785667615,38.59074530100854],[21.312346815022558,38.499720316182064],[21.30106241108255,38.48048833726864],[21.346127207260693,38.4353895966727],[21.332709466814627,38.38890710222569],[21.241995212013844,38.34626085314118],[21.1826464621411,38.34761790986691],[21.141946930339685,38.387428068995625],[21.126572479727713,38.385745900000025],[21.122754435241195,38.413945363483805],[21.15056534016965,38.405910863650384],[21.2075246281036,38.48461292810709],[21.17016134047905,38.50721870157687],[21.160906053019637,38.46069538045518],[21.14232980963195,38.44769053196506],[21.115472000411366,38.44804792966932]],[[21.121689702085792,38.44912011216224],[21.121452022358145,38.44912011216224],[21.121509859548166,38.449115417308825],[21.121689702085792,38.44912011216224]]],[[[21.115650909154258,38.31772074399561],[21.119922623945296,38.30524197073265],[21.098857152257406,38.28239199703747],[21.093057708059607,38.299396409403755],[21.115650909154258,38.31772074399561]]],[[[21.16356603777718,38.32435605931441],[21.162363774488337,38.30788641607483],[21.138286818080815,38.31471218355813],[21.125566199058813,38.34587315749589],[21.16356603777718,38.32435605931441]]],[[[21.052635079727704,38.35164110000002],[21.056057879727604,38.34958470000006],[21.05654637972773,38.3480433],[21.052635079727704,38.35164110000002]]],[[[21.02808055962075,38.362828097289636],[21.04880240765721,38.35151415094342],[21.04969687972764,38.34766070000001],[21.02808055962075,38.362828097289636]]],[[[20.990156747789662,38.365541288876436],[21.000594832768158,38.36990927614163],[20.999641573383492,38.362816184677015],[20.990156747789662,38.365541288876436]]],[[[21.09146934956451,38.36297695206517],[21.09771529624808,38.38349816867379],[21.103484059795516,38.38514148454977],[21.09146934956451,38.36297695206517]]],[[[21.087191671291816,38.432160365099946],[21.10756290130639,38.41714690946809],[21.100617069372827,38.39309082109005],[21.08249148938297,38.4153476776551],[21.087191671291816,38.432160365099946]]],[[[21.02198132056835,38.42794183358884],[21.022810225110156,38.42133501476745],[21.018858208947503,38.42575213510946],[21.02198132056835,38.42794183358884]]],[[[21.02417035085969,38.431086616017886],[21.025917296857678,38.43178481733877],[21.02468136227404,38.430453574318186],[21.02417035085969,38.431086616017886]]],[[[21.02569150111648,38.43383283560008],[21.023305879727708,38.435383799999975],[21.02670164850374,38.435383043725096],[21.02569150111648,38.43383283560008]]],[[[21.026246679727688,38.44026340000003],[21.02749289138562,38.43942328062154],[21.025919836003634,38.43963737291502],[21.026246679727688,38.44026340000003]]],[[[21.06322816966582,38.4520039737965],[21.0720749259273,38.45750687844359],[21.07419205016123,38.45472628606489],[21.06322816966582,38.4520039737965]]],[[[21.037903980538832,38.464320279452565],[21.035348426303553,38.46017347446958],[21.035703928383164,38.46437006513953],[21.037903980538832,38.464320279452565]]],[[[21.045206379727674,38.47005179999997],[21.052377676715246,38.46035615781301],[21.042267951486444,38.45494598592779],[21.045206379727674,38.47005179999997]]],[[[21.017265529485357,38.46246694707067],[21.016978687562585,38.46599032908029],[21.01841993537252,38.46549200097127],[21.017265529485357,38.46246694707067]]],[[[21.013118719122513,38.46899447365049],[21.013273210945474,38.4686595106311],[21.013011763245125,38.46879907874497],[21.013118719122513,38.46899447365049]]],[[[21.01462565825918,38.47073566905274],[21.01673574636961,38.471626849880785],[21.016605133740924,38.47026747230993],[21.01462565825918,38.47073566905274]]],[[[21.002437503177823,38.468805356119326],[21.004193845350517,38.47613998073373],[21.00904029430373,38.471236413914724],[21.002437503177823,38.468805356119326]]],[[[21.037168035505278,38.47592235610819],[21.049715518914354,38.474140619778225],[21.04285333458984,38.47026553765602],[21.037168035505278,38.47592235610819]]],[[[21.00054546153159,38.47723779536299],[20.99942836681186,38.483935963087326],[21.003217217415237,38.476907715391356],[21.00054546153159,38.47723779536299]]],[[[21.017334850634427,38.490991036406434],[21.02892699527226,38.47211605672542],[21.00684397431342,38.484066199068344],[21.017334850634427,38.490991036406434]]],[[[20.96907817972767,38.482385],[20.970072892291782,38.48313268845322],[20.970289577207208,38.48204541860343],[20.96907817972767,38.482385]]],[[[21.030882595108544,38.49384659183071],[21.0301980751515,38.487663968953214],[21.027245379727653,38.49137560000004],[21.030882595108544,38.49384659183071]]],[[[21.037139479727696,38.50454980000003],[21.037364379727677,38.504901200000035],[21.03773607972768,38.50472969999998],[21.037139479727696,38.50454980000003]]],[[[20.902533679727636,38.565438],[20.902338379727727,38.56576530000001],[20.90263137972763,38.56570250000006],[20.902533679727636,38.565438]]],[[[20.919380179727657,38.571905300000076],[20.918299879727726,38.57203259999997],[20.91837387972772,38.57218690000001],[20.919380179727657,38.571905300000076]]],[[[20.93900387972767,38.60217220000003],[20.89997397972763,38.555474199999985],[20.90827297972767,38.54078129999992],[20.896519979727604,38.540780499999954],[20.898184079727677,38.56727070000002],[20.90305397972769,38.56331020000005],[20.93900387972767,38.60217220000003]]],[[[20.92503327972766,38.57435040000007],[20.92429827972771,38.57243370000004],[20.923893779727724,38.5732706],[20.92503327972766,38.57435040000007]]],[[[21.019523106226057,38.5863883004789],[21.0199628137221,38.5866662],[21.020081793229846,38.58644403080859],[21.019523106226057,38.5863883004789]]],[[[20.939981079727698,38.61024860000002],[20.94063127972767,38.606634800000016],[20.936555679727686,38.60720380000003],[20.939981079727698,38.61024860000002]]],[[[20.871868279727707,38.577463],[20.902713979727682,38.6466573],[20.960280279727705,38.65150249999997],[20.927973079727717,38.61528440000008],[20.885003379727646,38.6019151],[20.871868279727707,38.577463]]],[[[20.90040607972771,38.923991399999906],[20.899697879727636,38.9275099],[20.900460279727696,38.928291],[20.90040607972771,38.923991399999906]]],[[[20.91536725813586,38.985240771015974],[20.919096750161845,38.987403702868576],[20.92136659156066,38.985048168498565],[20.91536725813586,38.985240771015974]]],[[[20.927213512860032,38.989371206791624],[20.92670250144555,38.989823817327476],[20.926845109282226,38.989943897187814],[20.927213512860032,38.989371206791624]]],[[[20.920747994057926,38.99403446109758],[20.92124236789142,38.99503937109005],[20.921792679727652,38.99474890000007],[20.920747994057926,38.99403446109758]]],[[[20.925411579727673,38.995778600000016],[20.92447481218704,38.99684226207404],[20.925539617366734,38.99594082232367],[20.925411579727673,38.995778600000016]]],[[[20.930951640462357,38.999269328821825],[20.93100257972767,38.9998912],[20.931358017098805,38.999576066503145],[20.930951640462357,38.999269328821825]]]]}},{"type":"Feature","properties":{"Id":123,"Name":"Hellas","Diocese":"Illyrikon"},"geometry":{"type":"MultiPolygon","coordinates":[[[[21.89358730000002,36.6741557000001],[21.893566500000023,36.672357500000125],[21.893090600000026,36.672618000000114],[21.89358730000002,36.6741557000001]]],[[[21.884950600504624,36.70515386848873],[21.889618800000072,36.68960039999996],[21.882279400000048,36.689398200000106],[21.884950600504624,36.70515386848873]]],[[[21.77395110000002,36.700039],[21.74852120000002,36.71960310000008],[21.760429100000074,36.7578535],[21.7878483,36.740392400000026],[21.77395110000002,36.700039]]],[[[21.69466140000003,36.73374470000003],[21.694176100000057,36.7359818000001],[21.6962379,36.735333600000054],[21.69466140000003,36.73374470000003]]],[[[21.699990100000058,36.735992400000065],[21.701481,36.7367906],[21.701944099999988,36.73582970000007],[21.699990100000058,36.735992400000065]]],[[[21.744197500000055,36.75303950000004],[21.737675,36.757079300000015],[21.741640500000038,36.758552799999975],[21.744197500000055,36.75303950000004]]],[[[22.573457844624826,36.75474280103314],[22.574456099480816,36.7533145626218],[22.57158968196572,36.753371692668836],[22.573457844624826,36.75474280103314]]],[[[21.704718300000046,36.7560785],[21.704569,36.75659490000004],[21.705007300000016,36.75671260000011],[21.704718300000046,36.7560785]]],[[[21.70671749999998,36.75565960000008],[21.707043800000033,36.75820109999999],[21.709602700000026,36.757426100000096],[21.70671749999998,36.75565960000008]]],[[[21.9349915,36.761606399999984],[21.93514540000002,36.761216400000016],[21.934805900000075,36.7615058],[21.9349915,36.761606399999984]]],[[[21.69479370000008,36.737344],[21.692416400000074,36.77687270000004],[21.705083900000027,36.79580230000007],[21.726226900000047,36.78283660000007],[21.6999284,36.75876980000003],[21.69479370000008,36.737344]]],[[[21.719319998605645,36.805513991902664],[21.718868554528765,36.804795767305215],[21.7184319,36.805341200000086],[21.719319998605645,36.805513991902664]]],[[[22.2950319112908,36.81099274044888],[22.29487149999999,36.81073770000002],[22.29460305580893,36.81092263499162],[22.2950319112908,36.81099274044888]]],[[[21.697083579108114,36.82795932115142],[21.69725158330207,36.82576648561996],[21.696249422432082,36.82814143579328],[21.697083579108114,36.82795932115142]]],[[[21.696107389806855,36.8320080801474],[21.692475600000083,36.8322141],[21.696064852114773,36.833575066053996],[21.696107389806855,36.8320080801474]]],[[[22.23299647041081,36.878803370457334],[22.232953507315504,36.88152986769656],[22.233844900000044,36.88023600000015],[22.23299647041081,36.878803370457334]]],[[[21.672037,36.907471500000064],[21.6734616,36.90544920000012],[21.67230490000008,36.90482670000006],[21.672037,36.907471500000064]]],[[[21.67282020000001,36.90773890000005],[21.672640400000027,36.90804160000005],[21.6728525,36.907764],[21.67282020000001,36.90773890000005]]],[[[21.672292,36.90788129999998],[21.672442700000076,36.90815190000002],[21.67255650000003,36.908073500000064],[21.672292,36.90788129999998]]],[[[21.6724652,36.90851270000008],[21.672187,36.908436],[21.67223350000003,36.908595100000106],[21.6724652,36.90851270000008]]],[[[21.671589300000043,36.90951229999995],[21.67153060000003,36.909307700000056],[21.67137410000002,36.90927590000008],[21.671589300000043,36.90951229999995]]],[[[21.654399300000044,36.9489898],[21.67480250000004,36.92117670000007],[21.671325200000037,36.909493499999954],[21.654399300000044,36.9489898]]],[[[21.688067644312884,36.941939380420564],[21.688507351808926,36.94238579526871],[21.6883253,36.941045700000075],[21.688067644312884,36.941939380420564]]],[[[21.538316674556746,37.055795993448925],[21.560676463924572,37.05629254832804],[21.54977750000002,37.033478],[21.538316674556746,37.055795993448925]]],[[[21.00875190000005,37.24000380000002],[21.017751399999984,37.252063],[21.022074700000026,37.244383],[21.00875190000005,37.24000380000002]]],[[[21.0009392,37.256234100000036],[21.004843,37.260676900000064],[21.00340660000003,37.2555946],[21.0009392,37.256234100000036]]],[[[20.8144413,37.64768940000004],[20.814871644242693,37.648203901175954],[20.815180058383522,37.6474949218209],[20.8144413,37.64768940000004]]],[[[21.298814933761985,37.65992605090766],[21.300621299691823,37.65863150289987],[21.29851070371067,37.65951962547567],[21.298814933761985,37.65992605090766]]],[[[21.303728239921604,37.66685422997129],[21.30282505695672,37.66592104054708],[21.303148301386237,37.66698216631649],[21.303728239921604,37.66685422997129]]],[[[21.302192600000033,37.67422650000013],[21.300915700000083,37.67512210000007],[21.302867700000036,37.67510360000004],[21.302192600000033,37.67422650000013]]],[[[21.299744727686743,37.67800644061593],[21.29935493293345,37.67821712751858],[21.299811278010413,37.678089210541906],[21.299744727686743,37.67800644061593]]],[[[20.77805036738118,37.67964756505321],[20.777964802679243,37.681487252290225],[20.778532172583464,37.679936008858206],[20.77805036738118,37.67964756505321]]],[[[20.86654640000001,37.68498349999997],[20.87449050000005,37.684615500000014],[20.874101800000037,37.68148279999998],[20.86654640000001,37.68498349999997]]],[[[20.862509100000032,37.685517],[20.862184400000036,37.6862872],[20.8631542,37.68628829999996],[20.862509100000032,37.685517]]],[[[20.9488051,37.7014621],[20.94289520000005,37.70464360000006],[20.9518178,37.703501],[20.9488051,37.7014621]]],[[[20.865779400000015,37.713229],[20.8647172,37.71389470000002],[20.865976,37.7137136],[20.865779400000015,37.713229]]],[[[21.3093612,37.7193563],[21.309868616457884,37.71843481991498],[21.309241141976983,37.7192921451996],[21.3093612,37.7193563]]],[[[20.67063814487682,37.76963711764189],[20.671108750737513,37.770471304576276],[20.672252862702678,37.77064461957693],[20.67063814487682,37.76963711764189]]],[[[20.7417699,37.85931280000004],[20.904728100000014,37.80519429999999],[20.90022547196708,37.77585383858017],[20.9932239,37.72849560000007],[20.993448200000017,37.70306359999998],[20.919242918923995,37.73690186498807],[20.885387,37.732164700000055],[20.86250569919437,37.72086028744666],[20.8362798,37.68538670000006],[20.859528513061527,37.65619886187208],[20.815562,37.648222400000066],[20.758532566471455,37.70779902332198],[20.692437800000015,37.74377580000003],[20.697648852582386,37.760950252058336],[20.67030380000004,37.776203300000034],[20.678438793537172,37.789542308424686],[20.62966670000003,37.813983200000024],[20.62714470000003,37.85634429999999],[20.618519,37.862001299999974],[20.6399137,37.895410299999966],[20.699502399999986,37.933851900000064],[20.715331440857764,37.8898544368196],[20.7417699,37.85931280000004]]],[[[20.8846556,37.819499900000025],[20.8837168,37.81890260000005],[20.883766600000012,37.8197394],[20.8846556,37.819499900000025]]],[[[20.620097927596476,37.820685538018196],[20.619969440907855,37.818070374806375],[20.617319300000045,37.821008],[20.620097927596476,37.820685538018196]]],[[[20.625060680309158,37.84034047320774],[20.625682690578028,37.8407612029209],[20.62592217866349,37.84042970659069],[20.625060680309158,37.84034047320774]]],[[[20.627570300000034,37.87970120000002],[20.627503300000043,37.8795339],[20.6272855,37.879728700000044],[20.627570300000034,37.87970120000002]]],[[[20.724246,37.88562960000009],[20.723595400000015,37.886191199999985],[20.724401,37.8860503],[20.724246,37.88562960000009]]],[[[20.712502794749938,37.90656389068353],[20.710248400000044,37.90613420000003],[20.71036340000003,37.90664089999997],[20.712502794749938,37.90656389068353]]],[[[21.11989380000003,37.9408705000001],[21.12133523582849,37.94000102422408],[21.11917692729951,37.939319282289674],[21.11989380000003,37.9408705000001]]],[[[20.543272600000044,38.0859447],[20.54457730000003,38.085179],[20.5432758,38.085431],[20.543272600000044,38.0859447]]],[[[20.51850340000005,38.096634],[20.519476699999984,38.09689480000006],[20.519155300000048,38.0963797],[20.51850340000005,38.096634]]],[[[20.517196600000048,38.09765610000004],[20.5181683,38.09817370000002],[20.51817,38.0979169],[20.517196600000048,38.09765610000004]]],[[[20.57563068873693,38.101303730723664],[20.575174186075525,38.100945981617926],[20.575150418102755,38.10137616333619],[20.57563068873693,38.101303730723664]]],[[[20.48517059999998,38.122178599999984],[20.484515,38.122946300000024],[20.4851651,38.122949200000036],[20.48517059999998,38.122178599999984]]],[[[20.490756946722897,38.13057637409351],[20.489660644075038,38.13108994172524],[20.489658200000015,38.131445299999974],[20.490756946722897,38.13057637409351]]],[[[20.41917740000002,38.134709899999976],[20.4196009,38.13293200000011],[20.41859889999998,38.13447440000005],[20.41917740000002,38.134709899999976]]],[[[20.426754,38.13527310000005],[20.42127190000001,38.13234779999998],[20.41765280000001,38.13999120000008],[20.426754,38.13527310000005]]],[[[20.490001655684264,38.14306371177606],[20.4902299,38.14274960000006],[20.48967095059857,38.14314139593143],[20.490001655684264,38.14306371177606]]],[[[20.353076266042496,38.25006656415563],[20.35232757490047,38.24959992829942],[20.35226815496858,38.24994523912124],[20.353076266042496,38.25006656415563]]],[[[20.353891406021845,38.256739323310555],[20.355230100000018,38.25638660000005],[20.35379187787152,38.256248678057524],[20.353891406021845,38.256739323310555]]],[[[20.387623014451506,38.15023168303863],[20.341061555811486,38.17605805072739],[20.336747668755255,38.200306321266034],[20.356106682569553,38.22016782034285],[20.3571414,38.2612771],[20.3874804066149,38.274336829470464],[20.398545209339414,38.35491123712051],[20.4108902,38.3357469],[20.442383527323102,38.35692240281592],[20.44577135981274,38.32821374952175],[20.469505907642837,38.32613564463726],[20.47750160344947,38.30921171150925],[20.534171900000015,38.341481],[20.548199438428895,38.36230795613457],[20.5256162,38.38782230000005],[20.549060263538838,38.386272985172575],[20.536624860189956,38.469070927825676],[20.561595492373325,38.475367936319294],[20.582249700000048,38.4642879],[20.595572692257676,38.40416249899942],[20.611031381741835,38.40169268472088],[20.62765006921638,38.31871057085073],[20.59747959999999,38.301239899999985],[20.625548859504637,38.25882542145805],[20.648267552313783,38.25269982340903],[20.678213933549806,38.27988557065172],[20.672810200000043,38.26129770000008],[20.696084714152168,38.26304340351687],[20.71041113120267,38.226656753191925],[20.815991286096075,38.111952225872024],[20.786435811967053,38.05689506785728],[20.703580658920075,38.06859093199072],[20.619311311493767,38.1171321611241],[20.57639823667278,38.1042096883267],[20.567303899999988,38.088989099999964],[20.513279796891155,38.10011360525912],[20.487454791818603,38.12101218113247],[20.49565050000005,38.13481030000001],[20.46748150149265,38.191247230211424],[20.509794700000022,38.169227400000054],[20.437737785019376,38.28157621472734],[20.42155179556868,38.26725534074212],[20.439354007167104,38.226226972853794],[20.4402391,38.161316500000034],[20.387623014451506,38.15023168303863]]],[[[22.1684962,38.3342632],[22.1683649,38.334886499999975],[22.16929550000001,38.33448350000003],[22.1684962,38.3342632]]],[[[22.160081500000025,38.342636399999975],[22.16129259999998,38.343106700000064],[22.1607231,38.34191950000007],[22.160081500000025,38.342636399999975]]],[[[20.41282320682842,38.34515139361032],[20.411295915322004,38.34395798411157],[20.413144,38.34581780000003],[20.41282320682842,38.34515139361032]]],[[[21.445412500004835,38.32251782022978],[21.44570930203543,38.367590270700745],[21.44541250030718,38.32251782014025],[21.445412500004835,38.32251782022978]]],[[[22.1571405,38.34741480000002],[22.1572886,38.34687039999998],[22.156892800000037,38.34719930000002],[22.1571405,38.34741480000002]]],[[[22.123494791885356,38.355311317923885],[22.125396229706297,38.35599161318993],[22.123879950697464,38.3536041752059],[22.123494791885356,38.355311317923885]]],[[[22.09594879999998,38.359903400000015],[22.1019176,38.35849590000004],[22.0958605,38.35753490000005],[22.09594879999998,38.359903400000015]]],[[[20.545659371385238,38.35965061594243],[20.546048436893987,38.35942855763567],[20.545014530078813,38.35967084153394],[20.545659371385238,38.35965061594243]]],[[[22.0809338,38.36574920000007],[22.0807346,38.36508580000003],[22.080541100000033,38.36560979999997],[22.0809338,38.36574920000007]]],[[[22.075699600000018,38.36548580000003],[22.088536399999985,38.3560565],[22.0602856,38.37437509999997],[22.078187900000017,38.37263670000003],[22.075699600000018,38.36548580000003]]],[[[22.40195820000003,38.3787694],[22.40135740000004,38.3776528],[22.40068129999998,38.3784637],[22.40195820000003,38.3787694]]],[[[22.396355100000036,38.381760200000045],[22.396193799999985,38.38157580000008],[22.3962005,38.38172330000001],[22.396355100000036,38.381760200000045]]],[[[22.405189700000047,38.3841758],[22.401662800000025,38.38322850000007],[22.40116590000005,38.38552370000004],[22.405189700000047,38.3841758]]],[[[22.4242865,38.39135270000004],[22.42408720000002,38.39094450000002],[22.423984,38.391096300000065],[22.4242865,38.39135270000004]]],[[[22.4063311,38.39211559999995],[22.4061083,38.39100409999999],[22.40560510000003,38.39197050000005],[22.4063311,38.39211559999995]]],[[[21.321473157691553,38.459334810574916],[21.34588952753301,38.4353895966727],[21.33297091451494,38.38946598994733],[21.276361627401293,38.363421731500054],[21.324119135293188,38.39054031618258],[21.321473157691553,38.459334810574916]]],[[[22.4174393,38.4176546],[22.4181774,38.41809720000003],[22.418247262113162,38.41765224165698],[22.4174393,38.4176546]]],[[[22.421338899999988,38.419317399999976],[22.422654600000037,38.419815100000015],[22.422971,38.41929760000004],[22.421338899999988,38.419317399999976]]],[[[20.539177540464603,38.42260792233683],[20.539913765504295,38.422083202558774],[20.539020671844323,38.42210515418357],[20.539177540464603,38.42260792233683]]],[[[20.5980354,38.431213499999984],[20.597927100000025,38.43219080000006],[20.598690700000017,38.43098629999998],[20.5980354,38.431213499999984]]],[[[22.999226878432715,36.096546],[22.99727107843271,36.091269699999906],[22.995534478432727,36.099160399999974],[22.999226878432715,36.096546]]],[[[22.99562347843275,36.0992893],[22.995419478432776,36.0993934],[22.995456578432744,36.099435],[22.99562347843275,36.0992893]]],[[[23.057721802603393,36.145181857854205],[23.057964678432715,36.14492070000005],[23.057332731334004,36.144981168558814],[23.057721802603393,36.145181857854205]]],[[[22.966681878432702,36.15163120000004],[22.96658317843272,36.15197210000005],[22.96695067843271,36.15196810000002],[22.966681878432702,36.15163120000004]]],[[[22.915709678432695,36.1693754],[22.916051578432782,36.17039750000005],[22.91634317843277,36.16936520000002],[22.915709678432695,36.1693754]]],[[[22.91233807843271,36.174053600000036],[22.913940578432776,36.17479860000006],[22.91390317843269,36.173257900000046],[22.91233807843271,36.174053600000036]]],[[[22.90141347843271,36.19400909999999],[22.90100357843277,36.190162],[22.89858697843274,36.1950817],[22.90141347843271,36.19400909999999]]],[[[22.91088847843272,36.20567570000003],[22.912094677015194,36.20520456126787],[22.91182037843274,36.20489],[22.91088847843272,36.20567570000003]]],[[[22.91025773861054,36.2103100264526],[22.910511730029302,36.21065874671668],[22.910654337865846,36.21034807547642],[22.91025773861054,36.2103100264526]]],[[[22.904707591080868,36.24056945801084],[22.904236985220244,36.241121548212675],[22.905135414590596,36.24059246184717],[22.904707591080868,36.24056945801084]]],[[[22.89833077843269,36.25006280000003],[22.899922278432683,36.250294299999986],[22.900220578432727,36.249519],[22.89833077843269,36.25006280000003]]],[[[23.047885858996924,36.13226149201108],[22.998643478432694,36.145705],[22.989216995032105,36.13322898426888],[22.97511307999536,36.151528465780196],[22.964137478432743,36.1547177],[22.958138673292503,36.151457556392515],[22.952267304576875,36.16367585787791],[22.940960205426556,36.15770828035262],[22.90841888058088,36.19881021690612],[22.91645057843272,36.21278],[22.900386573632854,36.23152842626216],[22.92588847843273,36.2485944],[22.91313288750573,36.27302685899985],[22.919771878432705,36.277027100000055],[22.923089741214728,36.286747517801125],[22.891002977986545,36.31954769710175],[22.92194653074814,36.36528109134346],[22.921106878432703,36.37646290000007],[22.95158637843273,36.38506030000001],[22.98600831870932,36.32129420128566],[23.101221189874032,36.249241424457225],[23.092328308594173,36.22008258039049],[23.054197978432686,36.21791349999997],[23.047885858996924,36.13226149201108]]],[[[22.91514607843278,36.27625529999998],[22.91481627843276,36.27574670000007],[22.91482887843272,36.27626039999998],[22.91514607843278,36.27625529999998]]],[[[22.919445078432727,36.37223239999997],[22.9190133784327,36.37235289999999],[22.919283878432744,36.372718700000064],[22.919445078432727,36.37223239999997]]],[[[22.92462426614241,36.470805287918004],[22.923512482299262,36.47230340764724],[22.92504397843278,36.47210709999998],[22.92462426614241,36.470805287918004]]],[[[22.98839627843269,36.455654700000075],[22.970022421674535,36.47660929998109],[22.93272477843269,36.4611935],[22.927008478432644,36.480809600000065],[22.979754907500137,36.51118421473222],[22.98839627843269,36.455654700000075]]],[[[22.931111251295842,36.48873579320583],[22.92703457843275,36.48825910000002],[22.9288107369129,36.4904918937083],[22.931111251295842,36.48873579320583]]],[[[22.937325978432767,36.49271640000007],[22.937678964340506,36.49314308073933],[22.938720001547498,36.492615705326024],[22.937325978432767,36.49271640000007]]],[[[22.937850093744416,36.49535572539809],[22.939130685198794,36.497585729534116],[22.939547126999514,36.49547036847648],[22.937850093744416,36.49535572539809]]],[[[22.980675227066286,36.51118632782822],[22.980846356470128,36.51198866173944],[22.981274179979852,36.511346795275905],[22.980675227066286,36.51118632782822]]],[[[22.98839647843273,36.515479],[22.988764878432743,36.51507240000006],[22.988317878432706,36.51508630000004],[22.98839647843273,36.515479]]],[[[22.990273978432693,36.519073],[22.989920278432695,36.5188993],[22.98992527843275,36.5190454],[22.990273978432693,36.519073]]],[[[23.06262277530822,36.59452268887477],[23.0615952,36.594671],[23.061602,36.59492759999996],[23.06262277530822,36.59452268887477]]],[[[22.896470832841164,36.59805558986586],[22.898727790656956,36.60014167312298],[22.898930495494003,36.59979647442936],[22.896470832841164,36.59805558986586]]],[[[23.04788532991607,36.614433274285744],[23.04813460000002,36.6157105],[23.048556281201385,36.61503611429428],[23.04788532991607,36.614433274285744]]],[[[23.051361,36.68518659999997],[23.04965540000001,36.690223600000046],[23.059205,36.689753],[23.051361,36.68518659999997]]],[[[22.797649899999982,36.74701460000006],[22.79820910000001,36.7477219],[22.7987722,36.746838099999955],[22.797649899999982,36.74701460000006]]],[[[22.608645139899693,36.790555354413925],[22.609175830939805,36.79122341559124],[22.609784600000026,36.79045],[22.608645139899693,36.790555354413925]]],[[[22.602627089196513,36.792428287755484],[22.603902160350263,36.79249537449155],[22.60421003618244,36.792211303920624],[22.602627089196513,36.792428287755484]]],[[[22.60817453403907,36.792085681419636],[22.606762716457023,36.79262243066561],[22.606691412538748,36.79313633599414],[22.60817453403907,36.792085681419636]]],[[[23.011332189783207,36.97020866934932],[23.010703796245224,36.96955136204987],[23.010201,36.969559900000036],[23.011332189783207,36.97020866934932]]],[[[23.064375454420176,37.35861072310054],[23.06622042545597,37.362032858294064],[23.067912623334525,37.36141100942819],[23.064375454420176,37.35861072310054]]],[[[22.970902800000044,37.42935810000002],[22.9735536,37.442422100000016],[22.997629199999988,37.435202700000055],[22.970902800000044,37.42935810000002]]],[[[22.91693679053665,37.490735442202705],[22.92490340000004,37.49445860000005],[22.936216546775412,37.491676733520826],[22.91693679053665,37.490735442202705]]],[[[22.863855600000043,37.5026115],[22.86590360000002,37.50361050000004],[22.867336499999986,37.50184990000001],[22.863855600000043,37.5026115]]],[[[22.8760532,37.50482930000005],[22.85356270000004,37.509159],[22.864618400000026,37.51474889999999],[22.8760532,37.50482930000005]]],[[[22.866323200000014,37.51879809999996],[22.866412700000033,37.51974169999998],[22.867477900000026,37.51837240000002],[22.866323200000014,37.51879809999996]]],[[[22.81562450000002,37.537996300000025],[22.81654040000002,37.537593],[22.8154984,37.5376888],[22.81562450000002,37.537996300000025]]],[[[22.790816200000073,37.56951539999997],[22.791208300000047,37.570136],[22.79137760000003,37.57007690000006],[22.790816200000073,37.56951539999997]]],[[[22.521866476825924,38.848278413350116],[22.562456067049137,38.82018111880795],[22.69558265749428,38.83000750427232],[22.77223960000001,38.77775070000011],[22.8248383,38.78982940000004],[22.86506630000005,38.753837700000034],[22.898742,38.7766928],[22.9681773,38.74497770000008],[23.033847300000044,38.75589149999997],[23.06381180000002,38.7235081],[23.06251479551994,38.686240420830075],[23.085338189430708,38.64138464566046],[23.106592100000054,38.624816399999965],[23.1311814,38.63332630000007],[23.14018310000002,38.64645530000004],[23.1897756,38.64938710000009],[23.16430014853943,38.67485965090135],[23.195716654935705,38.68062655111622],[23.253130569938616,38.643846248387405],[23.31264530000002,38.642431],[23.3404808,38.6051159],[23.30394174210831,38.58833384282553],[23.28421907831074,38.558821921546176],[23.315867,38.5700108000001],[23.334664,38.531915],[23.378215900000054,38.525765800000045],[23.332107978229477,38.51803309013085],[23.332381500000018,38.49741549999997],[23.404181978831698,38.50986510915672],[23.513564599999984,38.47997910000004],[23.537916100000032,38.5106129],[23.551885099999982,38.5066263],[23.5918555118145,38.47343927644953],[23.564772944171914,38.451906156633605],[23.598237600000047,38.441940599999974],[23.593408215312145,38.41652722239172],[23.632899700000017,38.40986130000002],[23.631124599999982,38.3775691],[23.6568331,38.35127330000004],[23.954000400000034,38.285120499999955],[24.074225099999982,38.195631500000026],[24.057557900000017,38.183187],[24.0801152,38.16341480000002],[24.06032050000004,38.15801590000006],[24.057822,38.122186500000076],[24.0527065,38.14223130000005],[24.0355489,38.1417722],[23.980611600000078,38.104067599999986],[24.00254890000003,38.0674626],[24.00003776248378,38.03354453299538],[24.031732100000024,37.992561899999984],[24.009487943457557,37.98014286029699],[24.017696700000016,37.94297710000004],[24.000845908561395,37.92518903693704],[24.0315863,37.9227492],[24.0466538,37.901498],[24.008416400000012,37.88874909999998],[24.0244748,37.87044170000002],[24.037966728420468,37.867796224598266],[24.044432900000025,37.87533409999999],[24.040377400000033,37.86331590000005],[24.05787150000004,37.85687660000002],[24.047584408944054,37.83640749909448],[24.060000500000047,37.82870719999997],[24.050044099999987,37.827673300000036],[24.04561166720484,37.82181150782027],[24.085526500000014,37.79227180000004],[24.08152250000002,37.744069700000075],[24.052179899999985,37.73209020000006],[24.07216050000005,37.682252599999956],[24.052438699999982,37.6781894],[24.0334079,37.66005060000002],[24.0305698,37.64836749999998],[24.02109780000003,37.65757990000006],[23.9379184,37.671947199999984],[23.945568600000012,37.721221],[23.9102243,37.71913629999997],[23.9013,37.77413769999998],[23.88571320000003,37.773235400000054],[23.889155,37.78286180000008],[23.868586269405967,37.80068661309788],[23.813867642514243,37.82106783826444],[23.797086700000015,37.7997825],[23.778397983723167,37.81335690826175],[23.774848574462787,37.79769986181124],[23.770219800000014,37.797869599999984],[23.773478013361515,37.81041637365407],[23.75595470000005,37.81358220000012],[23.768460118952017,37.81873729516811],[23.769058834186158,37.83453921040689],[23.739668600000027,37.84841770000003],[23.750444100000013,37.85904220000004],[23.68671136503723,37.9402944845744],[23.66330276402369,37.943402282894866],[23.632097400000024,37.9264433],[23.624156912885333,37.934142230856395],[23.640984637600567,37.94913768135484],[23.55623988240308,37.964433966901204],[23.551984,37.97987560000006],[23.594940678251625,38.00469008284267],[23.597277169007317,38.02952402160525],[23.572808,38.0456419],[23.547169707852092,38.034106807168406],[23.52306643080484,38.04469003990397],[23.4512467,38.023707700000024],[23.387320257124156,37.980150896049466],[23.417524700000016,37.97374670000003],[23.4208461,37.9692389],[23.243336400000036,37.97605030000004],[23.166298900000047,37.9489257],[23.1389066,37.9215752],[23.057856100000024,37.9122495],[23.0160363,37.92403560000003],[23.0175989,37.90011610000005],[22.9920257,37.87958290000001],[23.011525900000013,37.84457610000002],[23.1129871,37.847806],[23.17858624884922,37.803364799283045],[23.17862300347271,37.77663968281159],[23.11689,37.755546],[23.118921424940417,37.73040648916182],[23.175727506411683,37.71607685110972],[23.15051444090613,37.67563464433917],[23.169844976276305,37.65087214282264],[23.159735800000014,37.61668079999996],[23.33161940000004,37.532331],[23.36856050000002,37.552541300000044],[23.307416599999986,37.617912299999986],[23.3434859,37.636681],[23.3984099,37.637426700000056],[23.4154304,37.61327289999998],[23.407295800000032,37.59223280000004],[23.387552542707674,37.57797224130352],[23.386827500000024,37.5608275],[23.365052500000015,37.560304100000046],[23.419214800000024,37.52860670000003],[23.386661156263024,37.51862895631659],[23.3912747,37.50921820000004],[23.4777715,37.485949800000014],[23.4780551,37.475028300000034],[23.519272900000033,37.45565780000001],[23.5169616,37.43041570000003],[23.4100043051636,37.4039769436561],[23.33965761332965,37.415310586162406],[23.300240807301808,37.40556902509647],[23.309638768040926,37.39318720065783],[23.26737931247079,37.40596069257522],[23.24715276765069,37.38722926967122],[23.260469800000042,37.3844153],[23.224668265418263,37.373867053293964],[23.276614581818002,37.34651607601775],[23.19309251360446,37.34103216606466],[23.179556653116762,37.322379031967934],[23.200649062284533,37.2917496050853],[23.1840934,37.29538890000003],[23.16931295506321,37.28561986218093],[23.13603249999999,37.30877869999998],[23.1541225,37.32491870000012],[23.127066800000026,37.31389390000007],[23.11021359258478,37.33267190138128],[23.13821560000004,37.3261287],[23.124468725197506,37.34238184397313],[23.065949470566455,37.35242040679416],[23.07433481135677,37.37700451926843],[23.063311225589935,37.39181456944414],[23.10155530413488,37.390673972311255],[23.1120038,37.42272839999998],[23.143285700338243,37.4146754507489],[23.123268080750435,37.4498168426187],[23.056525591353108,37.451057148969525],[23.04191474841934,37.48154297484891],[23.003127024444556,37.4601162873158],[22.980479,37.51394179999998],[22.936169600000014,37.52046190000005],[22.92921869999999,37.53511390000002],[22.899991429465025,37.53787856661943],[22.92913680000004,37.52444309999998],[22.897447500000027,37.53292230000005],[22.86856330000005,37.5274816],[22.852015,37.51269890000003],[22.820089400000047,37.527936],[22.8217751,37.5438913],[22.780904695646587,37.58925490403329],[22.7175972,37.563905799999986],[22.7389176,37.5164845],[22.727506116448268,37.48625792659403],[22.77188580000004,37.4239057],[22.75370628820716,37.392162843335726],[22.816778300000014,37.337453600000075],[22.838568076122602,37.27885000874574],[22.8629314,37.27018739999997],[22.85477769999999,37.25478810000007],[22.91186350339794,37.18988191536724],[22.89175010000004,37.144384299999984],[22.897045800000036,37.119776],[22.918636719620753,37.10807100620532],[22.95497721926231,37.11880376165732],[22.95425868353985,37.09772518602483],[22.984141740152296,37.08495066545198],[22.984776849062175,37.07214498952619],[22.96418310000003,37.07012279999997],[23.005255194783516,37.02415378101532],[23.006174539693944,36.98398421908812],[22.99167607630937,36.972344944834305],[23.0098674,36.96905180000001],[23.01986489200463,36.945432990091746],[23.01039110000001,36.94027370000007],[23.051298035981894,36.86136930883452],[23.038745800000036,36.857619300000025],[23.08997948670709,36.81874663366912],[23.089219600000014,36.784917],[23.07856210000002,36.78992310000003],[23.07472137313846,36.785941212645795],[23.110378936837947,36.773260301263356],[23.0842094,36.75996240000006],[23.08596196338794,36.729083775923094],[23.05767973666838,36.74559489414268],[23.026383700000036,36.72808170000004],[23.039694211579146,36.686790740772615],[23.02520630000001,36.65665419999998],[23.031841948301945,36.62652000407101],[23.074324822816063,36.57978788997772],[23.152343678432725,36.53680939999999],[23.12921457911176,36.49785261324128],[23.195829378432737,36.45921],[23.198317891603974,36.43535755636098],[23.086069178432737,36.439601400000036],[23.05279103949402,36.51487470266695],[23.019991237083033,36.52850113848755],[22.968376478432734,36.51993580000002],[22.937718878432687,36.55950110000007],[22.937136725096327,36.58332955607452],[22.868709259047176,36.63025466064339],[22.884063369451226,36.63986728560627],[22.87043243707239,36.66414145224539],[22.838096110130177,36.688693857073524],[22.821260734858548,36.65460436415621],[22.80655080051162,36.67199360334863],[22.821045251686808,36.711353517789355],[22.7854455,36.796976899999954],[22.622784936665404,36.80505557810594],[22.56484254869805,36.77481919334621],[22.576031700000037,36.73310120000003],[22.522247370512574,36.70797417857924],[22.521691199949974,36.680850880783595],[22.54785973796055,36.67216986227299],[22.550776088822545,36.64961391957357],[22.515131239467763,36.668875622612234],[22.4989998,36.6603954],[22.528562311942434,36.61654689048454],[22.50979400236108,36.60258006967788],[22.496067049045134,36.61975837210107],[22.476213560867887,36.614534651599094],[22.472320366929495,36.52714727209714],[22.50379019688125,36.487099677342115],[22.501720387232464,36.443651657345754],[22.48152910000001,36.433121],[22.500604178432713,36.40114860000007],[22.48553660000004,36.401771400000044],[22.483075,36.3854134],[22.458312400000032,36.452058400000055],[22.399876160764734,36.482243862666884],[22.392632757255775,36.466067286069965],[22.3681280037344,36.47770789356924],[22.34685456712811,36.51442296034852],[22.36455630000002,36.54643570000001],[22.391219865084967,36.54099759816989],[22.38709849860813,36.57440061225774],[22.371682591474904,36.57678271716953],[22.3869496,36.59235970000003],[22.363739334977982,36.60664441010827],[22.376260303028804,36.61706122297469],[22.362657899999988,36.63888289999998],[22.38270617724174,36.64539698793699],[22.360859400000077,36.6651333],[22.389123529887414,36.69320997099398],[22.348323427844825,36.69844700381002],[22.31309929221213,36.77125963962621],[22.300889100000045,36.76982470000005],[22.296369100000046,36.8143179],[22.257950900000022,36.83887940000003],[22.22654520000007,36.89367030000005],[22.201466700000033,36.905744000000134],[22.170512100000053,36.88973949999996],[22.12559589971125,36.914898566529885],[22.146495900000044,36.938982700000054],[22.15533438723063,36.99641655713366],[22.142328552535446,37.02052853490193],[22.037638697510317,37.032658589487006],[21.93077110000004,36.98326990000008],[21.921324434608838,36.86390742756631],[21.938313300000043,36.8081271],[21.967639,36.79409560000007],[21.935058300000073,36.7796552000001],[21.933509800000017,36.7582063],[21.877522300000063,36.717843299999984],[21.822722900000077,36.803475800000015],[21.768167,36.799123799999975],[21.760300884646817,36.78580851778536],[21.716529786008998,36.8165481450923],[21.703804200000018,36.812879],[21.67944559432044,36.888477820502054],[21.710325500000042,36.94317940000007],[21.65724380000005,36.950828],[21.641057847431497,37.003674437318075],[21.573350498784833,37.059536608546345],[21.582238037032873,37.090831907245864],[21.565381394617443,37.16235702731438],[21.576619422348344,37.192687303326785],[21.670629249151236,37.257426485314554],[21.698585373343892,37.31103190032246],[21.65207439999999,37.43451720000006],[21.55211990000008,37.55314390000012],[21.41201310000004,37.64080729999998],[21.337030933023097,37.66341962110243],[21.310359100000042,37.632331],[21.31016460694551,37.66402452266334],[21.301282864987158,37.678852815881584],[21.319565949344575,37.705348097376906],[21.30360076436091,37.758049047824876],[21.277110700000037,37.78324460000011],[21.105678616082177,37.84708842146098],[21.126122519013265,37.93816367551978],[21.197320016200035,37.93453232818287],[21.308212072529738,38.03109040807377],[21.365322130601786,38.12002458214534],[21.374376688374973,38.21720083623305],[21.410224872529756,38.19113960105198],[21.452875500000047,38.1988553],[21.53178260000005,38.15514680000006],[21.606891200000014,38.143103199999985],[21.671573200000047,38.1678727],[21.714954800000033,38.2110857],[21.746223400000027,38.28164310000006],[21.84963389962166,38.3389426902048],[22.01013901968058,38.31400402003069],[22.02682179480866,38.28507823825121],[22.07781832211923,38.253873572235946],[22.109308200000033,38.26615],[22.148283258759378,38.218518063190835],[22.216583101009714,38.18009906435785],[22.33479051322563,38.17690848940702],[22.3535417,38.15012790000005],[22.390695813884644,38.1358547209536],[22.4909961,38.13587869999997],[22.638300300000026,38.0780943],[22.726102100000023,38.035247500000054],[22.79553266520889,37.96859179652649],[22.869571900000018,37.933964200000034],[22.9488688,37.942229800000035],[22.976565799999985,37.9768547],[22.912578047073318,38.016469061809346],[22.84906950000005,38.02802210000005],[22.88546830000004,38.05363780000003],[22.909530200000045,38.054682600000135],[22.919831729858757,38.067137281040985],[22.9385418780167,38.06613803959798],[22.961829737728543,38.079957797166394],[23.0242745,38.0540922],[23.1045568,38.05817230000005],[23.214868,38.0988077],[23.2170473,38.1169681],[23.178381430302874,38.12655219366427],[23.175445,38.14194180000006],[23.22296560000004,38.145248],[23.2222164,38.15718960000007],[23.12432116056852,38.16400745336214],[23.142913600000025,38.18317690000002],[23.11329537407105,38.20679853360445],[23.067092821527222,38.17046323135105],[23.028081090282704,38.179446592630335],[23.05130830000004,38.1950674],[23.0236453,38.21404379999998],[22.955757500000033,38.2108481],[22.9508571,38.22411829999997],[22.918071,38.20245080000003],[22.944096,38.208264600000064],[22.969091200000012,38.18912439999998],[22.91305810000003,38.195848600000076],[22.9058317,38.182875900000056],[22.8922415,38.23688350000003],[22.881539400000033,38.222109099999976],[22.864274600000034,38.23322580000003],[22.778329,38.23343290000003],[22.7626697,38.24667670000004],[22.797188200000033,38.27571289999998],[22.692383099999983,38.316686100000084],[22.6736012,38.3432339],[22.688258398868765,38.362469882767144],[22.65770540000002,38.38593479999996],[22.62818603611256,38.37530306141491],[22.64805843813852,38.366481582617396],[22.636568870162005,38.34923298435493],[22.61908752619585,38.363947673251694],[22.59420245871448,38.35254148722682],[22.5855390326429,38.326498085211945],[22.608047302848128,38.316922871153565],[22.588592,38.304935],[22.584177374144,38.27863368931999],[22.551408223757264,38.281846467024174],[22.518513349455237,38.32700151813792],[22.5359824,38.34493119999996],[22.455447,38.42711730000004],[22.4184072,38.432118900000056],[22.40371960000004,38.4494817],[22.398111600000032,38.432232],[22.416554500000032,38.412425600000034],[22.3731113,38.391934],[22.402326700000014,38.364000899999986],[22.382964600796022,38.3646092514472],[22.378900277453788,38.34756469600653],[22.3952764106865,38.348589905688435],[22.377582434088957,38.33207899581811],[22.3582885,38.348558],[22.298382200000013,38.3559812],[22.285280847020843,38.33815829964951],[22.249367600000046,38.36252640000004],[22.19179879587467,38.33796430121042],[22.185430800000017,38.320226500000054],[22.16640609999999,38.34410160000007],[22.1547846,38.35028639999999],[22.150960300000012,38.3430721],[22.1355643,38.348547900000014],[22.1258204880202,38.367026569486676],[22.0510444,38.3950376],[22.00565291939106,38.38944069844135],[21.9355938,38.4070849],[21.879602116640065,38.367645363321074],[21.831785599999986,38.393278600000016],[21.78779809999998,38.374781699999964],[21.766789810724532,38.32922255929665],[21.63883112508896,38.35722202042633],[21.519048600000033,38.31189940000005],[21.4667396,38.367419200000064],[21.441431066938314,38.36855929215867],[21.427203900000034,38.358338699999976],[21.4197822,38.363333],[21.41233589921507,38.39313952294414],[21.375638149271158,38.415006159307836],[21.357273666663726,38.46085628513976],[21.312083425853327,38.49701362618358],[21.27039510593994,38.59074530100855],[21.35665056740129,38.70376969878549],[21.31500999979926,38.78110218147498],[21.433983050090774,38.79299948650413],[21.505366880265683,38.82393247957992],[21.520380739284803,38.91982961276153],[22.23916831992608,38.85082524359245],[22.521866476825924,38.848278413350116]]],[[[23.04313570000001,37.8460749],[23.042854900000044,37.8467112],[23.04359439999999,37.846317400000025],[23.04313570000001,37.8460749]]],[[[22.910371700000027,38.0565073],[22.91025520000002,38.056673700000054],[22.91052480000004,38.0566638],[22.910371700000027,38.0565073]]],[[[22.9348903,38.066716],[22.9345019,38.066504199999976],[22.93423670000003,38.0667063],[22.9348903,38.066716]]],[[[22.99561353421189,38.067687419380675],[22.996540485149612,38.06834982536139],[22.99667911595479,38.0682363978001],[22.99561353421189,38.067687419380675]]],[[[22.99442988916839,38.06878768364912],[22.995212518848057,38.068845288225035],[22.994358473326354,38.068486306780294],[22.99442988916839,38.06878768364912]]],[[[22.952110899999983,38.079150200000015],[22.951981300000025,38.079621],[22.95260090000003,38.079300500000045],[22.952110899999983,38.079150200000015]]],[[[22.977122199999986,38.11334570000004],[22.983841099999985,38.1093799],[22.984138200000025,38.1083476],[22.977122199999986,38.11334570000004]]],[[[22.992938299999985,38.109226100000015],[22.99706790000004,38.11763109999996],[22.9989853,38.1045003],[22.992938299999985,38.109226100000015]]],[[[22.975487100000013,38.11298760000001],[22.97455049999999,38.114416200000015],[22.975843200000018,38.114137599999964],[22.975487100000013,38.11298760000001]]],[[[22.987596,38.115994],[22.9777517,38.124635400000045],[22.98486630000001,38.123231199999964],[22.987596,38.115994]]],[[[22.967271400000037,38.17983249999997],[22.9514215,38.17266870000002],[22.94547770000002,38.173819700000045],[22.967271400000037,38.17983249999997]]],[[[22.88134650000003,38.178103],[22.883378499999985,38.181391400000045],[22.8851366,38.1796399],[22.88134650000003,38.178103]]],[[[22.991268599999984,38.1803683],[22.9916388,38.179856800000024],[22.990926900000044,38.180240499999975],[22.991268599999984,38.1803683]]],[[[22.906333,38.18007140000005],[22.906909100000036,38.180101],[22.906685299999985,38.17974440000001],[22.906333,38.18007140000005]]],[[[23.00679770000002,38.18381819999998],[22.99687130000002,38.17745390000007],[22.991226300000015,38.181344],[23.00679770000002,38.18381819999998]]],[[[22.982973994887704,38.18364986948428],[22.98916870000005,38.179916600000055],[22.983184200000032,38.1785584],[22.982973994887704,38.18364986948428]]],[[[22.98731430000002,38.20274019999999],[22.9873494,38.20276670000007],[22.987345499999982,38.2027443],[22.98731430000002,38.20274019999999]]],[[[22.98731820000001,38.203024200000065],[22.9873468,38.2030313],[22.9873273,38.203009900000076],[22.98731820000001,38.203024200000065]]],[[[22.986936500000034,38.20396810000004],[22.9869804,38.20394760000002],[22.98696740000001,38.2039323],[22.986936500000034,38.20396810000004]]],[[[22.986798500000024,38.205764400000035],[22.9921195,38.204704],[22.986967499999984,38.2019478],[22.98688820000002,38.20229],[22.987422599999988,38.2026844],[22.98749550000002,38.20332950000004],[22.986798500000024,38.205764400000035]]],[[[22.9921865,38.204966700000014],[22.9921826,38.20498510000007],[22.99219360000004,38.204980100000014],[22.9921865,38.204966700000014]]],[[[22.992245,38.20506280000003],[22.9922294,38.205076],[22.992241100000044,38.20509140000008],[22.992245,38.20506280000003]]],[[[22.9884944,38.20648910000011],[22.988524600000037,38.20648580000005],[22.9884996,38.20647770000003],[22.9884944,38.20648910000011]]],[[[22.988639,38.20655860000007],[22.988598399999983,38.2065365],[22.988630700000044,38.20656430000005],[22.988639,38.20655860000007]]],[[[22.8653192,38.22494509999998],[22.8644525,38.2274084],[22.86692270000003,38.225394400000056],[22.8653192,38.22494509999998]]],[[[22.7015403,38.29847080000002],[22.6993262,38.29439370000005],[22.699591600000076,38.298756],[22.7015403,38.29847080000002]]],[[[22.685878300000013,38.29766990000006],[22.68488320000002,38.296913700000026],[22.68422570000003,38.29666630000005],[22.685878300000013,38.29766990000006]]],[[[22.619842400000028,38.31198360000003],[22.628685,38.31010470000001],[22.6288691,38.30731310000005],[22.619842400000028,38.31198360000003]]],[[[22.6938545,38.31402310000006],[22.693487300000026,38.31450970000007],[22.694068,38.314246399999966],[22.6938545,38.31402310000006]]],[[[22.619600799999983,38.35689170000004],[22.619675,38.357154700000066],[22.62006639999999,38.35702520000002],[22.619600799999983,38.35689170000004]]],[[[22.81993710000001,38.80801050000008],[22.820917,38.81023070000006],[22.822315500000045,38.80760940000004],[22.81993710000001,38.80801050000008]]],[[[22.81796422562413,38.816020868428744],[22.819142200000048,38.81547010000003],[22.817579184465373,38.81498749412338],[22.81796422562413,38.816020868428744]]],[[[22.818876915778183,38.81752090122497],[22.818991002047422,38.81649866008183],[22.818534656970396,38.817209785908624],[22.818876915778183,38.81752090122497]]],[[[22.820185500000015,38.81776520000002],[22.81924714599103,38.81853135108018],[22.82010334317265,38.81849868337125],[22.820185500000015,38.81776520000002]]],[[[22.8198802,38.81866820000007],[22.82030299414383,38.82082086216422],[22.82234228620678,38.819520895806576],[22.8198802,38.81866820000007]]],[[[22.816468100000055,38.82169459999999],[22.8172915,38.827983299999985],[22.82342780000002,38.8219005],[22.816468100000055,38.82169459999999]]],[[[22.812530867050814,38.82838686195209],[22.813365387014688,38.827797931736626],[22.813115559180748,38.82752031243893],[22.812530867050814,38.82838686195209]]],[[[23.05550182076298,38.94372083747345],[23.0561449274028,38.94351283896004],[23.055533469178307,38.943054260595574],[23.05550182076298,38.94372083747345]]],[[[23.329449678432724,35.826500900000035],[23.289631178432717,35.8524577],[23.268887078432694,35.906105],[23.28918457843274,35.882035899999984],[23.297407578432733,35.89234229999997],[23.3177216784327,35.879484400000024],[23.329449678432724,35.826500900000035]]],[[[23.302186878432767,35.89312560000002],[23.303060778432712,35.893329],[23.303097778432708,35.89261790000005],[23.302186878432767,35.89312560000002]]],[[[23.21383617843273,35.937523699999964],[23.214658978432766,35.93785680000004],[23.21573157843272,35.937390400000034],[23.21383617843273,35.937523699999964]]],[[[23.20574357843274,35.95960970000002],[23.2083632784327,35.958790899999975],[23.20864617843272,35.958479400000044],[23.20574357843274,35.95960970000002]]],[[[23.242740778432747,35.9771613],[23.24618777843274,35.971446],[23.24194707843272,35.9751426],[23.242740778432747,35.9771613]]],[[[23.10123967843273,36.1117796],[23.101768178432728,36.112148300000044],[23.101709478432713,36.111513300000055],[23.10123967843273,36.1117796]]],[[[23.094615278432705,36.120179],[23.095385478432714,36.12011549999998],[23.095481978432773,36.1199834],[23.094615278432705,36.120179]]],[[[23.115163197480253,36.22050386427831],[23.104257390301285,36.22349602931358],[23.111084613354354,36.2259224711245],[23.115163197480253,36.22050386427831]]],[[[23.118799697312767,36.23396340589389],[23.112401644261077,36.23762491107968],[23.11898508750034,36.235251719158825],[23.118799697312767,36.23396340589389]]],[[[23.09364426914125,36.26521746267199],[23.094735219090996,36.26371117189582],[23.093073837794986,36.26475178045812],[23.09364426914125,36.26521746267199]]],[[[23.081567078432734,36.27465940000005],[23.07990847843271,36.26362550000005],[23.0789385784327,36.2744322],[23.081567078432734,36.27465940000005]]],[[[23.073850078432702,36.45831010000005],[23.074438909085302,36.458268958798534],[23.07383647843269,36.45779660000002],[23.073850078432702,36.45831010000005]]],[[[23.1628827886179,36.486013600191875],[23.16334327843272,36.48600519999999],[23.163397677537567,36.48572280781621],[23.1628827886179,36.486013600191875]]],[[[23.090145111957593,36.750510915432656],[23.0887868,36.752176],[23.089119800000034,36.75268390000003],[23.090145111957593,36.750510915432656]]],[[[23.0793711,36.7853273],[23.08107590000005,36.785201700000066],[23.07960790000003,36.7846259],[23.0793711,36.7853273]]],[[[23.166371500000025,37.23178560000004],[23.170539500000025,37.215244200000015],[23.1573652,37.22962120000002],[23.166371500000025,37.23178560000004]]],[[[23.18982117640398,37.22677810301131],[23.191552765757134,37.22486017447469],[23.18861565662779,37.226019873468275],[23.18982117640398,37.22677810301131]]],[[[23.18698530000001,37.22868359999997],[23.18646648243086,37.227993556567725],[23.18615178737149,37.228784311360165],[23.18698530000001,37.22868359999997]]],[[[23.16266645541934,37.2400546927937],[23.128256311699126,37.23649530917919],[23.091719056725886,37.277102135325926],[23.16806539940588,37.26341380379392],[23.16266645541934,37.2400546927937]]],[[[23.31287520000003,37.2594237],[23.312269052025425,37.261125633819816],[23.314833600000014,37.26041270000001],[23.31287520000003,37.2594237]]],[[[23.31865193587042,37.262314655941424],[23.317272280231997,37.26067981341172],[23.31678377321138,37.26096402277106],[23.31865193587042,37.262314655941424]]],[[[23.31492790000001,37.263493],[23.31362422899045,37.26289613007786],[23.313660661590465,37.26366526489094],[23.31492790000001,37.263493]]],[[[23.352659062113716,37.26643190762654],[23.35341488364756,37.26786188522418],[23.354613800000017,37.26861740000003],[23.352659062113716,37.26643190762654]]],[[[23.273937793361053,37.259524994698566],[23.2760519827898,37.27443095413651],[23.288216200916043,37.27325891656094],[23.273937793361053,37.259524994698566]]],[[[23.361649522507715,37.27271446578254],[23.3666901,37.27454070000002],[23.361200677324938,37.27205661322501],[23.361649522507715,37.27271446578254]]],[[[23.34156174542993,37.27642883055595],[23.340804288712324,37.277880780736254],[23.342217197480227,37.278028728410696],[23.34156174542993,37.27642883055595]]],[[[23.0805471,37.283415],[23.079895100000034,37.283922],[23.0807421,37.28391840000001],[23.0805471,37.283415]]],[[[23.37125818389588,37.28293991089387],[23.36771850000004,37.28684830000006],[23.375011881964337,37.286473065682884],[23.37125818389588,37.28293991089387]]],[[[23.18806419038802,37.293132754907475],[23.187887327569722,37.29232017125373],[23.187792665014666,37.29313778159069],[23.18806419038802,37.293132754907475]]],[[[23.38814825025597,37.29601694840949],[23.386582,37.2937888],[23.38569539546696,37.29451943627854],[23.38814825025597,37.29601694840949]]],[[[23.140320200000012,37.30046619999997],[23.137494900000014,37.30343480000002],[23.1417458,37.30265710000002],[23.140320200000012,37.30046619999997]]],[[[23.202734700000033,37.30621669999997],[23.205315039374668,37.306490564092506],[23.20576502745992,37.30547406552846],[23.202734700000033,37.30621669999997]]],[[[23.35970087615017,37.30806938406956],[23.356143900000045,37.307369800000075],[23.359894477876804,37.308283425142854],[23.35970087615017,37.30806938406956]]],[[[23.37246429849727,37.31107977284447],[23.371249221622428,37.314903462148926],[23.378013397957567,37.315895068146034],[23.37246429849727,37.31107977284447]]],[[[23.1370663,37.3165738],[23.1373788,37.31652920000007],[23.137062300000043,37.31629990000005],[23.1370663,37.3165738]]],[[[23.356506085885563,37.3478652286424],[23.356231900805813,37.33085994323514],[23.33093266088732,37.32155867146818],[23.282527500000022,37.3344977],[23.356506085885563,37.3478652286424]]],[[[23.215529479891416,37.34070147706886],[23.214840208681313,37.34054085617403],[23.21500658449062,37.34117388947407],[23.215529479891416,37.34070147706886]]],[[[23.26263577512318,37.36591124822102],[23.263569696692347,37.3652267799957],[23.262553939122384,37.365702609024545],[23.26263577512318,37.36591124822102]]],[[[23.118112773353456,37.42352717857469],[23.124242258515544,37.42686588470496],[23.12506493312723,37.42594607115265],[23.118112773353456,37.42352717857469]]],[[[23.388528300000047,37.57539660000004],[23.388833700000028,37.57591879999998],[23.3891151,37.57582369999996],[23.388528300000047,37.57539660000004]]],[[[23.391388693511427,37.5751466837996],[23.389434966150414,37.57566659442932],[23.3903048739535,37.576525569256006],[23.391388693511427,37.5751466837996]]],[[[23.30947742307251,37.67906424000486],[23.316966532953323,37.68491048308798],[23.318499783620016,37.67792278859889],[23.30947742307251,37.67906424000486]]],[[[23.323431421544495,37.67648330065395],[23.34567013516148,37.713297524030295],[23.373935,37.70144740000003],[23.34054732481819,37.67302520476244],[23.323431421544495,37.67648330065395]]],[[[23.238609610653494,37.70378722129834],[23.236530644053396,37.701700958515],[23.235331147466884,37.70315533147941],[23.238609610653494,37.70378722129834]]],[[[23.26951899948719,37.7096239619413],[23.25670330857408,37.69788975037357],[23.251987742778212,37.70524641563756],[23.26951899948719,37.7096239619413]]],[[[23.1771725991556,37.71642280158703],[23.175613420142376,37.7174606433267],[23.17766705879726,37.717072017040365],[23.1771725991556,37.71642280158703]]],[[[23.376730258744484,37.719379630464736],[23.389003579608236,37.72536925263047],[23.378039247179327,37.7195046620913],[23.376730258744484,37.719379630464736]]],[[[23.174546038231448,37.759730824222935],[23.172571200000032,37.76394950000005],[23.17610530000004,37.76311380000006],[23.174546038231448,37.759730824222935]]],[[[23.3378355,37.7982818],[23.322535900000034,37.800639],[23.32752657999451,37.80449652461588],[23.3378355,37.7982818]]],[[[23.32029636268039,37.80206269507454],[23.321650015996592,37.80240705356079],[23.318656372559868,37.80036122031002],[23.32029636268039,37.80206269507454]]],[[[23.26102410000002,37.80035490000003],[23.258898800000026,37.80228660000006],[23.262949300000027,37.8025525],[23.26102410000002,37.80035490000003]]],[[[23.246090899999988,37.801921],[23.2483802,37.805062],[23.25209470000002,37.80255910000004],[23.246090899999988,37.801921]]],[[[23.324189556618784,37.805397922611185],[23.322357300000014,37.80526530000004],[23.32330845540502,37.80579258819735],[23.324189556618784,37.805397922611185]]],[[[23.324603119344776,37.80651338739845],[23.32400416643124,37.80706547989819],[23.325337800998373,37.80663729550532],[23.324603119344776,37.80651338739845]]],[[[23.286719199999986,37.81019190000006],[23.2873453,37.8094347],[23.2857763,37.8099716],[23.286719199999986,37.81019190000006]]],[[[23.262246899999987,37.80972089999999],[23.264264700000027,37.81026210000008],[23.264118200000027,37.809618700000016],[23.262246899999987,37.80972089999999]]],[[[23.249712533758604,37.805441231189526],[23.246146900000078,37.8112379],[23.2565899,37.813992199999966],[23.249712533758604,37.805441231189526]]],[[[23.382154290229135,37.81268022926341],[23.381223397891887,37.80986751213038],[23.380233700000023,37.813355100000024],[23.382154290229135,37.81268022926341]]],[[[23.357771919532976,37.81690574229755],[23.360766684100916,37.814044211686294],[23.356371764029067,37.81629886794471],[23.357771919532976,37.81690574229755]]],[[[23.253011700000012,37.824076900000016],[23.272134869322613,37.821984154006685],[23.252207603235366,37.82197965246908],[23.253011700000012,37.824076900000016]]],[[[23.1442426,37.85833990000003],[23.144637,37.86077309999999],[23.146479,37.85727190000006],[23.1442426,37.85833990000003]]],[[[23.086030261684513,37.86823330339309],[23.084557667491218,37.86696201018939],[23.0833065,37.86855220000002],[23.086030261684513,37.86823330339309]]],[[[23.39988240000005,37.90188480000004],[23.393561900000016,37.903626],[23.4025843,37.90340960000002],[23.39988240000005,37.90188480000004]]],[[[23.3916284,37.903903],[23.392621400000035,37.90301350000003],[23.39129289999998,37.90313],[23.3916284,37.903903]]],[[[23.36290720000007,37.96568039999999],[23.3671647,37.96566],[23.368861500000047,37.96429369999998],[23.36290720000007,37.96568039999999]]],[[[23.3615242,37.969123400000015],[23.363532700000018,37.969686800000034],[23.3634119,37.96886330000003],[23.3615242,37.969123400000015]]],[[[23.387941800000046,38.51903310000004],[23.38438690000004,38.52026159999998],[23.3903176,38.52168130000002],[23.387941800000046,38.51903310000004]]],[[[23.29958825012905,38.576206352136516],[23.299720550145867,38.57720836918713],[23.30040506776144,38.57691850415389],[23.29958825012905,38.576206352136516]]],[[[23.310693771533394,38.586286285211536],[23.3084196281766,38.585290673085815],[23.307581826981973,38.58551987029464],[23.310693771533394,38.586286285211536]]],[[[23.125247,38.6358223],[23.1234381,38.6374653],[23.1246834,38.637586],[23.125247,38.6358223]]],[[[23.101727900000036,38.63370770000006],[23.1004415,38.647409900000035],[23.122804100000042,38.6453683],[23.101727900000036,38.63370770000006]]],[[[23.097023119039655,38.64450433222817],[23.094658205749866,38.64472709548774],[23.093992702512562,38.64572023992728],[23.097023119039655,38.64450433222817]]],[[[23.08777097148304,38.673311511230665],[23.0878752224566,38.67418935158803],[23.08886182597781,38.6733087734834],[23.08777097148304,38.673311511230665]]],[[[23.094007359429085,38.68295649687737],[23.0950819,38.66551780000001],[23.08675535480666,38.66622977108466],[23.094007359429085,38.68295649687737]]],[[[23.090917522970077,38.68401404816152],[23.08988316210111,38.68299786432073],[23.08981231223666,38.683587318822525],[23.090917522970077,38.68401404816152]]],[[[23.3420442,39.0168771],[23.34119390000005,39.01728450000003],[23.341547099999985,39.01740540000002],[23.3420442,39.0168771]]],[[[23.345861700000025,39.04206],[23.346207800000016,39.042566500000056],[23.346831899999984,39.04152680000004],[23.345861700000025,39.04206]]],[[[23.335977,39.04413],[23.334681,39.050464],[23.341115,39.048708],[23.335977,39.04413]]],[[[23.47707673643352,35.589248586439666],[23.477045178432654,35.589305],[23.477207336705497,35.58920716090223],[23.47707673643352,35.589248586439666]]],[[[23.6004386,36.770153],[23.6014702,36.7699355],[23.600492900000027,36.76960930000005],[23.6004386,36.770153]]],[[[23.6034925,36.77037039999998],[23.6023931,36.77106619999997],[23.603573900000015,36.770707500000036],[23.6034925,36.77037039999998]]],[[[23.469359600000026,36.913634600000044],[23.458638,36.90846319999998],[23.450419600000043,36.93149260000005],[23.469359600000026,36.913634600000044]]],[[[23.443209800000012,37.255520300000065],[23.45046190000001,37.251261],[23.44203849398778,37.253018686637944],[23.443209800000012,37.255520300000065]]],[[[23.458211700000028,37.31171339999998],[23.4598015,37.31116659999997],[23.45820330000001,37.31145670000009],[23.458211700000028,37.31171339999998]]],[[[23.403771506151532,37.328820018482034],[23.404738295243625,37.32947251700704],[23.404097526227467,37.32854590528782],[23.403771506151532,37.328820018482034]]],[[[23.399166899999987,37.329557600000015],[23.398669900000037,37.3295936],[23.3985753,37.329696300000066],[23.399166899999987,37.329557600000015]]],[[[23.408157099999986,37.330208],[23.405974502522472,37.331103050898484],[23.407724800000032,37.33175790000004],[23.408157099999986,37.330208]]],[[[23.579413880663264,37.365663668793395],[23.502462692050226,37.342062229364124],[23.503490895477494,37.31812487920494],[23.447915194562317,37.31687691413398],[23.400493901065808,37.29345383830441],[23.394622646036243,37.301337413254544],[23.363331187296957,37.29923227433573],[23.517750252130508,37.370321865499555],[23.579413880663264,37.365663668793395]]],[[[23.4265737,37.336056],[23.425787211921307,37.336034095417446],[23.42669990207536,37.336351576609985],[23.4265737,37.336056]]],[[[23.503674858661096,37.34146132737854],[23.503881100000033,37.34106149999999],[23.50344144714433,37.34112143113748],[23.503674858661096,37.34146132737854]]],[[[23.442561,37.3472119],[23.443717800000027,37.347465],[23.443212500000033,37.34697890000001],[23.442561,37.3472119]]],[[[23.450899400000033,37.3492683],[23.451798800000013,37.349716],[23.451918600000013,37.34966590000005],[23.450899400000033,37.3492683]]],[[[23.491236200000014,37.420593],[23.492112799999987,37.41994120000005],[23.49105640000003,37.4202797],[23.491236200000014,37.420593]]],[[[23.5199116,37.43358890000001],[23.52106920000002,37.43331489999998],[23.519656400000013,37.4327774],[23.5199116,37.43358890000001]]],[[[23.52315340000005,37.43408479999999],[23.530262500000017,37.4388467],[23.534241199999986,37.43510659999995],[23.52315340000005,37.43408479999999]]],[[[23.5400611,37.436178600000105],[23.53519170000004,37.441174200000056],[23.547534800000015,37.442859699999985],[23.5400611,37.436178600000105]]],[[[23.520958,37.44989160000007],[23.52100420000001,37.44997850000003],[23.521023,37.449918799999985],[23.520958,37.44989160000007]]],[[[23.479106779153987,37.481812597422056],[23.47916773536691,37.48104079876767],[23.47891659274729,37.481592730834244],[23.479106779153987,37.481812597422056]]],[[[23.47017630000005,37.49056740000006],[23.4705849,37.48967240000002],[23.469729300000044,37.49016560000004],[23.47017630000005,37.49056740000006]]],[[[23.47491680000001,37.4897515],[23.47463670000005,37.490929699999974],[23.47616,37.490654200000115],[23.47491680000001,37.4897515]]],[[[23.469491399999978,37.490894699999956],[23.469572,37.49135750000007],[23.469946100000026,37.4910393],[23.469491399999978,37.490894699999956]]],[[[23.5338721,37.510441600000036],[23.526987267447485,37.50767908849235],[23.534954291917174,37.51324471793808],[23.5338721,37.510441600000036]]],[[[23.4295708,37.516858600000056],[23.43037189999998,37.51655780000004],[23.43084230000003,37.516372400000044],[23.4295708,37.516858600000056]]],[[[23.42508810000004,37.52264370000008],[23.42466,37.52288710000006],[23.424653400000043,37.52338349999999],[23.42508810000004,37.52264370000008]]],[[[23.507176400000024,37.52457540000003],[23.507118,37.52445260000002],[23.507091900000024,37.524489300000056],[23.507176400000024,37.52457540000003]]],[[[23.52433519999999,37.522999200000065],[23.45994110000003,37.50701220000004],[23.4620052,37.49361650000004],[23.4568773,37.50707420000003],[23.433987599999984,37.5195753],[23.421832700000046,37.518043699999986],[23.475587800000042,37.53401839999999],[23.4723507,37.552735200000015],[23.484948700000018,37.560016600000026],[23.4758261,37.54724320000001],[23.482961400000036,37.5313407],[23.49118950000006,37.53767670000002],[23.50244610000005,37.52229169999997],[23.52433519999999,37.522999200000065]]],[[[23.48364360000001,37.552322900000014],[23.48613910000002,37.553668],[23.486513600000016,37.551834100000036],[23.48364360000001,37.552322900000014]]],[[[23.505601300000038,37.576021500000095],[23.5078412,37.5754602],[23.5055926,37.575764900000024],[23.505601300000038,37.576021500000095]]],[[[23.4748941,37.612636],[23.474780899999985,37.6124001],[23.474545700000043,37.61257230000004],[23.4748941,37.612636]]],[[[23.476957200000047,37.61312410000002],[23.47687680000002,37.61297780000004],[23.476823200000034,37.613025],[23.476957200000047,37.61312410000002]]],[[[23.477273300000014,37.61325750000002],[23.47733240000002,37.61322550000004],[23.4773031,37.61320560000011],[23.477273300000014,37.61325750000002]]],[[[23.47652539999999,37.613268],[23.476733800000023,37.61326330000006],[23.476498600000014,37.61315710000003],[23.47652539999999,37.613268]]],[[[23.476995900000013,37.613426],[23.477171600000027,37.61358650000004],[23.477225200000046,37.6135511],[23.476995900000013,37.613426]]],[[[23.478059100000024,37.6135652],[23.477368200000047,37.6136714],[23.47880070000002,37.61417620000002],[23.478059100000024,37.6135652]]],[[[23.4793278,37.6146834],[23.4791312,37.61441680000004],[23.478922799999985,37.6144522],[23.4793278,37.6146834]]],[[[23.4320221,37.6969509],[23.4436171,37.693406],[23.423011300000034,37.6861527],[23.4320221,37.6969509]]],[[[23.417372300000043,37.761690499999965],[23.5647808,37.76273939999999],[23.535798900000035,37.74267130000003],[23.52494340000004,37.692276399999976],[23.481479494184594,37.67369925802236],[23.44938270678427,37.688071485316094],[23.467993,37.697520800000056],[23.462958831375914,37.71445360285638],[23.434197699999984,37.7288729],[23.417372300000043,37.761690499999965]]],[[[23.76695640000003,37.77738020000002],[23.757557899999988,37.763152700000106],[23.7521077,37.77020910000007],[23.76695640000003,37.77738020000002]]],[[[23.55201142765581,37.774830225896835],[23.55018685518984,37.775767970782],[23.552434045734422,37.775257205010966],[23.55201142765581,37.774830225896835]]],[[[23.462012100000035,37.813757],[23.46292720000002,37.81417030000003],[23.4623855,37.81321070000003],[23.462012100000035,37.813757]]],[[[23.753397,37.81390770000002],[23.752524,37.813970500000075],[23.75342735153976,37.81452858290847],[23.753397,37.81390770000002]]],[[[23.472992500000018,37.81262120000005],[23.465725800000047,37.816565200000056],[23.47496160000002,37.81381010000001],[23.472992500000018,37.81262120000005]]],[[[23.456412225281383,37.81660367582906],[23.454468519017624,37.818227920726756],[23.457198529960106,37.81770177046562],[23.456412225281383,37.81660367582906]]],[[[23.76125910000001,37.81827430000004],[23.76067540000004,37.81785390000002],[23.7607441,37.81832850000007],[23.76125910000001,37.81827430000004]]],[[[23.449661656615937,37.81875889200985],[23.45139866831887,37.8190962920077],[23.44939716045108,37.81783615621329],[23.449661656615937,37.81875889200985]]],[[[23.745145300000043,37.83441589999997],[23.7457785,37.83678580000003],[23.748686900000045,37.83581590000005],[23.745145300000043,37.83441589999997]]],[[[23.74198720000002,37.835870399999976],[23.742383199999985,37.83534370000006],[23.742001600000012,37.8354488],[23.74198720000002,37.835870399999976]]],[[[23.7461762,37.837830199999964],[23.745483599999986,37.837358],[23.745652,37.83782139999995],[23.7461762,37.837830199999964]]],[[[23.456272,37.87579050000003],[23.4570874,37.87571590000005],[23.45837480000002,37.8750926],[23.456272,37.87579050000003]]],[[[23.4600142,37.87675930000002],[23.4599198,37.87602080000002],[23.459353300000025,37.87663730000005],[23.4600142,37.87675930000002]]],[[[23.499665200000038,37.895639],[23.49722970000002,37.896604200000034],[23.499858300000025,37.89586760000007],[23.499665200000038,37.895639]]],[[[23.6579328,37.93425930000004],[23.657427400000042,37.934801600000014],[23.65812040000004,37.93442680000004],[23.6579328,37.93425930000004]]],[[[23.57192610000002,37.93461750000002],[23.572848800000013,37.93581060000003],[23.573353100000016,37.935082900000054],[23.57192610000002,37.93461750000002]]],[[[23.451172500000023,37.96962910000001],[23.4169155,37.98113089999998],[23.47333922444532,37.98022630231832],[23.467834561953733,37.99571432497045],[23.496983603748514,38.001917608399665],[23.53937081737095,37.98311101134216],[23.539423695911662,37.981608892966634],[23.532729327543485,37.979042930162876],[23.529435086518696,37.9756930769845],[23.52527093769089,37.96293300794061],[23.550746278404212,37.953323842352916],[23.5377604,37.9483313],[23.579256900000054,37.9470297],[23.5392803,37.94107150000002],[23.54629562324884,37.925741926188465],[23.512712249162888,37.91367108722193],[23.513543819930344,37.89549907492236],[23.49029874256944,37.900923132224825],[23.443573499999985,37.87414420000005],[23.401558300000037,37.89491530000003],[23.412303149620065,37.920371293903784],[23.40508719308965,37.929899292844034],[23.469250200000026,37.9241658],[23.500872123318903,37.96392340269722],[23.416257358406455,37.956764451535626],[23.451172500000023,37.96962910000001]]],[[[23.58318460000002,37.94069950000006],[23.595870400000024,37.94227670000008],[23.58069550000008,37.93670570000002],[23.58318460000002,37.94069950000006]]],[[[23.40450977500473,37.96150205679897],[23.397434324046536,37.96071863867725],[23.397028091493414,37.96242078669957],[23.40450977500473,37.96150205679897]]],[[[23.53772060182344,37.963742523133995],[23.543211003531358,37.96297798124101],[23.53438357844768,37.96260695068881],[23.53772060182344,37.963742523133995]]],[[[23.4264311,37.96571310000003],[23.41444919999998,37.965684],[23.4103812,37.967855],[23.4264311,37.96571310000003]]],[[[23.53332680968634,37.9772997196989],[23.534618139739663,37.97815119809338],[23.535086365093964,37.97753947525645],[23.53332680968634,37.9772997196989]]],[[[23.559141800000013,37.988594],[23.560326300000042,37.988594],[23.56066960000004,37.98844520000002],[23.559141800000013,37.988594]]],[[[23.53510267846358,37.993567776815944],[23.543830278061616,37.99462420103553],[23.535573284324272,37.987667255376714],[23.53510267846358,37.993567776815944]]],[[[23.55851942465946,37.99945999701293],[23.560405813828936,37.99854696928871],[23.556935689805734,37.999333616216944],[23.55851942465946,37.99945999701293]]],[[[23.6118287,38.42147],[23.6124725,38.421385900000104],[23.611721500000037,38.421285],[23.6118287,38.42147]]],[[[23.603884204010306,38.44631857616961],[23.603969511850025,38.44395374691534],[23.601665591492473,38.44511566064113],[23.603884204010306,38.44631857616961]]],[[[23.570771,38.49144929999996],[23.5712317,38.491269],[23.5712356,38.491214],[23.570771,38.49144929999996]]],[[[23.4998574,38.4943409],[23.50545090000001,38.490562500000074],[23.505151600000016,38.4868313],[23.4998574,38.4943409]]],[[[23.208874,39.00705850000008],[23.2995364,39.03957279999999],[23.33656010000003,39.016261899999975],[23.376619501922097,39.007180414033],[23.381784400000036,38.964905799999975],[23.43026270000003,38.95443330000005],[23.42630747926248,38.905271521914955],[23.454310904770157,38.85115413897136],[23.573601900000035,38.77896150000005],[23.590003800000027,38.78435560000005],[23.589308758532642,38.76384750355383],[23.60579845596359,38.77135363564369],[23.62809316623385,38.75461596043097],[23.667844,38.75099930000005],[23.684847,38.75296730000003],[23.7010748,38.76322390000008],[23.70499646708141,38.76927816398747],[23.754751152861903,38.70790248722893],[23.8596511006452,38.67181908554679],[23.894578136618367,38.680419532415186],[23.955728376939422,38.66090514337311],[23.982524389430868,38.682182171692276],[24.01092703253358,38.67267353595531],[24.04736817271907,38.6873139878823],[24.102186800000016,38.6673569],[24.123563539798198,38.667074017016084],[24.154866720883547,38.65186002922856],[24.122345275877382,38.62899079856881],[24.1230815,38.595842],[24.23190845022536,38.52497386793868],[24.1874684881622,38.484385221593925],[24.180801571802565,38.43480435195676],[24.208419956151623,38.41101615263628],[24.181669102808332,38.393786930802065],[24.205139975910438,38.38053160550083],[24.21197326807941,38.3808017663878],[24.219392699983796,38.362367631776884],[24.205342003678897,38.337414048926625],[24.255761796563934,38.287997308876776],[24.2481372,38.2275405],[24.27186420000002,38.19791430000006],[24.328231600000052,38.18670740000003],[24.32767593774279,38.16876595008509],[24.34916693871386,38.15490692095228],[24.396498479671358,38.16689356528564],[24.424939605210962,38.14461151661647],[24.554491213190357,38.1407358355251],[24.58837732377595,38.15910078863743],[24.573745759743908,38.10674987941378],[24.58424169651545,38.02399106115943],[24.561310356395023,37.98213256147387],[24.49323714314671,37.949654758909524],[24.472018185200657,37.959178658529915],[24.46051679474823,37.997675167284115],[24.4164078,38.01323270000003],[24.392678246892054,38.00582226987394],[24.385747506034754,37.984615440508044],[24.402604985101203,37.97722962709916],[24.372603017877783,37.96220449915601],[24.338343249350665,37.98661263750801],[24.331841743811378,38.01217076362669],[24.304473,38.025839],[24.32143137174188,38.04425314291714],[24.306942415546345,38.0688670629733],[24.2861742,38.067174],[24.2824492,38.08442189999998],[24.24684747321588,38.09627847828464],[24.2029912,38.0853277],[24.213026717848557,38.12330312916895],[24.17900590849957,38.13002664988382],[24.211038645453183,38.16553569539742],[24.18589210000003,38.21588329999996],[24.138793515446984,38.22585497989055],[24.15082170000002,38.21178980000002],[24.133973100000045,38.21895149999999],[24.12757116538586,38.20684428820833],[24.116517151234287,38.22047385362303],[24.13861687967439,38.23931876049421],[24.150409700000033,38.26231159999997],[24.159633400000047,38.26679830000002],[24.154418,38.2791511],[24.1396294,38.28121280000005],[24.112211648420278,38.250450671957445],[24.095572438623357,38.2799941637107],[24.116396680926208,38.28731213076027],[24.111178700000014,38.31612840000001],[24.02275920000005,38.32824010000007],[24.0597587,38.34077949999996],[24.04961809419377,38.39484842474663],[24.0166942,38.390851],[23.99553940000003,38.40521830000002],[23.963500700000033,38.386563500000015],[23.89376080000003,38.38415420000004],[23.824542411422474,38.40589973263536],[23.790060053810006,38.38758064855537],[23.687871814448627,38.41540917718106],[23.64782753393992,38.39983881096145],[23.61122485588701,38.45672514806589],[23.587446,38.44826090000003],[23.603584900000012,38.4768023],[23.624344600000033,38.47567479999997],[23.635988600000022,38.50985770000004],[23.600410642530633,38.57035762639599],[23.51191222893674,38.58630727646475],[23.491829035766507,38.6343840709554],[23.44913207131401,38.649375248329434],[23.428815699999983,38.684463600000036],[23.385299436999055,38.69894707330601],[23.322881500000065,38.7628794],[23.282645493347136,38.767135030009655],[23.20411349999998,38.830603300000014],[23.134825800000012,38.85229719999999],[23.082516900000012,38.838667900000075],[23.044197600000018,38.8531846],[23.032127200000012,38.88195229999997],[22.9636453,38.890317400000065],[22.9486444,38.87620330000005],[22.98099450000003,38.87253280000004],[22.992316900000038,38.85051740000004],[22.82854950000003,38.82468480000007],[22.850345400000037,38.87126860000004],[23.0073472,38.9092902],[23.04924350000003,38.943364],[23.0797515138173,38.93979521372034],[23.095817840861553,38.98131299725643],[23.139372650947216,39.00703623808804],[23.208874,39.00705850000008]],[[23.861518745541403,38.671975],[23.861409018479534,38.671975],[23.861404,38.6718488],[23.861518745541403,38.671975]]],[[[23.551386900000033,38.50682719999998],[23.5508827,38.5071462],[23.55155860000005,38.506961500000045],[23.551386900000033,38.50682719999998]]],[[[23.643246003451125,38.75722893461873],[23.6431181,38.7568467],[23.643012238139423,38.75710587112423],[23.643246003451125,38.75722893461873]]],[[[23.698287433233723,38.76359240592161],[23.69817030530425,38.76574972359353],[23.699159052971144,38.76456365402264],[23.698287433233723,38.76359240592161]]],[[[23.4378282,38.89043980000005],[23.438859599999983,38.891042700000014],[23.43897150000003,38.89074170000002],[23.4378282,38.89043980000005]]],[[[23.4322794,38.948837900000015],[23.43303220000001,38.948390299999986],[23.432246600000017,38.94787410000002],[23.4322794,38.948837900000015]]],[[[23.434664298485426,38.95061265038151],[23.43507118934774,38.95044161375939],[23.43458612908796,38.950382954244965],[23.434664298485426,38.95061265038151]]],[[[23.4417488,38.954252],[23.4437688,38.955445200000035],[23.444098900000032,38.955207500000064],[23.4417488,38.954252]]],[[[23.449920800000054,38.95582730000004],[23.450242500000012,38.95622270000001],[23.451010400000023,38.95606940000004],[23.449920800000054,38.95582730000004]]],[[[23.4534387,38.9568199],[23.4528783,38.95757040000003],[23.45357360000003,38.95743319999998],[23.4534387,38.9568199]]],[[[23.88872093385833,36.84705930208497],[23.8864341,36.836938599999975],[23.87426049923016,36.84508499425226],[23.88872093385833,36.84705930208497]]],[[[23.87360680000002,36.84599489999999],[23.873662300000014,36.84597640000007],[23.8736407,36.845940700000064],[23.87360680000002,36.84599489999999]]],[[[23.8736777,36.84608],[23.873625,36.846185600000034],[23.873779300000017,36.84622789999999],[23.8736777,36.84608]]],[[[23.94413409999999,37.46116970000003],[23.94379970000004,37.4616393],[23.944746599999988,37.46136279999997],[23.94413409999999,37.46116970000003]]],[[[23.8999633,37.488258],[23.92945460000003,37.482026599999976],[23.942502200000035,37.461414799999986],[23.922056899999983,37.467146],[23.8999633,37.488258]]],[[[23.941891700000017,37.65660690000003],[23.95809167985759,37.656702211758336],[23.96524140000002,37.64687750000007],[23.942753784739715,37.644096543923865],[23.941891700000017,37.65660690000003]]],[[[24.0134374,37.651791099999976],[24.0150789,37.65238570000003],[24.015846,37.652050200000076],[24.0134374,37.651791099999976]]],[[[24.041407400000036,37.66451460000006],[24.041012500000033,37.66429720000006],[24.040703500000042,37.66441270000006],[24.041407400000036,37.66451460000006]]],[[[23.905258800000016,37.71477620000003],[23.89883040000004,37.705969599999975],[23.893605900000015,37.70983390000004],[23.905258800000016,37.71477620000003]]],[[[23.926299599999986,37.7151444],[23.92724370000004,37.714248199999965],[23.926153699999986,37.715076500000066],[23.926299599999986,37.7151444]]],[[[23.90921860000003,37.71570490000001],[23.90937260000003,37.71561920000004],[23.90926420000002,37.715533500000014],[23.90921860000003,37.71570490000001]]],[[[23.893159300000036,37.7290137],[23.89299409999999,37.728956],[23.893147500000023,37.72908540000007],[23.893159300000036,37.7290137]]],[[[23.89310760000002,37.72933130000011],[23.892729400000015,37.72899220000003],[23.8927576,37.72930010000009],[23.89310760000002,37.72933130000011]]],[[[23.8933156,37.7291929],[23.8933567,37.72930960000003],[23.893535900000018,37.72937050000006],[23.8933156,37.7291929]]],[[[23.893687800000027,37.729442],[23.893796500000022,37.729433800000045],[23.89365040000004,37.729399600000036],[23.893687800000027,37.729442]]],[[[23.89951740000003,37.7396108],[23.89951540000005,37.73992610000001],[23.8995755,37.739953],[23.899677700000023,37.73965520000004],[23.89951740000003,37.7396108]]],[[[23.8992309,37.739750300000054],[23.899377200000025,37.73986269999997],[23.8994493,37.7398501],[23.8992309,37.739750300000054]]],[[[23.899241,37.73996570000005],[23.899243,37.73986120000003],[23.899188900000016,37.73986910000005],[23.899241,37.73996570000005]]],[[[23.896958400000027,37.75609450000003],[23.89678920000002,37.756594799999974],[23.8970806,37.7564313],[23.896958400000027,37.75609450000003]]],[[[23.8982506,37.75692590000004],[23.8988165,37.757505500000086],[23.899129600000034,37.756945],[23.8982506,37.75692590000004]]],[[[23.890257500000033,37.76106930000002],[23.8901297,37.76102120000005],[23.890170300000044,37.76107950000004],[23.890257500000033,37.76106930000002]]],[[[23.890270300000036,37.7611163],[23.8903218,37.76114489999998],[23.8902905,37.761105500000056],[23.890270300000036,37.7611163]]],[[[23.889887800000047,37.7611359],[23.8898701,37.76118040000004],[23.889914,37.76116509999998],[23.889887800000047,37.7611359]]],[[[23.89068010000003,37.76122150000001],[23.89072020000004,37.761192700000066],[23.890668,37.76117539999996],[23.89068010000003,37.76122150000001]]],[[[23.889609100000033,37.76139949999997],[23.8903436,37.7616469],[23.891080500000047,37.76159140000002],[23.8901332,37.7611058],[23.889609100000033,37.76139949999997]]],[[[23.88949410000001,37.76143419999999],[23.889507499999986,37.7613868],[23.889469200000047,37.76142420000004],[23.88949410000001,37.76143419999999]]],[[[23.764021,37.762989800000035],[23.763506,37.76233839999995],[23.76316270000004,37.76265059999998],[23.764021,37.762989800000035]]],[[[23.873280200000014,37.76374389999999],[23.873337,37.76370010000006],[23.87327160000002,37.763723500000026],[23.873280200000014,37.76374389999999]]],[[[23.8725957,37.764325700000015],[23.872578900000036,37.76361260000002],[23.87167440000003,37.7640944],[23.8725957,37.764325700000015]]],[[[23.872953,37.765193],[23.8727665,37.7648225],[23.872537499999986,37.7649955],[23.872953,37.765193]]],[[[23.76661310000003,37.77887940000011],[23.767772500000046,37.78022869999999],[23.76801210000001,37.77874369999997],[23.76661310000003,37.77887940000011]]],[[[23.8844706,37.782900799999965],[23.8846886,37.784093],[23.885243,37.7838096],[23.8844706,37.782900799999965]]],[[[23.8230913,37.79065410000002],[23.823765300000012,37.790568400000026],[23.824794,37.78959589999998],[23.8230913,37.79065410000002]]],[[[23.7685858,37.794371199999965],[23.7690518,37.793733900000014],[23.76842450000002,37.79431930000003],[23.7685858,37.794371199999965]]],[[[23.808113,37.79493440000002],[23.807949200000014,37.79456030000011],[23.80780049999999,37.79466509999999],[23.808113,37.79493440000002]]],[[[23.8094758,37.7979585],[23.809716,37.797188100000064],[23.809287400000027,37.7977027],[23.8094758,37.7979585]]],[[[24.074027,37.805698600000035],[24.073565700000053,37.8058173],[24.073619300000036,37.80598680000002],[24.074027,37.805698600000035]]],[[[23.845180300000024,37.806186299999986],[23.844098900000027,37.80668140000009],[23.8460386,37.807251],[23.845180300000024,37.806186299999986]]],[[[24.04972601586629,37.82537111192234],[24.050799400000038,37.82501120000007],[24.05073069999998,37.8246044],[24.04972601586629,37.82537111192234]]],[[[24.0506771,37.838172200000024],[24.050972912748364,37.83766108197979],[24.050471820438098,37.837979611834385],[24.0506771,37.838172200000024]]],[[[24.0481253323464,37.868025566188216],[24.0500977,37.870930199999975],[24.051953800000035,37.86959210000006],[24.0481253323464,37.868025566188216]]],[[[24.034849,37.872793300000026],[24.033918900000028,37.8736724],[24.0351023,37.8728771],[24.034849,37.872793300000026]]],[[[24.02250330000005,37.880162900000016],[24.02345820000003,37.8818396],[24.024402300000048,37.881179],[24.02250330000005,37.880162900000016]]],[[[24.0451841,37.884617],[24.042973900000025,37.88174640000009],[24.0414612,37.883626300000046],[24.0451841,37.884617]]],[[[24.03432110000005,37.88623449999997],[24.0354446,37.88722650000002],[24.034600200000018,37.88569680000013],[24.03432110000005,37.88623449999997]]],[[[24.043352300000013,37.91634909999997],[24.0430845,37.91858069999998],[24.04396590000004,37.9167681],[24.043352300000013,37.91634909999997]]],[[[24.03645410000002,37.918794],[24.037553800000037,37.91828190000005],[24.0355743,37.91900640000008],[24.03645410000002,37.918794]]],[[[24.0392184,37.91920250000002],[24.038479700000043,37.9190445],[24.037783400000023,37.91999680000005],[24.0392184,37.91920250000002]]],[[[24.028547852335773,37.92495238750488],[24.0286371,37.9245584],[24.02816180000003,37.924907099999956],[24.028547852335773,37.92495238750488]]],[[[24.012569500000023,37.92994920000003],[24.014769,37.93067110000008],[24.0159062,37.92978250000004],[24.012569500000023,37.92994920000003]]],[[[24.0325415,37.987189499999985],[24.033555700000015,37.98828690000002],[24.0338483,37.98685610000002],[24.0325415,37.987189499999985]]],[[[24.0358702,37.98799350000003],[24.03725990000005,37.9881738],[24.037073700000025,37.98756610000012],[24.0358702,37.98799350000003]]],[[[24.108213900000017,38.18236059999993],[24.1075583,38.182514],[24.1087067,38.182440700000015],[24.108213900000017,38.18236059999993]]],[[[24.102299100000014,38.18460439999998],[24.10222610000001,38.18242780000006],[24.101326,38.18473430000002],[24.102299100000014,38.18460439999998]]],[[[24.096561300000033,38.1837645],[24.09716,38.187250700000064],[24.0995182,38.18512559999996],[24.096561300000033,38.1837645]]],[[[24.093831900000023,38.18880230000008],[24.092247199999985,38.1899913],[24.09228050000007,38.19031850000002],[24.093831900000023,38.18880230000008]]],[[[24.110756814777364,38.21879677623582],[24.09588879613134,38.2133032478755],[24.099005929044058,38.23458155784014],[24.106179103223504,38.23681064412256],[24.110756814777364,38.21879677623582]]],[[[24.106606926733228,38.240148545047276],[24.107718577259597,38.239880771333375],[24.106706752218802,38.23934208637971],[24.106606926733228,38.240148545047276]]],[[[24.106777580777614,38.297005208331],[24.104880896551236,38.29635607012294],[24.105807847488958,38.29837061801989],[24.106777580777614,38.297005208331]]],[[[24.0582036,38.31937820000007],[24.056098,38.31897220000006],[24.0574314,38.320844500000014],[24.0582036,38.31937820000007]]],[[[23.808352500000034,38.37925939999999],[23.8081532,38.378537],[23.807884400000017,38.37913970000004],[23.808352500000034,38.37925939999999]]],[[[23.8218104,38.380089],[23.822818,38.380835100000056],[23.82277810000004,38.37980889999998],[23.8218104,38.380089]]],[[[23.8151554,38.3851279],[23.8136186,38.383367400000026],[23.813545599999987,38.3856802],[23.8151554,38.3851279]]],[[[23.7996010168935,38.38526733879285],[23.802224284999358,38.38460789732566],[23.79903067971897,38.38230773713465],[23.7996010168935,38.38526733879285]]],[[[24.0449599,38.39375060000001],[24.04527530000003,38.394015400000015],[24.045285700000058,38.393759],[24.0449599,38.39375060000001]]],[[[24.091519521564305,38.671975],[24.092360945156766,38.67212897935575],[24.092413724675097,38.671975],[24.091519521564305,38.671975]]],[[[23.918236776705264,38.678285753099864],[23.917549600000047,38.67607539999999],[23.9165178,38.67628590000002],[23.918236776705264,38.678285753099864]]],[[[23.894230721951722,38.68102504739775],[23.893936401353795,38.681644107463875],[23.894423644795406,38.68119880987063],[23.894230721951722,38.68102504739775]]],[[[23.894613788577484,38.6827109550097],[23.894340456890717,38.68196880187887],[23.89388886540829,38.68219144862634],[23.894613788577484,38.6827109550097]]],[[[24.063579032241083,39.036474979278594],[24.059535795963093,39.034612066286506],[24.062551020372755,39.03747653076224],[24.063579032241083,39.036474979278594]]],[[[24.080591677735264,39.0480197144939],[24.0839934586218,39.04888556777205],[24.077612920194127,39.04546820560449],[24.080591677735264,39.0480197144939]]],[[[24.08284918863785,39.05318439410382],[24.082935783833925,39.05456130238898],[24.08343491126192,39.05465358698809],[24.08284918863785,39.05318439410382]]],[[[24.092315499999984,39.0712499],[24.10118025358793,39.072147379635936],[24.09276040000003,39.06843660000001],[24.092315499999984,39.0712499]]],[[[24.102810671366704,39.059967669899876],[24.114386421039146,39.069252525176765],[24.099896300000044,39.091208700000024],[24.116770992961023,39.10472190517315],[24.12695017144087,39.06572051510252],[24.102810671366704,39.059967669899876]]],[[[24.085910345625052,39.08218869112172],[24.086328832638007,39.083498833967695],[24.087180610919127,39.082829642018034],[24.085910345625052,39.08218869112172]]],[[[24.100139898165857,39.10286973799241],[24.10015232777226,39.10030747740089],[24.097073829679616,39.10084452486689],[24.100139898165857,39.10286973799241]]],[[[24.097384700000042,39.10424039999998],[24.09486359999999,39.10546130000002],[24.09617,39.1057507],[24.097384700000042,39.10424039999998]]],[[[24.091541600000028,39.10641330000003],[24.0922283,39.10631340000007],[24.09179910000002,39.1058804],[24.091541600000028,39.10641330000003]]],[[[24.237358,36.7715382],[24.221085,36.7996933],[24.2527661,36.8034432],[24.2495633,36.7745898],[24.237358,36.7715382]]],[[[24.48409730000003,37.1103946],[24.48316580000005,37.10960730000005],[24.4825593,37.10965870000001],[24.48409730000003,37.1103946]]],[[[24.474345800000037,37.1239925000001],[24.474803,37.124285499999985],[24.475164899999925,37.123949200000084],[24.474345800000037,37.1239925000001]]],[[[24.477621100000135,37.20428630000009],[24.532428200000027,37.19355820000004],[24.522862400000065,37.1611886],[24.534931800000038,37.15780860000012],[24.535251300000027,37.13182709999995],[24.516209399999923,37.145868],[24.518405400000063,37.12268420000004],[24.49330679999997,37.10856610000002],[24.493706299999985,37.125359100000026],[24.471982900000114,37.1260289],[24.46029809999999,37.12228490000001],[24.461010899999962,37.138224],[24.41445939999994,37.1215115],[24.439531,37.18588950000009],[24.477621100000135,37.20428630000009]]],[[[24.363452800000044,37.30009110000001],[24.363399,37.3003345],[24.363607,37.30019630000002],[24.363452800000044,37.30009110000001]]],[[[24.36636120000002,37.314983],[24.366376200000055,37.31530319999998],[24.3668235,37.31497110000006],[24.36636120000002,37.314983]]],[[[24.411197899999987,37.31705810000002],[24.41060859999999,37.31746770000004],[24.411167600000038,37.317340600000016],[24.411197899999987,37.31705810000002]]],[[[24.444795200000016,37.354607500000036],[24.4452226,37.355382400000046],[24.445797,37.35428520000005],[24.444795200000016,37.354607500000036]]],[[[24.460095822787054,37.375594669398126],[24.45937937840418,37.37594778557128],[24.460323400000036,37.37568380000006],[24.460095822787054,37.375594669398126]]],[[[24.457400400000015,37.38376669999998],[24.457294100000027,37.38327060000003],[24.457083700000013,37.38377359999996],[24.457400400000015,37.38376669999998]]],[[[24.38202660000001,37.30494210000002],[24.361735,37.311360800000095],[24.373247,37.310396799999964],[24.369311,37.3332537],[24.3996062,37.36396980000004],[24.387961373850093,37.37767032252912],[24.3996189,37.4005994],[24.39656070000003,37.414527],[24.36504230000002,37.422613699999964],[24.435884700000035,37.483056100000034],[24.425551599999984,37.441661],[24.46856332307931,37.42735753675428],[24.486401500000024,37.3992254],[24.4727288,37.3871644],[24.456339,37.39642960000002],[24.45270530000003,37.387675500000064],[24.4588996,37.37845610000002],[24.45038420000003,37.373352],[24.441745,37.35550060000004],[24.4427345,37.3452104],[24.38202660000001,37.30494210000002]]],[[[24.3898273,37.40331740000005],[24.39057690000005,37.40464320000001],[24.39094229999999,37.4036566],[24.3898273,37.40331740000005]]],[[[24.3701026,37.41048970000002],[24.369958,37.41035940000004],[24.369913200000024,37.4104389],[24.3701026,37.41048970000002]]],[[[24.368381317889103,37.41429885990077],[24.38177219374294,37.41197682723113],[24.364702035705555,37.411489757586985],[24.368381317889103,37.41429885990077]]],[[[24.3311349,37.55785180000003],[24.331123500000015,37.55723060000001],[24.3309433,37.5577996],[24.3311349,37.55785180000003]]],[[[24.264416100000037,37.5850372],[24.26697460000004,37.6076959],[24.294044712263435,37.65810023389947],[24.3277958,37.665676600000026],[24.31297550000003,37.6673918],[24.327411299999987,37.68227219999997],[24.372782064029433,37.6821465243634],[24.410338616803852,37.65451208926072],[24.386899900000017,37.6061378],[24.353553799999982,37.571060299999964],[24.3293169,37.55926289999998],[24.29387677082354,37.52373440163055],[24.271429500000025,37.52807250000006],[24.2809605,37.577235],[24.264416100000037,37.5850372]]],[[[24.3552794,37.683178300000044],[24.355639100000012,37.68319180000002],[24.355269800000016,37.68285810000002],[24.3552794,37.683178300000044]]],[[[24.374022752207573,37.68408772269986],[24.37261967937265,37.683372229954266],[24.372155066781183,37.68379217033429],[24.374022752207573,37.68408772269986]]],[[[24.337054213048987,37.684108078057335],[24.337051500000015,37.6837746],[24.336713321096184,37.684195723025866],[24.337054213048987,37.684108078057335]]],[[[24.105996277509888,37.64506014227947],[24.12707976129961,37.740199558833936],[24.14341346694439,37.756841557166055],[24.151286800000033,37.7207753],[24.105996277509888,37.64506014227947]]],[[[24.387139100000024,37.957477100000055],[24.386817099999984,37.958679],[24.387677601053703,37.958326331242716],[24.387139100000024,37.957477100000055]]],[[[24.39895361845429,37.996973885310744],[24.399580070176192,37.997450244321804],[24.399922724989807,37.99684355004275],[24.39895361845429,37.996973885310744]]],[[[24.4564881,37.99843860000004],[24.456002070625264,37.998232972278736],[24.45601038711267,37.99849553721541],[24.4564881,37.99843860000004]]],[[[24.3951098,37.99966240000007],[24.394888317478635,37.999323214652286],[24.3947855,37.99965520000002],[24.3951098,37.99966240000007]]],[[[24.230704400000022,37.983320299999974],[24.242850499999985,38.018530100000035],[24.279382599999984,38.01103330000007],[24.27777460000004,37.978256799999976],[24.230704400000022,37.983320299999974]]],[[[24.284427,38.0034306],[24.287050399999984,38.0039394],[24.2866627,38.0030965],[24.284427,38.0034306]]],[[[24.324610300000025,38.01276670000007],[24.325050200000017,38.0141023],[24.325157400000023,38.01381490000002],[24.324610300000025,38.01276670000007]]],[[[24.2739995,38.0203203],[24.274309300000027,38.01931830000002],[24.2732637,38.019602],[24.2739995,38.0203203]]],[[[24.296430200000053,38.0179776],[24.277445,38.023655],[24.288566500000037,38.0375698],[24.296430200000053,38.0179776]]],[[[24.273636600000028,38.029365800000015],[24.266066,38.02555340000008],[24.265481,38.027065799999974],[24.273636600000028,38.029365800000015]]],[[[24.24699740000004,38.0307658],[24.251491300000037,38.032906899999986],[24.248345100000034,38.02820650000002],[24.24699740000004,38.0307658]]],[[[24.256281700000038,38.035356100000016],[24.2582992,38.034627],[24.25602060000004,38.03457559999998],[24.256281700000038,38.035356100000016]]],[[[24.2722228,38.04926070000003],[24.277666100000026,38.04258150000004],[24.2702562,38.04536320000001],[24.2722228,38.04926070000003]]],[[[24.26343710000004,38.047069100000044],[24.2618049,38.046350200000035],[24.259425600000046,38.04779530000006],[24.26343710000004,38.047069100000044]]],[[[24.266038900000034,38.04963060000002],[24.26665919999998,38.05041530000001],[24.2670218,38.0493966000001],[24.266038900000034,38.04963060000002]]],[[[24.2077261,38.080101],[24.208734100000033,38.07922569999998],[24.20808980000004,38.0790825],[24.2077261,38.080101]]],[[[24.209845,38.0806162],[24.213113900000028,38.083637500000094],[24.2136773,38.07906649999999],[24.209845,38.0806162]]],[[[24.1595735,38.08613609999997],[24.1551225,38.087826],[24.159272800000014,38.089723900000074],[24.1595735,38.08613609999997]]],[[[24.11659230000003,38.11245280000002],[24.1158791,38.11371940000007],[24.1170712,38.11261309999998],[24.11659230000003,38.11245280000002]]],[[[24.1584097,38.15994470000003],[24.159095699999988,38.1557215],[24.1630223,38.15090180000003],[24.159321399999982,38.1529603],[24.1584097,38.15994470000003]]],[[[24.169071100000043,38.15569820000001],[24.15024020000001,38.18141249999997],[24.1768335,38.18207729999998],[24.169071100000043,38.15569820000001]]],[[[24.150324,38.1716312],[24.1540174,38.1721259],[24.15345380000003,38.16993630000004],[24.150324,38.1716312]]],[[[24.168650899999985,38.182893499999984],[24.170284300000027,38.1828065],[24.170359,38.18275950000001],[24.168650899999985,38.182893499999984]]],[[[24.1691055,38.188123800000014],[24.16986830000004,38.186516600000026],[24.16770180000001,38.186965],[24.1691055,38.188123800000014]]],[[[24.144200400000038,38.1884863],[24.144755,38.191006299999984],[24.146493899999985,38.18958510000006],[24.144200400000038,38.1884863]]],[[[24.147898673655327,38.208918612484965],[24.14921814830025,38.20991142901495],[24.149465799999987,38.2094357],[24.147898673655327,38.208918612484965]]],[[[24.260576870939122,38.22085925806403],[24.26084782582857,38.22058787847195],[24.26027977127962,38.22051380909553],[24.260576870939122,38.22085925806403]]],[[[24.132603859980435,38.23719297969492],[24.130436220864578,38.23910836103834],[24.13301742270649,38.238436303155055],[24.132603859980435,38.23719297969492]]],[[[24.141880400000034,38.271693100000014],[24.1412985,38.2735649],[24.1428512,38.271703],[24.141880400000034,38.271693100000014]]],[[[24.197914512190884,38.38637244527956],[24.197783155785515,38.385964611044955],[24.197546108613114,38.386391075592805],[24.197914512190884,38.38637244527956]]],[[[24.2033983,38.39255260000007],[24.2033741,38.39141750000005],[24.20183530000001,38.39069380000004],[24.2033983,38.39255260000007]]],[[[24.19466088620979,38.42798871466609],[24.195169311336944,38.42852986953312],[24.195240615255216,38.42841815273996],[24.19466088620979,38.42798871466609]]],[[[24.231426900000017,38.517452499999955],[24.229632871841364,38.51665773821294],[24.2294308440729,38.51817335387174],[24.231426900000017,38.517452499999955]]],[[[24.22234880000002,38.61071920000002],[24.222389299999985,38.60998910000003],[24.2218677,38.610657],[24.22234880000002,38.61071920000002]]],[[[24.15308590000001,38.65744850000006],[24.151976700000017,38.660253500000074],[24.153679200000038,38.6605606],[24.15308590000001,38.65744850000006]]],[[[24.25240279999998,38.66466770000001],[24.249374700000043,38.6638521],[24.2478633,38.6654264],[24.25240279999998,38.66466770000001]]],[[[24.133106775233703,38.66334325696797],[24.132806473965363,38.669711513314],[24.135252800000025,38.663550400000055],[24.133106775233703,38.66334325696797]]],[[[24.427513383986398,38.828609],[24.43273678597538,38.82549973219559],[24.433905683986396,38.820335900000075],[24.427513383986398,38.828609]]],[[[24.378095383986373,38.8341],[24.379060883986394,38.8346353],[24.37907958398637,38.83412219999999],[24.378095383986373,38.8341]]],[[[24.37323413657453,38.83542109311349],[24.35622516020392,38.82640953183819],[24.341991136379345,38.83679112131769],[24.353589907087017,38.85015676925523],[24.37323413657453,38.83542109311349]]],[[[24.37023458398643,38.842524700000055],[24.369298106981383,38.84296586276216],[24.36936084350587,38.84340413560037],[24.37023458398643,38.842524700000055]]],[[[24.474399183986435,38.8484414],[24.475027683986454,38.84975819999999],[24.47563888398641,38.848487],[24.474399183986435,38.8484414]]],[[[24.479054783986378,38.85572170000006],[24.478792783986425,38.856678],[24.478958183986414,38.8568622],[24.479054783986378,38.85572170000006]]],[[[24.47063418398637,38.86083460000004],[24.470645483986452,38.861547],[24.471023483986414,38.86131430000001],[24.47063418398637,38.86083460000004]]],[[[24.4642706839864,38.86172850000005],[24.464600083986394,38.86231079999999],[24.46477088398646,38.861973499999976],[24.4642706839864,38.86172850000005]]],[[[24.44226168398645,38.8665933],[24.442908783986372,38.866864300000024],[24.442918083986374,38.86660790000006],[24.44226168398645,38.8665933]]],[[[24.438877583986415,38.8695678],[24.43546908398641,38.873571800000015],[24.44222658398643,38.871111],[24.438877583986415,38.8695678]]],[[[24.435409783986426,38.88868390000006],[24.4361602839864,38.88914730000006],[24.435993383986425,38.88845880000008],[24.435409783986426,38.88868390000006]]],[[[24.440504955885608,38.89072876249283],[24.440947960475047,38.889931003085884],[24.44062458333691,38.88966721792684],[24.440504955885608,38.89072876249283]]],[[[24.46001428398637,38.911215600000034],[24.459576283986422,38.9115361],[24.460417183986365,38.91162060000001],[24.46001428398637,38.911215600000034]]],[[[24.463558583986398,38.916156600000065],[24.46423698398639,38.91394590000002],[24.462289683986377,38.9139894],[24.463558583986398,38.916156600000065]]],[[[24.45105318398641,38.930449899999985],[24.456160983986386,38.930752100000056],[24.457472983986424,38.92977159999999],[24.45105318398641,38.930449899999985]]],[[[24.468035105291122,38.97079210373687],[24.46823249968777,38.9715361881879],[24.468708906267988,38.97057117380809],[24.468035105291122,38.97079210373687]]],[[[24.48248139935834,38.994944720444266],[24.481453094490234,38.99364600381871],[24.48009688398644,38.9947763],[24.48248139935834,38.994944720444266]]],[[[24.48427588130186,38.99565590826335],[24.483396466309674,38.995138681467395],[24.483301394418636,38.995591255120566],[24.48427588130186,38.99565590826335]]],[[[24.4857491839864,39.006338100000015],[24.483223783986436,39.0015516],[24.4814723839864,39.00494650000007],[24.4857491839864,39.006338100000015]]],[[[24.46982148398638,39.0153522],[24.470131983986388,39.01587250000004],[24.47015028398641,39.01535939999999],[24.46982148398638,39.0153522]]],[[[24.466751583986433,39.01836669999999],[24.468642483986464,39.0207188],[24.468487483986376,39.01583679999997],[24.466751583986433,39.01836669999999]]],[[[24.644404005390015,36.74228740539007],[24.644746505390117,36.741523605390114],[24.644108605390045,36.74151100539012],[24.644404005390015,36.74228740539007]]],[[[24.666125205390074,36.75221950539009],[24.66643630539005,36.752482405390026],[24.666444105389985,36.75222570539006],[24.666125205390074,36.75221950539009]]],[[[24.578730211990216,36.75434018590122],[24.5787394,36.76077],[24.5803266,36.7610592],[24.578730211990216,36.75434018590122]]],[[[24.5714226,36.7597482],[24.5716015,36.7598474],[24.5715892,36.7597479],[24.5714226,36.7597482]]],[[[24.6046199,36.7805585],[24.621574505390072,36.78909490539013],[24.6246212053901,36.78350510539002],[24.66019400538994,36.77933000539008],[24.665790505390078,36.75272660538997],[24.622460905390028,36.75007040538992],[24.6046199,36.7805585]]],[[[24.6085131,36.7683077],[24.610435605389966,36.767295705389984],[24.6075879,36.7672616],[24.6085131,36.7683077]]],[[[24.5783275,36.7738613],[24.5789577,36.774131],[24.5789737,36.7736177],[24.5783275,36.7738613]]],[[[24.5836634,36.7767954],[24.5834651,36.7729384],[24.5795636,36.7751707],[24.5836634,36.7767954]]],[[[24.645093105390004,36.782371105389984],[24.64573930539001,36.78212710539003],[24.645101105389926,36.78211440539002],[24.645093105390004,36.782371105389984]]],[[[24.628109605390023,36.78736720539001],[24.62815670539004,36.78741030538998],[24.62816500539003,36.78737200539001],[24.628109605390023,36.78736720539001]]],[[[24.628339605390067,36.78748290538999],[24.628439305389975,36.78763370539002],[24.628292805390117,36.78734260539011],[24.628339605390067,36.78748290538999]]],[[[24.5861888,36.7878914],[24.5864918,36.7884113],[24.586508,36.7878978],[24.5861888,36.7878914]]],[[[24.5871302,36.7884241],[24.5874653,36.7879172],[24.586811,36.7884177],[24.5871302,36.7884241]]],[[[24.5261136,36.789096],[24.5261507,36.7879414],[24.5254795,36.7889549],[24.5261136,36.789096]]],[[[24.5961206,36.7970826],[24.5964317,36.7973457],[24.5964398,36.797089],[24.5961206,36.7970826]]],[[[24.5948117,36.7980836],[24.5951631,36.7970631],[24.5945246,36.7970503],[24.5948117,36.7980836]]],[[[24.5922236,36.8093328],[24.5928459,36.809859],[24.592862,36.8093457],[24.5922236,36.8093328]]],[[[24.5950062,36.8224888],[24.5756294,36.7784296],[24.5384759,36.7720155],[24.5195551,36.8191399],[24.5590367,36.8484679],[24.5740257,36.8292542],[24.6060453,36.827078],[24.5950062,36.8224888]]],[[[24.5948879,36.816065],[24.5955184,36.8163345],[24.5955263,36.8160779],[24.5948879,36.816065]]],[[[24.5979198,36.8212633],[24.5970344,36.8189337],[24.5963315,36.8209743],[24.5979198,36.8212633]]],[[[24.5308314,36.831297],[24.5307504,36.8314398],[24.5309623,36.8312757],[24.5308314,36.831297]]],[[[24.5308812,36.8315603],[24.5309183,36.8315028],[24.5308685,36.8315334],[24.5308812,36.8315603]]],[[[24.5312507,36.8314806],[24.5314395,36.8317633],[24.5315681,36.8315844],[24.5312507,36.8314806]]],[[[24.56062620000006,37.139908400000024],[24.56205540000002,37.14499060000003],[24.5651578,37.14213920000003],[24.56062620000006,37.139908400000024]]],[[[24.611969405390084,37.2502024053901],[24.61162410538992,37.250965905390046],[24.612266305389937,37.25097880539005],[24.611969405390084,37.2502024053901]]],[[[24.612250005390024,37.25149230539006],[24.59503010000003,37.25362010000009],[24.58370510000003,37.25067920000009],[24.598819700000092,37.26036110000007],[24.612250005390024,37.25149230539006]]],[[[24.52577800820028,37.306103973243125],[24.525050708233735,37.299411214278045],[24.52188040000005,37.30384959999997],[24.52577800820028,37.306103973243125]]],[[[24.87239531259388,37.37607659202399],[24.873695081921596,37.37526511762269],[24.871228,37.3740368],[24.87239531259388,37.37607659202399]]],[[[24.873783600000024,37.381523],[24.875023300000066,37.380043000000114],[24.872858800000017,37.380956800000035],[24.873783600000024,37.381523]]],[[[24.86159510000016,37.38794],[24.861634800000047,37.38690350000002],[24.861307899999986,37.38686220000017],[24.86159510000016,37.38794]]],[[[24.873139700000024,37.39256750000004],[24.87341710000004,37.39254870000008],[24.873604200000102,37.392325500000084],[24.873139700000024,37.39256750000004]]],[[[24.868494200000043,37.39277470000013],[24.8692067,37.39264090000006],[24.869124000000113,37.39243780000015],[24.868494200000043,37.39277470000013]]],[[[24.86825410000006,37.392907300000104],[24.86839590000011,37.392937],[24.868433400000015,37.3929320000002],[24.86832270000008,37.392852800000014],[24.86825410000006,37.392907300000104]]],[[[24.868679700000143,37.392958],[24.868679700000143,37.39284780000014],[24.868477,37.39290350000016],[24.868679700000143,37.392958]]],[[[24.88248240000013,37.392965500000116],[24.882536800000025,37.392815600000176],[24.882245800000078,37.392942600000026],[24.88248240000013,37.392965500000116]]],[[[24.882061900000167,37.39307980000001],[24.881825300000116,37.39290450000004],[24.881796500000064,37.39301760000018],[24.882061900000167,37.39307980000001]]],[[[24.872263499999974,37.39303320000022],[24.87226830000003,37.393126],[24.872324200000037,37.39305740000009],[24.872263499999974,37.39303320000022]]],[[[24.87260740000005,37.39349969999989],[24.872952699999985,37.39325579999996],[24.873139600000172,37.39290420000003],[24.87260740000005,37.39349969999989]]],[[[24.87241060000008,37.393399100000124],[24.8724633,37.3934473],[24.87246170000003,37.39338640000011],[24.87241060000008,37.393399100000124]]],[[[24.93939190000009,37.42925760000003],[24.939380800000038,37.429275800000084],[24.939399800000047,37.429268500000035],[24.93939190000009,37.42925760000003]]],[[[24.939441100000067,37.429367000000184],[24.93947730000002,37.42943270000012],[24.939460600000075,37.4293523],[24.939441100000067,37.429367000000184]]],[[[24.973439800000108,37.40093640000009],[24.875685799999985,37.36294050000009],[24.884675885337515,37.39221694054089],[24.879100400000084,37.398225100000104],[24.854570799999976,37.39491490000012],[24.85698880000001,37.4113226],[24.877734400000065,37.421551800000145],[24.86312120000008,37.429686200000106],[24.899915499999963,37.44525270000008],[24.897862700000132,37.45958910000002],[24.889030000000105,37.46112050000005],[24.901873099999932,37.4728951],[24.898420100000067,37.49691400000012],[24.8765972999999,37.51134829999995],[24.946401468244517,37.486390209340755],[24.949094599999967,37.446775],[24.93510692758815,37.43507384285766],[24.939145704336738,37.42869674563849],[24.95342030000012,37.43130470000011],[24.952624299999968,37.4250421000001],[24.956639100000018,37.41941370000018],[24.96748,37.414206300000046],[24.973439800000108,37.40093640000009]]],[[[24.94908460000005,37.454300899999964],[24.94901980000003,37.45435639999994],[24.949102799999935,37.454360900000154],[24.94908460000005,37.454300899999964]]],[[[24.95040110000008,37.45620860000008],[24.950347200000067,37.45626540000018],[24.950470200000098,37.45623230000007],[24.95040110000008,37.45620860000008]]],[[[24.896132799999975,37.45705630000003],[24.896818300000064,37.456785500000024],[24.8960879,37.456762900000115],[24.896132799999975,37.45705630000003]]],[[[24.95032370000007,37.46453790000004],[24.95029530000005,37.46452829999993],[24.950299299999983,37.46454210000002],[24.95032370000007,37.46453790000004]]],[[[24.950265700000045,37.46455040000018],[24.950276500000086,37.46461020000015],[24.950313799999947,37.46457660000004],[24.950265700000045,37.46455040000018]]],[[[24.889669900000115,37.468430400000216],[24.892422900000156,37.468547899999976],[24.89209530000005,37.467608100000064],[24.889669900000115,37.468430400000216]]],[[[24.89214030000005,37.46889610000005],[24.892593400000067,37.46882750000003],[24.89243060000007,37.468686600000126],[24.89214030000005,37.46889610000005]]],[[[24.892703300000107,37.46905790000011],[24.892699000000107,37.468925200000115],[24.892593400000067,37.4689624],[24.892703300000107,37.46905790000011]]],[[[24.941767700000014,37.492226500000015],[24.941483,37.49203380000006],[24.9413791,37.4919794],[24.941767700000014,37.492226500000015]]],[[[24.752443006557996,37.582640951366045],[24.74693834406645,37.59048364519316],[24.754821904738662,37.58234256638599],[24.752443006557996,37.582640951366045]]],[[[24.68238220000012,37.59838150000013],[24.68198769999998,37.59865180000014],[24.68239,37.5986688000001],[24.68238220000012,37.59838150000013]]],[[[24.6852278,37.599240400000156],[24.684932699999933,37.599316900000076],[24.68531920000015,37.5993718000002],[24.6852278,37.599240400000156]]],[[[24.656473558179925,37.61085069111709],[24.65740060000013,37.60839249999998],[24.655826197282067,37.61087755990519],[24.656473558179925,37.61085069111709]]],[[[24.734970499999918,37.60191610000004],[24.745878700000105,37.5916246000001],[24.650042,37.60572920000004],[24.742983905740687,37.63353416108811],[24.734970499999918,37.60191610000004]]],[[[24.51741410000001,37.9369606],[24.5261059,37.935337099999984],[24.52720289999999,37.931523300000016],[24.51741410000001,37.9369606]]],[[[24.599578099999984,38.1576076],[24.601054800000036,38.15958520000007],[24.601422,38.15953550000006],[24.599578099999984,38.1576076]]],[[[24.60031480337704,38.76400223503951],[24.626797078628034,38.748777903329305],[24.594720956806558,38.75284674068496],[24.60031480337704,38.76400223503951]]],[[[24.593660183986398,38.7601177],[24.579160083986405,38.767316],[24.5906651839864,38.767559900000066],[24.593660183986398,38.7601177]]],[[[24.512594283986413,38.7900693],[24.513562283986413,38.7881765],[24.511146683986436,38.78939759999997],[24.512594283986413,38.7900693]]],[[[24.516720783986422,38.793645],[24.515780383986414,38.7930366],[24.516488383986378,38.79385439999999],[24.516720783986422,38.793645]]],[[[24.525679689852545,38.797911447624195],[24.524978534656054,38.795947894977154],[24.523350428521844,38.796772223195646],[24.525679689852545,38.797911447624195]]],[[[24.504548887525917,38.83869076589814],[24.505195553154635,38.82337173151098],[24.491356747744753,38.79791497901184],[24.478251087563965,38.80802827002719],[24.504548887525917,38.83869076589814]]],[[[24.527041583986403,38.8455305],[24.52704928398641,38.845200600000034],[24.526738883986376,38.84538630000002],[24.527041583986403,38.8455305]]],[[[24.568260013054882,38.87493814808485],[24.68262430000002,38.80812610000002],[24.68347,38.77356170000004],[24.61707845609393,38.764369875034795],[24.5856225171572,38.79040890307214],[24.565300900446097,38.784091333438546],[24.570678191091723,38.760090943739726],[24.532346606212112,38.78423955262858],[24.531489221357436,38.79716548117797],[24.568904883986406,38.80792939999996],[24.566929006580207,38.839309429502734],[24.539506383986417,38.83544970000003],[24.533783583986366,38.85016790000001],[24.50383218398641,38.8400242],[24.50976578398643,38.85769090000008],[24.481447283986387,38.8531359],[24.47760468398642,38.87405380000006],[24.43035828398639,38.87894910000007],[24.468101183986366,38.916279700000054],[24.44833158398642,38.94537649999998],[24.45535308398641,38.96416940000007],[24.49100338398637,38.97830160000003],[24.51110228398641,38.96071850000004],[24.58240008398638,38.925497],[24.568260013054882,38.87493814808485]]],[[[24.580244783986423,38.8723941],[24.580783683986414,38.87262960000007],[24.580818583986392,38.87239780000002],[24.580244783986423,38.8723941]]],[[[24.57656998398638,38.874365],[24.57633938398644,38.874325299999974],[24.576545883986395,38.87453410000001],[24.57656998398638,38.874365]]],[[[24.586064983986383,38.9232154],[24.585595683986462,38.923422],[24.58626348398641,38.9236661],[24.586064983986383,38.9232154]]],[[[24.583130283986417,38.92380390000007],[24.583827483986457,38.92529170000007],[24.58425088398637,38.925446200000046],[24.583130283986417,38.92380390000007]]],[[[24.587215683986432,38.9247283],[24.58709188398637,38.92480769999999],[24.587223383986405,38.92519160000001],[24.587215683986432,38.9247283]]],[[[24.5856837839864,38.925137299999975],[24.585434683986424,38.92477],[24.585668083986395,38.92518730000005],[24.5856837839864,38.925137299999975]]],[[[24.587904983986416,38.926099200000046],[24.587708783986418,38.92649989999998],[24.58809278398643,38.9265937],[24.587904983986416,38.926099200000046]]],[[[24.588181283986426,38.92708830000006],[24.588304283986403,38.9267149],[24.588232283986393,38.9266668],[24.588181283986426,38.92708830000006]]],[[[24.58708698398639,38.92704229999999],[24.586896483986386,38.92698179999997],[24.587057083986398,38.9271843],[24.58708698398639,38.92704229999999]]],[[[24.580464583986444,38.92813779999996],[24.580866483986384,38.9280962],[24.580609383986413,38.927766400000024],[24.580464583986444,38.92813779999996]]],[[[24.578942283986432,38.93293310000004],[24.579590583986423,38.9332033],[24.579599283986393,38.93294670000007],[24.578942283986432,38.93293310000004]]],[[[24.511504583986376,38.963267],[24.51229528398643,38.96344990000002],[24.511755683986397,38.9629243],[24.511504583986376,38.963267]]],[[[25.265246100000013,37.36723910000012],[25.264933700000086,37.36744220000003],[25.265221100000076,37.3674554000001],[25.265246100000013,37.36723910000012]]],[[[25.262939400000107,37.37022450000006],[25.26563340000007,37.372062200000016],[25.264751000000103,37.36845320000003],[25.262939400000107,37.37022450000006]]],[[[25.2982763,37.388834100000054],[25.298424800000078,37.3887873999999],[25.298338,37.3887296],[25.2982763,37.388834100000054]]],[[[25.2984864,37.38929030000014],[25.298755200000016,37.388694],[25.29833240000005,37.3891724],[25.2984864,37.38929030000014]]],[[[25.29527889999997,37.39010040000005],[25.296051199999965,37.38872530000009],[25.29521950000003,37.38861829999996],[25.29527889999997,37.39010040000005]]],[[[25.303064800000072,37.39151540000006],[25.30165030000012,37.392528800000036],[25.30426040000009,37.39232150000015],[25.303064800000072,37.39151540000006]]],[[[24.956111099999987,37.391699800000026],[24.95633090000007,37.39228190000006],[24.956468564605814,37.39191986778411],[24.956111099999987,37.391699800000026]]],[[[25.29798660000006,37.39308150000011],[25.300262700000076,37.39208670000005],[25.296763200000044,37.39023830000008],[25.29798660000006,37.39308150000011]]],[[[25.2678797,37.37235190000001],[25.26719470000012,37.4090733000001],[25.278540400000054,37.41283519999996],[25.2678797,37.37235190000001]]],[[[24.99430312364194,37.391685577681585],[24.995672158873106,37.395231856361704],[24.996214068652023,37.39446143308635],[24.99430312364194,37.391685577681585]]],[[[24.96140230000009,37.393724099999986],[24.9615081,37.39332960000007],[24.961247600000092,37.39369820000002],[24.96140230000009,37.393724099999986]]],[[[25.262317199999984,37.397186200000135],[25.259692,37.392395],[25.2611736,37.3979399000001],[25.262317199999984,37.397186200000135]]],[[[25.262735299999918,37.400017800000114],[25.261400399999957,37.4020531000001],[25.262372,37.40181039999993],[25.262735299999918,37.400017800000114]]],[[[25.218102,37.36775940000001],[25.232141100000035,37.40033470000003],[25.21510120000005,37.399308100000155],[25.1985376,37.432191600000124],[25.2290296,37.436762400000134],[25.2334588,37.39907010000002],[25.256709399999977,37.396076200000095],[25.253288300000065,37.37701780000009],[25.23988610000015,37.385809100000074],[25.218102,37.36775940000001]]],[[[25.33044160000003,37.40793880000001],[25.329999600000065,37.40831480000003],[25.33017940000002,37.40854780000012],[25.33044160000003,37.40793880000001]]],[[[25.239619300000072,37.4109777000001],[25.240215,37.4130414],[25.24085890000015,37.413051],[25.239619300000072,37.4109777000001]]],[[[25.24318809999994,37.423617],[25.243621100000098,37.41887110000005],[25.241698400000132,37.4184575000001],[25.24318809999994,37.423617]]],[[[24.955731600000036,37.42249450000014],[24.956119600000022,37.42277360000014],[24.95604450000002,37.42245350000013],[24.955731600000036,37.42249450000014]]],[[[24.956008,37.42284850000016],[24.955971299999987,37.4229071000002],[24.9560295,37.42288470000011],[24.956008,37.42284850000016]]],[[[24.954283800000155,37.423690900000054],[24.95423839999995,37.423742],[24.9542876000001,37.423790100000076],[24.954283800000155,37.423690900000054]]],[[[24.9534362,37.42446230000007],[24.953472800000043,37.42437590000003],[24.95338540000006,37.424417],[24.9534362,37.42446230000007]]],[[[24.986444519074496,37.42693641352764],[24.985048508861155,37.423957985536106],[24.983978950086964,37.42579267011587],[24.986444519074496,37.42693641352764]]],[[[24.967579048881362,37.427457437587634],[24.98166870313446,37.42461485308314],[24.975165785786942,37.423380390345415],[24.967579048881362,37.427457437587634]]],[[[25.2077648,37.436955500000124],[25.205851200000154,37.43615590000002],[25.205504800000085,37.437178],[25.2077648,37.436955500000124]]],[[[25.30527240000015,37.441219600000125],[25.306496900000013,37.44406270000019],[25.307347800000116,37.44202000000013],[25.30527240000015,37.441219600000125]]],[[[25.30004430000014,37.44448380000006],[25.299704800000086,37.44524940000014],[25.300343100000134,37.44551550000011],[25.30004430000014,37.44448380000006]]],[[[25.317322300000114,37.49289220000003],[25.35913020000004,37.49746219999997],[25.360239599999943,37.476352800000086],[25.376074500000072,37.461264800000095],[25.38406020000002,37.47006470000008],[25.379253,37.4920575000001],[25.40398390000007,37.49550829999998],[25.429641600000082,37.471064400000046],[25.461145900000133,37.4750381],[25.459630200000106,37.44667180000005],[25.406044099999974,37.43362040000005],[25.399931599999945,37.4136893000001],[25.386658500000067,37.42268760000013],[25.348924,37.40326340000007],[25.322980299999983,37.422544],[25.30616230000004,37.4023663000001],[25.3126859,37.4194923],[25.299690599999963,37.43158859999994],[25.32378810000006,37.427099399999975],[25.329969,37.449068300000135],[25.309361700000125,37.47167560000014],[25.317322300000114,37.49289220000003]]],[[[25.4778392,37.446394199999986],[25.49171730000006,37.461213700000144],[25.489846900000032,37.44205269999998],[25.4778392,37.446394199999986]]],[[[25.482473299999924,37.456214800000055],[25.481839600000114,37.455692800000065],[25.4818343,37.45594969999996],[25.482473299999924,37.456214800000055]]],[[[24.950625300000127,37.45630559999995],[24.950688,37.45632860000006],[24.950637400000062,37.45628140000008],[24.950625300000127,37.45630559999995]]],[[[24.951116400000103,37.45729840000001],[24.9511948,37.45725239999996],[24.95113,37.45723070000008],[24.951116400000103,37.45729840000001]]],[[[25.48782560000012,37.46244819999998],[25.488137199999983,37.46296589999997],[25.488469899999984,37.46245640000012],[25.48782560000012,37.46244819999998]]],[[[25.37742960000014,37.464233900000124],[25.377605300000084,37.4642906],[25.377671200000066,37.46424910000013],[25.37742960000014,37.464233900000124]]],[[[25.377715200000125,37.4643254],[25.37779210000008,37.464377700000114],[25.37784970000007,37.4643254],[25.377715200000125,37.4643254]]],[[[25.3774323,37.464519400000086],[25.377509200000134,37.464645800000085],[25.37774810000002,37.464478],[25.3774323,37.464519400000086]]],[[[24.95038740000018,37.465183200000126],[24.95100460000009,37.46456170000005],[24.950269100000014,37.46467310000003],[24.95038740000018,37.465183200000126]]],[[[25.366850099999965,37.485755900000015],[25.367148499999985,37.4862493],[25.3673738,37.4859381],[25.366850099999965,37.485755900000015]]],[[[25.3655599,37.487228500000015],[25.364736700000094,37.486430400000074],[25.36391730000014,37.4865228000001],[25.3655599,37.487228500000015]]],[[[25.36870970000001,37.4918568],[25.368763300000012,37.49183830000004],[25.368711099999928,37.49181870000001],[25.36870970000001,37.4918568]]],[[[25.362712699999975,37.491952],[25.363446599999918,37.49177020000013],[25.36265440000011,37.49185640000013],[25.362712699999975,37.491952]]],[[[25.365466300000037,37.49232990000007],[25.367287200000078,37.491305700000055],[25.365713,37.49151180000007],[25.365466300000037,37.49232990000007]]],[[[25.3612758000001,37.4933939],[25.361547700000017,37.49323679999998],[25.361283600000036,37.49309820000002],[25.3612758000001,37.4933939]]],[[[25.36160590000003,37.49414270000011],[25.36162920000004,37.49384070000002],[25.361349599999983,37.4937205],[25.36160590000003,37.49414270000011]]],[[[24.972000400000024,39.499697400000144],[24.998072900000054,39.56126070000005],[25.05733200000014,39.52991360000002],[24.986347,39.46194460000003],[24.972000400000024,39.499697400000144]]],[[[25.054628500000085,39.51985420000017],[25.054290000000165,39.52010540000015],[25.053267100000074,39.52111519999998],[25.054628500000085,39.51985420000017]]],[[[25.053512700000045,39.52420069999995],[25.05330759999997,39.52359520000005],[25.05318110000002,39.524195200000044],[25.053512700000045,39.52420069999995]]],[[[24.974597399999944,39.524392700000185],[24.97526760000003,39.5241476000001],[24.974604800000037,39.524136],[24.974597399999944,39.524392700000185]]],[[[25.06271660000012,39.538990499999976],[25.060713400000086,39.5394705000001],[25.062998000000153,39.54079260000017],[25.06271660000012,39.538990499999976]]],[[[25.002597,39.5654469],[25.003245500000098,39.56597150000006],[25.00429179999997,39.56419210000011],[25.002597,39.5654469]]],[[[25.236000100000144,39.79338620000008],[25.234016899999958,39.792842599999936],[25.233955400000088,39.79345869999998],[25.236000100000144,39.79338620000008]]],[[[25.234855,39.7951249],[25.236499800000146,39.79813510000007],[25.237355700000023,39.797197400000094],[25.234855,39.7951249]]],[[[25.12998219999997,39.81201],[25.131324,39.811646],[25.129996200000107,39.81149670000011],[25.12998219999997,39.81201]]],[[[25.045619299999956,39.830075400000155],[25.04410539999993,39.83091210000009],[25.046960200000058,39.83172140000003],[25.045619299999956,39.830075400000155]]],[[[25.070810800000167,39.83600769999997],[25.07121439999994,39.837391200000035],[25.071946700000165,39.83684949999997],[25.070810800000167,39.83600769999997]]],[[[25.04610730000002,39.85812790000003],[25.044160400000063,39.85629790000013],[25.043783500000128,39.85783220000002],[25.04610730000002,39.85812790000003]]],[[[25.041141500000087,39.85701719999997],[25.042770099999917,39.8583285000001],[25.04295779999999,39.85756129999998],[25.041141500000087,39.85701719999997]]],[[[25.22631090000013,39.86051939999997],[25.226401000000116,39.860414199999944],[25.22626400000013,39.86046959999992],[25.22631090000013,39.86051939999997]]],[[[25.228050600000024,39.86096490000011],[25.22726470000001,39.860437900000015],[25.227157399999967,39.860921700000056],[25.228050600000024,39.86096490000011]]],[[[25.2184671,39.86307780000013],[25.218513800000018,39.86372260000004],[25.218977800000033,39.86348419999996],[25.2184671,39.86307780000013]]],[[[25.216890499999923,39.86282119999996],[25.218083500000077,39.869462400000124],[25.222829399999984,39.8704129],[25.216890499999923,39.86282119999996]]],[[[25.223334,39.88287010000017],[25.223564700000054,39.88400619999991],[25.224128,39.88362750000008],[25.223334,39.88287010000017]]],[[[25.229651699999906,39.88412270000004],[25.23101460000014,39.88394820000018],[25.2289651,39.883744],[25.229651699999906,39.88412270000004]]],[[[25.269909800000057,39.885793600000056],[25.264544900000114,39.88586729999991],[25.269776700000094,39.88723590000002],[25.269909800000057,39.885793600000056]]],[[[25.38427970000002,39.90846269999997],[25.3842075,39.908402],[25.38386320000001,39.908608],[25.38427970000002,39.90846269999997]]],[[[25.3541252,39.7824503],[25.288344700000028,39.80786750000002],[25.293705300000028,39.82296240000008],[25.235471900000096,39.84984410000012],[25.269440400000132,39.86681140000012],[25.261535200000097,39.874517900000065],[25.278799600000013,39.89362590000014],[25.2553184,39.912115400000225],[25.190689599999935,39.883839500000015],[25.231764000000155,39.87879220000008],[25.202860200000142,39.87693520000005],[25.179710700000037,39.84894759999998],[25.2105052000001,39.83975669999998],[25.20601610000011,39.82244270000011],[25.226785599999957,39.79679670000015],[25.137082,39.8034828],[25.16957580000003,39.85509880000005],[25.136619200000084,39.83382800000014],[25.119501,39.85160390000003],[25.04716370000004,39.83302470000005],[25.066587700000127,39.85332410000012],[25.047651100000106,39.8578507],[25.073032800000163,39.918139400000136],[25.04749890000004,39.93235430000014],[25.049996100000115,39.97690390000006],[25.0334357,39.98570390000002],[25.14022239999997,40.007291600000066],[25.15435769999993,39.9886684],[25.233516599999987,40.00552370000009],[25.27271259999996,39.99014730000001],[25.26419680000007,39.963713500000075],[25.29175630000005,39.939656300000216],[25.31778720000005,39.967148299999984],[25.345798099999982,39.964825099999985],[25.3364267,39.97648970000006],[25.371395200000013,40.0020264],[25.369627600000044,40.0188887],[25.4008834,40.0051986],[25.4461481,40.03591590000005],[25.43190720000003,40.0180903],[25.446129,40.0123676],[25.443034300000026,39.9802166],[25.385084,39.940967],[25.3866306,39.9102132],[25.35584910000003,39.906597099999985],[25.371355500000025,39.889945699999984],[25.34043930000002,39.8779883],[25.355954600000036,39.85605810000004],[25.34322960000004,39.83990420000003],[25.3721698,39.80945460000006],[25.351557200000023,39.80192159999996],[25.3541252,39.7824503]]],[[[25.273368400000052,39.96122650000006],[25.272083600000013,39.96056900000023],[25.271759099999965,39.9607331],[25.273368400000052,39.96122650000006]]],[[[25.036717700000125,39.9884815],[25.036648700000082,39.988851100000076],[25.036953700000076,39.98876720000005],[25.036717700000125,39.9884815]]],[[[25.157314800000012,39.9897158],[25.157045200000127,39.99037029999999],[25.15738180000007,39.990410400000144],[25.157314800000012,39.9897158]]],[[[25.152984300000025,39.99769720000012],[25.153805100000046,39.99886759999993],[25.15562229999997,39.99870700000019],[25.152984300000025,39.99769720000012]]],[[[25.366528100000025,40.013406300000014],[25.36568670000005,40.01411660000006],[25.3672643,40.013281600000084],[25.366528100000025,40.013406300000014]]],[[[25.139979100000062,40.018303],[25.133060100000076,40.0256396],[25.143406900000013,40.02453590000018],[25.139979100000062,40.018303]]],[[[25.741478,40.092047],[25.665618,40.124706],[25.668152,40.149127],[25.792833,40.212759],[25.843437,40.210837],[25.94546,40.240312],[25.976313,40.216196],[25.966279,40.149092],[26.014533,40.155675],[25.972993,40.1254],[25.741478,40.092047]]]]}},{"type":"Feature","properties":{"Id":203,"Name":"Krete","Diocese":"Illyrikon"},"geometry":{"type":"MultiPolygon","coordinates":[[[[26.015623648146892,35.22121917371239],[26.06590979999993,35.23616090000007],[26.06930890000001,35.21979870000001],[26.110495600000036,35.228340500000115],[26.109484700000053,35.20504530000005],[26.15959150000009,35.19790619999998],[26.214986500000123,35.23823119999997],[26.2341267,35.27907280000005],[26.28677360000006,35.28486120000008],[26.27386640000003,35.295191099999954],[26.300995,35.301072100000056],[26.282158200000083,35.310402],[26.313977300000033,35.31501960000014],[26.307162600000026,35.293618],[26.263034800000014,35.26576],[26.278713100000118,35.19551280000002],[26.319186600000137,35.19376770000002],[26.3131396,35.1763282],[26.279745799999944,35.1671177],[26.2717905,35.0880836],[26.2315613,35.0337409],[26.1366875,34.9998942],[26.0964646,34.9956505],[26.0866101,35.018654],[26.0244097,35.013912],[25.9772871,35.0392226],[25.8984969,35.0286356],[25.8437664,35.0149911],[25.8134914,34.9995223],[25.6897659,35.0142737],[25.5950947,35.0071424],[25.5017748,34.9820282],[25.3758679,34.9987957],[25.2802867,34.9836273],[25.2468937,34.9574336],[25.1926719,34.9458079],[25.1854357,34.9540514],[25.1621196,34.9563515],[25.132805,34.9523662],[25.0953583,34.9318869],[25.0448695,34.9423063],[25.0171706,34.9292767],[24.9510868,34.9336037],[24.9240703,34.930261],[24.9190307,34.925554],[24.8383895,34.9407896],[24.7327418,34.921867],[24.7546863,34.9504541],[24.7435097,34.9904818],[24.7598164,35.0157807],[24.745799,35.0728723],[24.7214371,35.0927002],[24.5580257,35.1007274],[24.5206033,35.1431036],[24.3918413,35.1724232],[24.3998459,35.1840926],[24.3812434,35.1946109],[24.2839862,35.1744454],[24.2310863,35.1799773],[24.1978567,35.2009742],[24.1545438,35.1909793],[24.134044,35.2022035],[24.0410408,35.1939724],[23.99004,35.2286749],[23.9234254,35.2208987],[23.826919578432722,35.249305800000045],[23.766455078432738,35.22844230000001],[23.730919078432688,35.24040269999998],[23.673972078432723,35.22231729999997],[23.663465778432734,35.238545],[23.59058867843274,35.23109029999998],[23.57427557843273,35.24228680000003],[23.5785900784327,35.26135140000003],[23.540469478432712,35.2705392],[23.514642478432748,35.306066],[23.548246278432753,35.32267360000005],[23.528346978432705,35.339106100000066],[23.530566278432744,35.38124190000005],[23.567913678432717,35.4246142],[23.55382347843269,35.464784],[23.578999378432734,35.48551839999998],[23.564571478432725,35.509943100000044],[23.586529378432733,35.563475100000026],[23.57619467843269,35.591102],[23.591024478432733,35.581706900000086],[23.594758078432758,35.626524199999984],[23.61039347843268,35.602213],[23.611768478432715,35.5206776],[23.638440978432687,35.519168],[23.6564614784327,35.4982384],[23.717911478432757,35.50723830000004],[23.729179778432684,35.54672719999998],[23.7066229784327,35.641391100000114],[23.737457878432753,35.6956949],[23.773847678432727,35.6686874],[23.761602678432734,35.652472200000034],[23.779312078432735,35.5453075],[23.841668378432736,35.5271429],[23.965677,35.5119717],[24.0287932,35.51591129999997],[24.047622600000068,35.52287420000005],[24.05175984509043,35.552196960488345],[24.08625880000011,35.55324910000007],[24.087803700000052,35.55639129999997],[24.082782600000087,35.56753490000011],[24.069549499999937,35.582969300000116],[24.078160400000115,35.592762],[24.12265819999999,35.60187430000008],[24.175574200000142,35.58609020000006],[24.201840400000037,35.539742],[24.181771200000014,35.50293490000013],[24.080987800000116,35.50910779999998],[24.05975870000003,35.49252469999993],[24.1879753,35.44923670000014],[24.243183,35.47556780000008],[24.2631472,35.4240929],[24.25965140000011,35.36408140000009],[24.27963210000007,35.35653910000008],[24.3555584,35.35144050000008],[24.4203404000001,35.36970070000001],[24.540585700000065,35.3736760000001],[24.6991686,35.42731029999993],[24.701901900000053,35.42595640000002],[24.711127700000077,35.42599000000013],[24.7137027,35.42444160000008],[24.7331086,35.42541320000004],[24.76761740000012,35.41599540000004],[24.7829385,35.41992810000005],[24.7878226,35.405953000000125],[24.886225799999977,35.42105040000001],[24.9556675,35.40232029999993],[24.973205899999982,35.432033300000114],[24.990165300000115,35.413195700000074],[25.018602900000076,35.42007109999997],[25.026942799999972,35.39892889999999],[25.0449961,35.405297800000085],[25.039407900000015,35.36016230000001],[25.054866400000094,35.341484],[25.156120600000065,35.35230429999996],[25.134530700000028,35.34310570000008],[25.234870299999955,35.330423199999984],[25.385914286525235,35.33837408652528],[25.392279186525172,35.31795778652531],[25.439558486525186,35.29218478652518],[25.488049086525223,35.295997286525335],[25.661063186525155,35.34809558652529],[25.699269086525305,35.335530686525374],[25.77266818652521,35.34141138652524],[25.763289386525287,35.3201010865252],[25.726892886525263,35.30317898652521],[25.72173168652529,35.26252278652515],[25.740347986525308,35.23198208652525],[25.714039686525325,35.21955868652532],[25.723098386525237,35.1894545865253],[25.715148886525242,35.186546586525196],[25.709472886525305,35.17535568652528],[25.7272613,35.1296974],[25.8048638,35.1101097],[25.8259372,35.1201583],[25.8480775,35.1561341],[25.89350918652525,35.17068638652529],[25.896133486525287,35.18778578652524],[25.91759078652524,35.1792029865253],[25.946277286525174,35.181184186525286],[25.96308828652525,35.20076798652525],[25.99785168652528,35.19884528652534],[26.015623648146892,35.22121917371239]]],[[[23.481664478432705,35.58612710000003],[23.478511220717078,35.58842045521559],[23.481067678432716,35.587167],[23.481664478432705,35.58612710000003]]],[[[23.593935578432735,35.63396920000008],[23.579400978432755,35.642771899999964],[23.576066578432712,35.64789720000005],[23.585597078432723,35.64610430000006],[23.593935578432735,35.63396920000008]]],[[[23.586464578432732,35.6080696],[23.574303578432712,35.6114129],[23.581070378432702,35.61640590000004],[23.586464578432732,35.6080696]]],[[[23.578771778432696,35.60361070000001],[23.57781237843276,35.603117500000074],[23.577820478432727,35.60337430000003],[23.578771778432696,35.60361070000001]]],[[[23.58968237843273,35.60055079999997],[23.589351378432738,35.60004410000005],[23.58936807843273,35.60055760000006],[23.58968237843273,35.60055079999997]]],[[[23.57534047843278,35.59469319999997],[23.575009678432764,35.594186400000076],[23.574719978432682,35.594963199999974],[23.57534047843278,35.59469319999997]]],[[[23.56349597843271,35.5050637],[23.5617728784327,35.50387650000002],[23.563707078432692,35.50571190000004],[23.56349597843271,35.5050637]]],[[[23.564333078432735,35.48070959999998],[23.56259347843278,35.48210479999996],[23.564647478432704,35.48176320000002],[23.564333078432735,35.48070959999998]]],[[[23.56689677843274,35.481171299999964],[23.565379178432764,35.48185889999996],[23.567780778432734,35.4816636],[23.56689677843274,35.481171299999964]]],[[[23.55795477843271,35.4739308],[23.559792678432693,35.474294200000024],[23.559280078432714,35.473573],[23.55795477843271,35.4739308]]],[[[23.53554557843269,35.27340769999997],[23.536106678432727,35.27314959999996],[23.535953878432764,35.2729438],[23.53554557843269,35.27340769999997]]],[[[23.534564078432716,35.272916400000014],[23.52548347843274,35.26590359999996],[23.522170678432744,35.26818809999999],[23.534564078432716,35.272916400000014]]],[[[23.53820627843271,35.271818],[23.5378575784327,35.2718618],[23.537943378432775,35.2720151],[23.53820627843271,35.271818]]],[[[23.538538878432693,35.271564],[23.53866217843276,35.27176989999997],[23.53871587843272,35.27161220000006],[23.538538878432693,35.271564]]],[[[23.540550478432746,35.270263100000065],[23.540566578432735,35.27017339999997],[23.540459278432692,35.27022589999997],[23.540550478432746,35.270263100000065]]],[[[23.671609878432722,35.22102339999997],[23.671443378432734,35.221947900000046],[23.67208247843273,35.2211191],[23.671609878432722,35.22102339999997]]],[[[23.636080278432775,35.23067],[23.63556497843277,35.230691600000014],[23.635530378432748,35.230744500000064],[23.636080278432775,35.23067]]],[[[24.1120878,34.836241],[24.1328306,34.8064931],[24.1223419,34.8008896],[24.0362505,34.8559731],[24.0588445,34.8564551],[24.0652612,34.8722608],[24.1050511,34.8675997],[24.1254888,34.8535747],[24.1164799,34.8474625],[24.1120878,34.836241]]],[[[24.0115461,34.9286915],[23.9952146,34.9302598],[23.9887185,34.9395659],[24.0115461,34.9286915]]],[[[24.8011606,34.9243183],[24.7998932,34.9216853],[24.7978251,34.9225864],[24.8011606,34.9243183]]],[[[24.5985454,35.01223],[24.6065362,35.0055875],[24.6059333,35.0051892],[24.6060202,35.0045633],[24.6047525,35.0047361],[24.6031225,35.0066604],[24.5972702,35.0082088],[24.5985454,35.01223]]],[[[25.157538,34.9533484],[25.1573717,34.9535594],[25.1575648,34.9535111],[25.157538,34.9533484]]],[[[24.8248015,34.9369166],[24.8254023,34.9360723],[24.8242865,34.9360723],[24.8248015,34.9369166]]],[[[24.8104169,34.9328514],[24.810374,34.933344],[24.8107173,34.9329569],[24.8104169,34.9328514]]],[[[24.8049537,34.9281517],[24.8080476,34.9275586],[24.8047882,34.9274501],[24.8049537,34.9281517]]],[[[24.7855808,34.9194127],[24.7863962,34.9193423],[24.7857524,34.919096],[24.7855808,34.9194127]]],[[[24.6173662,35.0966198],[24.617495,35.0966549],[24.6174735,35.0965144],[24.6173662,35.0966198]]],[[[24.5951331,35.0970116],[24.594462,35.0971185],[24.5960062,35.0972788],[24.5951331,35.0970116]]],[[[24.2353251,35.177895],[24.2349818,35.1781055],[24.2354109,35.1782458],[24.2353251,35.177895]]],[[[24.1435701,35.1923536],[24.1433325,35.1919617],[24.1432626,35.191995],[24.1435701,35.1923536]]],[[[24.083166,35.1968138],[24.0837595,35.1963103],[24.0819526,35.1969994],[24.083166,35.1968138]]],[[[24.064815,34.8761408],[24.0649008,34.8754015],[24.0634417,34.8761408],[24.064815,34.8761408]]],[[[24.0757625,34.8737302],[24.0761916,34.8732373],[24.0755908,34.873026],[24.0757625,34.8737302]]],[[[24.4789321,35.1522098],[24.4792902,35.1521166],[24.4791472,35.1520785],[24.4789321,35.1522098]]],[[[24.6065586,35.0051415],[24.6066442,35.004979],[24.6064619,35.0050694],[24.6065586,35.0051415]]],[[[24.6069576,35.0063011],[24.6070407,35.0062137],[24.6069589,35.0061894],[24.6069576,35.0063011]]],[[[24.59665,35.0077394],[24.5964937,35.0078918],[24.5967765,35.0078755],[24.59665,35.0077394]]],[[[24.5717397,35.0057197],[24.596275,35.0075262],[24.5864634,35.0021088],[24.5830288,35.0032078],[24.5793856,35.0031111],[24.5766972,35.0047623],[24.5717397,35.0057197]]],[[[24.6073149,35.0064261],[24.6074662,35.006672],[24.6077093,35.0065511],[24.6073149,35.0064261]]],[[[24.583289,35.0028854],[24.5834036,35.0029064],[24.5833146,35.0028518],[24.583289,35.0028854]]],[[[24.602604,35.0067092],[24.602604,35.0066137],[24.602542,35.0066502],[24.602604,35.0067092]]],[[[24.5925819,35.0082497],[24.5926957,35.0081506],[24.5926255,35.0081605],[24.5925819,35.0082497]]],[[[24.5786583,35.0033227],[24.5786805,35.0032134],[24.5785419,35.0032569],[24.5786583,35.0033227]]],[[[24.577332,35.0039731],[24.5774707,35.0038974],[24.5772585,35.0038974],[24.577332,35.0039731]]],[[[24.5962706,35.0069652],[24.5962484,35.0068699],[24.596197,35.0069525],[24.5962706,35.0069652]]],[[[24.5715206,35.0063826],[24.571459,35.0063294],[24.5714676,35.0064177],[24.5715206,35.0063826]]],[[[24.6063738,35.0053173],[24.6064284,35.0052228],[24.6063825,35.0052299],[24.6063738,35.0053173]]],[[[24.5716439,35.0061444],[24.5715566,35.0063392],[24.5716593,35.006349],[24.5716439,35.0061444]]],[[[24.1137993,34.8392296],[24.1135901,34.8392847],[24.1136973,34.8393507],[24.1137993,34.8392296]]],[[[24.1136678,34.8389699],[24.1135176,34.8390623],[24.1137,34.8390117],[24.1136678,34.8389699]]],[[[24.9297421,34.9292097],[24.929506,34.9294417],[24.9297045,34.9293978],[24.9297421,34.9292097]]],[[[25.7635297,35.1303611],[25.761862,35.1291812],[25.7618198,35.1293879],[25.7635297,35.1303611]]],[[[25.8028447,35.1155159],[25.8030378,35.1153755],[25.8026086,35.1154282],[25.8028447,35.1155159]]],[[[25.8119189,35.1252723],[25.8099207,35.1261836],[25.8117188,35.1266447],[25.8119189,35.1252723]]],[[[25.831609,35.1310527],[25.8307269,35.1314822],[25.8317722,35.1315654],[25.831609,35.1310527]]],[[[25.7328964,34.8780836],[25.7079973,34.8653842],[25.6800304,34.8718266],[25.6931699,34.8811563],[25.7328964,34.8780836]]],[[[26.2278081,35.0268858],[26.2293514,35.0270493],[26.2289661,35.0264634],[26.2278081,35.0268858]]],[[[26.1151279,34.9951089],[26.1161196,34.9958938],[26.1162925,34.9958053],[26.1151279,34.9951089]]],[[[26.2349484,35.0305816],[26.2353525,35.0314252],[26.2367675,35.030009],[26.2349484,35.0305816]]],[[[26.2272299,35.0288836],[26.2269639,35.0298717],[26.2276181,35.0288714],[26.2272299,35.0288836]]],[[[26.2001012,35.0141929],[26.1983132,35.0157597],[26.2004172,35.0151726],[26.2001012,35.0141929]]],[[[26.1328482,34.9214516],[26.1329191,34.9214995],[26.1329358,34.9214641],[26.1328482,34.9214516]]],[[[26.1319377,34.9232645],[26.1319656,34.9232699],[26.1319455,34.9232544],[26.1319377,34.9232645]]],[[[26.1290238,34.9195847],[26.1291594,34.9195833],[26.1289873,34.9194407],[26.1290238,34.9195847]]],[[[26.1336043,34.9227734],[26.1336878,34.9227549],[26.1336113,34.9227364],[26.1336043,34.9227734]]],[[[26.1323339,34.9233475],[26.1323706,34.9233329],[26.132335,34.9233292],[26.1323339,34.9233475]]],[[[26.1299745,34.9171239],[26.1301027,34.921479],[26.1297984,34.9215645],[26.1292204,34.9212652],[26.1287488,34.9211975],[26.1287031,34.9212669],[26.1332881,34.9234171],[26.1330969,34.9236723],[26.1332425,34.9238972],[26.1334814,34.9227003],[26.132875,34.9223427],[26.1327704,34.9212816],[26.1321072,34.9208483],[26.1325913,34.9202625],[26.1299745,34.9171239]]],[[[26.133194,34.9224242],[26.1332618,34.9224213],[26.1332253,34.9223985],[26.133194,34.9224242]]],[[[26.1286009,34.9188615],[26.1286643,34.9188205],[26.128602,34.9188305],[26.1286009,34.9188615]]],[[[26.1288391,34.9173389],[26.128954,34.9172557],[26.1289228,34.9172163],[26.1288391,34.9173389]]],[[[26.1293028,34.9210776],[26.1293723,34.9209493],[26.1291919,34.9208905],[26.1293028,34.9210776]]],[[[26.1465887,34.929327],[26.1468891,34.9294501],[26.1467932,34.9293007],[26.1465887,34.929327]]],[[[25.8734771,35.0139696],[25.874049,35.0145411],[25.874195,35.0138972],[25.8734771,35.0139696]]],[[[25.7462732,34.8749139],[25.7421253,34.8775509],[25.746586,34.8770568],[25.7462732,34.8749139]]],[[[26.1330473,34.9630175],[26.1353075,34.9579445],[26.131295,34.9574684],[26.1327027,34.9591404],[26.1330473,34.9630175]]],[[[26.1318105,34.9598071],[26.131966,34.9596458],[26.1316282,34.9597732],[26.1318105,34.9598071]]],[[[26.1318956,34.9603947],[26.132073,34.9602752],[26.1317886,34.960313],[26.1318956,34.9603947]]],[[[26.1284004,34.9555459],[26.1312693,34.9537272],[26.1265143,34.9534684],[26.1284004,34.9555459]]],[[[26.1258291,34.9545358],[26.1258913,34.9544143],[26.1257319,34.9544927],[26.1258291,34.9545358]]],[[[26.126834,34.9489518],[26.128071,34.9489484],[26.127379,34.948336],[26.126834,34.9489518]]],[[[26.1330886,34.9239722],[26.1322892,34.9504544],[26.1577063,34.9410504],[26.1330886,34.9239722]]],[[[26.1151928,34.9937478],[26.1162796,34.9950821],[26.1173869,34.9943429],[26.1151928,34.9937478]]],[[[26.1104857,34.9926121],[26.1105482,34.992268],[26.1102907,34.9924042],[26.1104857,34.9926121]]],[[[25.5537396,34.9920188],[25.5537235,34.9921155],[25.5538201,34.992054],[25.5537396,34.9920188]]],[[[25.5021994,34.9808717],[25.5026124,34.981487],[25.5027814,34.9809903],[25.5021994,34.9808717]]],[[[25.8398929,35.0102011],[25.8397846,35.0105084],[25.8401225,35.0103854],[25.8398929,35.0102011]]],[[[24.085004900000115,35.55566959999999],[24.08582030000008,35.5556347000001],[24.085477,35.555215700000076],[24.085004900000115,35.55566959999999]]],[[[23.932939200000078,35.5429623],[23.9320689,35.5418279000001],[23.931986500000107,35.543513],[23.932939200000078,35.5429623]]],[[[23.92949340000007,35.53159540000007],[23.929117900000108,35.541391],[23.940361699999983,35.539400599999965],[23.92949340000007,35.53159540000007]]],[[[24.000213700000018,35.51985460000009],[23.998947700000087,35.5184837],[23.998668800000075,35.5193569],[24.000213700000018,35.51985460000009]]],[[[24.004891499999985,35.51770650000003],[24.0048271,35.51761910000005],[24.00481639999998,35.517689],[24.004891499999985,35.51770650000003]]],[[[24.00553520000011,35.51701659999998],[24.004880799999967,35.517112600000075],[24.00548159999994,35.517339700000036],[24.00553520000011,35.51701659999998]]],[[[24.006243300000108,35.51664979999998],[24.00607170000012,35.516606100000104],[24.00612530000012,35.51668470000004],[24.006243300000108,35.51664979999998]]],[[[24.006726100000094,35.51651879999997],[24.00659740000009,35.516571200000044],[24.006833400000062,35.51661490000009],[24.006726100000094,35.51651879999997]]],[[[24.005417200000124,35.5162656],[24.00535280000014,35.51632670000009],[24.005642500000135,35.51632670000009],[24.005417200000124,35.5162656]]],[[[24.005073899999957,35.515532],[24.00495590000014,35.51551460000002],[24.0051168,35.515663],[24.005073899999957,35.515532]]],[[[24.1779062,35.4986677],[24.18148530000002,35.50051250000007],[24.1819145,35.498388200000136],[24.1779062,35.4986677]]],[[[24.1766187,35.49875860000009],[24.176696,35.499073],[24.176670200000046,35.49868170000008],[24.1766187,35.49875860000009]]],[[[24.15139080000006,35.491058599999974],[24.14976000000013,35.4904122],[24.14995310000012,35.49141680000014],[24.15139080000006,35.491058599999974]]],[[[24.153579400000126,35.488018599999975],[24.150543200000072,35.489136799999926],[24.15365450000013,35.49112850000006],[24.153579400000126,35.488018599999975]]],[[[24.195254900000123,35.45552939999999],[24.194600400000127,35.453903900000114],[24.193098400000054,35.4560538],[24.195254900000123,35.45552939999999]]],[[[24.195169000000135,35.45406120000001],[24.19504030000013,35.454122400000074],[24.1952012000001,35.4541311000001],[24.195169000000135,35.45406120000001]]],[[[25.24100750000008,35.427164100000084],[25.22590669999994,35.4300386000001],[25.22322450000007,35.44000390000002],[25.18365650000004,35.44699650000007],[25.220016500000042,35.4662839],[25.248755300000084,35.451812600000096],[25.24100750000008,35.427164100000084]]],[[[25.27456920000003,35.4359048],[25.27640570000011,35.43446730000005],[25.274066800000014,35.435116200000095],[25.27456920000003,35.4359048]]],[[[25.1912221,35.46336030000003],[25.190535400000044,35.46294080000001],[25.19044960000008,35.46363990000009],[25.1912221,35.46336030000003]]],[[[24.70182619999997,35.426288300000124],[24.702322,35.426697800000056],[24.702518200000043,35.426526700000124],[24.70182619999997,35.426288300000124]]],[[[24.876545599999986,35.421387700000025],[24.875386900000024,35.421702499999924],[24.87549420000005,35.42189480000002],[24.876545599999986,35.421387700000025]]],[[[24.782993700000134,35.421191500000134],[24.783901400000104,35.42152390000007],[24.783963600000106,35.421384],[24.782993700000134,35.421191500000134]]],[[[24.7822749,35.4211469],[24.782449,35.421100300000035],[24.7824316,35.421067900000025],[24.7822749,35.4211469]]],[[[24.782842,35.42105770000006],[24.783476200000052,35.42105170000008],[24.7835184,35.42101720000011],[24.782842,35.42105770000006]]],[[[24.78285190000014,35.420295700000054],[24.783468700000014,35.420504400000084],[24.782827,35.420137599999975],[24.78285190000014,35.420295700000054]]],[[[24.78355570000008,35.4202896000001],[24.7836876,35.420245000000136],[24.78337670000002,35.420176100000106],[24.78355570000008,35.4202896000001]]],[[[24.786287099999925,35.416889],[24.786722400000087,35.417010600000026],[24.786767100000077,35.41699230000012],[24.786287099999925,35.416889]]],[[[26.170035900000073,35.37341070000008],[26.17560359999993,35.3824004],[26.1771544,35.3744157000001],[26.170035900000073,35.37341070000008]]],[[[26.1796488,35.35746290000003],[26.177182900000048,35.358232400000134],[26.1793915,35.359369],[26.1796488,35.35746290000003]]],[[[26.192752300000052,35.34983560000012],[26.167322200000058,35.33469080000003],[26.159064600000022,35.33415450000007],[26.178551400000117,35.35609859999994],[26.192752300000052,35.34983560000012]]],[[[26.188025899999957,35.3334599],[26.15545070000013,35.3244082],[26.155741,35.328671],[26.188025899999957,35.3334599]]],[[[26.300839699999983,35.318593400000054],[26.3005318000001,35.31884270000006],[26.300974199999928,35.3188586],[26.300839699999983,35.318593400000054]]],[[[26.287037,35.31616290000005],[26.28718360000005,35.316208600000095],[26.28712919999998,35.31612430000007],[26.287037,35.31616290000005]]],[[[26.28721230000008,35.31592840000002],[26.2871952000001,35.31610590000014],[26.287252300000034,35.31606729999993],[26.28721230000008,35.31592840000002]]],[[[26.287037800000064,35.31563169999998],[26.28740179999994,35.315651600000024],[26.28747279999999,35.315389900000014],[26.287037800000064,35.31563169999998]]],[[[26.28772809999998,35.31522530000012],[26.287943199999972,35.31510440000005],[26.287527100000034,35.315238799999975],[26.28772809999998,35.31522530000012]]],[[[26.2621774000001,35.30075190000002],[26.262398300000086,35.30061169999993],[26.26204919999998,35.3002667],[26.2621774000001,35.30075190000002]]],[[[26.26773770000011,35.293092400000035],[26.267835099999957,35.293817099999956],[26.268244900000127,35.29319009999995],[26.26773770000011,35.293092400000035]]],[[[26.22243940000004,35.26674740000004],[26.22177979999998,35.267776600000104],[26.2229092,35.26792710000012],[26.22243940000004,35.26674740000004]]],[[[26.10493860000014,35.22795409999998],[26.104878,35.227788799999985],[26.1047798,35.22780970000008],[26.10493860000014,35.22795409999998]]],[[[26.32145829999996,35.308170300000086],[26.321672899999953,35.30782010000007],[26.3212866,35.30796020000008],[26.32145829999996,35.308170300000086]]],[[[26.310297800000058,35.3001801],[26.31089989999998,35.30085880000013],[26.311369699999943,35.3001913],[26.310297800000058,35.3001801]]],[[[26.33995379999999,35.26711],[26.332965399999978,35.28242470000009],[26.35279120000007,35.2706761],[26.33995379999999,35.26711]]],[[[26.268787799999927,35.2603511],[26.268734199999926,35.260302900000056],[26.268739500000038,35.260338],[26.268787799999927,35.2603511]]],[[[26.266707900000142,35.25624480000005],[26.266833600000098,35.25575709999998],[26.267248100000074,35.255332],[26.2666714,35.255700300000115],[26.266707900000142,35.25624480000005]]],[[[26.305170900000064,35.21032230000003],[26.305166700000086,35.21091869999998],[26.3055372,35.210933300000136],[26.305170900000064,35.21032230000003]]],[[[26.303963099999976,35.208606000000145],[26.29298770000014,35.2025566],[26.30367830000006,35.209762700000056],[26.303963099999976,35.208606000000145]]],[[[26.292117500000074,35.20039689999999],[26.290933199999927,35.201267200000075],[26.2921665,35.20130080000001],[26.292117500000074,35.20039689999999]]],[[[25.38775238652528,35.338124886525236],[25.388374686525253,35.33807888652535],[25.38774168652526,35.33783608652533],[25.38775238652528,35.338124886525236]]],[[[25.46759458652531,35.297449986525294],[25.46804518652533,35.29751998652523],[25.4677876865253,35.297292386525214],[25.46759458652531,35.297449986525294]]],[[[25.461736586525205,35.29552348652521],[25.46126458652526,35.295208286525224],[25.461157286525236,35.295453486525275],[25.461736586525205,35.29552348652521]]],[[[25.73900188652533,35.299185186525335],[25.73692588652534,35.29617058652531],[25.737660186525318,35.299693786525324],[25.73900188652533,35.299185186525335]]],[[[25.735525486525262,35.25765928652527],[25.73902548652535,35.294537286525326],[25.750284286525186,35.29362118652523],[25.75863128652537,35.250599886525265],[25.735525486525262,35.25765928652527]]],[[[25.759104386525223,35.26077568652522],[25.759662286525213,35.26434408652523],[25.762096886525228,35.268243686525295],[25.760763986525262,35.26043558652532],[25.759104386525223,35.26077568652522]]],[[[25.72262868652524,35.2039859865252],[25.72245698652523,35.20431908652523],[25.722757386525245,35.20424898652533],[25.72262868652524,35.2039859865252]]],[[[25.732457386525255,35.204137186525315],[25.7315012865252,35.20197778652533],[25.731068386525294,35.203266286525206],[25.732457386525255,35.204137186525315]]],[[[25.735188786525327,35.19908488652527],[25.726765086525177,35.196200386525334],[25.73143058652522,35.201656786525234],[25.735188786525327,35.19908488652527]]],[[[25.85677468652534,35.19196488652517],[25.871288986525258,35.197518986525154],[25.852355586525277,35.182732286525265],[25.85677468652534,35.19196488652517]]],[[[25.907820186525214,35.1866431865252],[25.90545178652536,35.188451586525275],[25.908293286525293,35.1882395865253],[25.907820186525214,35.1866431865252]]],[[[25.7144819865253,35.1837911865253],[25.71487198652528,35.18431418652523],[25.714489886525257,35.18372908652532],[25.7144819865253,35.1837911865253]]],[[[25.714867486525236,35.18456668652516],[25.71528508652534,35.185188786525316],[25.71490308652517,35.18451148652525],[25.714867486525236,35.18456668652516]]],[[[25.715323986525163,35.18547398652527],[25.715816786525295,35.18619448652521],[25.715359486525244,35.185418886525156],[25.715323986525163,35.18547398652527]]],[[[25.714379686525206,35.16646518652527],[25.71432348652536,35.16652418652518],[25.714386986525255,35.1665070865252],[25.714379686525206,35.16646518652527]]],[[[25.84730198652528,35.15725508652531],[25.84678698652533,35.156904186525196],[25.846658286525326,35.15743048652524],[25.84730198652528,35.15725508652531]]]]}},{"type":"Feature","properties":{"Id":975,"Name":"Libye He Ano","Diocese":"Aigyptiake"},"geometry":{"type":"MultiPolygon","coordinates":[[[[22.586597510127667,32.784530030593466],[22.524919283041072,32.37962699686176],[22.272863993638282,31.63843632672325],[20.932254409381017,31.765062216535057],[20.515848733360713,31.67583242881642],[19.95596913529505,31.67336031618288],[19.924219135294948,31.744720316182622],[19.95945020713186,31.990370032296564],[20.0338265,32.06037030000006],[20.04524049999998,32.07915380000004],[20.051646662978246,32.10399670659325],[20.071741493616027,32.10591020695995],[20.055497074565668,32.11959882797002],[20.101188600000036,32.18122540000003],[20.196059171017847,32.27037742208859],[20.359625121698432,32.404733939651315],[20.555687129009307,32.53471387192532],[20.987927520324078,32.73299703216852],[21.054240164329038,32.756966143091724],[21.385689135293262,32.77983031618169],[21.432160438428124,32.795629970303544],[21.47789756367324,32.81979406058567],[21.48429830000002,32.81940509999998],[21.627329135293223,32.922700316181135],[21.70146913529379,32.93795031618157],[21.921162710025715,32.894094506836524],[22.164019925482236,32.930666092831736],[22.177829627031052,32.92035383147973],[22.16782829779614,32.90438420927213],[22.194266870600135,32.88058911082844],[22.375669868350442,32.87234818183922],[22.493557197523582,32.81129823598444],[22.586597510127667,32.784530030593466]]],[[[21.337859771765405,32.77740890638046],[21.33860290000002,32.776950400000075],[21.337991451225463,32.776952007357394],[21.337859771765405,32.77740890638046]]],[[[21.415555930486956,32.79166036373944],[21.415639548405615,32.791693484265025],[21.4156645,32.791629400000026],[21.415555930486956,32.79166036373944]]],[[[21.506929,32.83705430000002],[21.506161300000027,32.8360289],[21.50601530000002,32.8370578],[21.506929,32.83705430000002]]],[[[21.49042,32.8252941],[21.4892034,32.82555590000004],[21.490424200000046,32.826065400000076],[21.49042,32.8252941]]],[[[21.486452,32.82350990000001],[21.4855427,32.8242848],[21.48675779999999,32.82376590000007],[21.486452,32.82350990000001]]],[[[21.437315670465573,32.799965848207755],[21.437926,32.80029429999998],[21.4379222,32.79952320000008],[21.437315670465573,32.799965848207755]]],[[[21.34256,32.77719660000003],[21.34317070000004,32.7777092],[21.343471900000015,32.77693690000007],[21.34256,32.77719660000003]]],[[[21.3446899,32.7770617],[21.344082713809687,32.77746681592631],[21.3449966,32.777704100000015],[21.3446899,32.7770617]]],[[[20.94940710000003,32.71723830000001],[20.949406600000035,32.71800960000007],[20.949665045506656,32.71783392400457],[20.94940710000003,32.71723830000001]]],[[[20.043806797162855,32.08431712073859],[20.04399480000003,32.08435810000005],[20.0440349,32.084244100000035],[20.043806797162855,32.08431712073859]]],[[[22.010091286377985,32.90753840926778],[22.00970064531512,32.90768088723651],[22.010057569267634,32.907872760207916],[22.010091286377985,32.90753840926778]]],[[[21.9723732,32.90576919999999],[21.97208406631749,32.906039091783775],[21.972376510784013,32.906067809849],[21.9723732,32.90576919999999]]],[[[21.96993,32.905274],[21.970031240107794,32.9059999003415],[21.97024357377851,32.90548944500865],[21.96993,32.905274]]],[[[21.941508094709686,32.9021170153536],[21.940942836157166,32.902869795932055],[21.94129418295484,32.90289527975039],[21.941508094709686,32.9021170153536]]],[[[21.938620371102523,32.90150209941179],[21.9388185,32.90268380000008],[21.939202601351823,32.90135869987538],[21.938620371102523,32.90150209941179]]],[[[21.928741600000027,32.90070250000004],[21.929038400000017,32.89992910000003],[21.928399843978756,32.90011388625889],[21.928741600000027,32.90070250000004]]],[[[21.93052697857278,32.899571010714176],[21.93043152919218,32.90017575548189],[21.93086920000002,32.9001725],[21.93052697857278,32.899571010714176]]],[[[21.948161290763597,32.89927141218729],[21.9488467,32.900037400000045],[21.9488386,32.8992663],[21.948161290763597,32.89927141218729]]]]}},{"type":"Feature","properties":{"Id":982,"Name":"Libye He Kato","Diocese":"Aigyptiake"},"geometry":{"type":"MultiPolygon","coordinates":[[[[29.020088464054588,30.82744486042062],[28.996226522908223,30.8357772150381],[29.021102889046514,30.82873954710528],[29.020088464054588,30.82744486042062]]],[[[28.975715864054546,30.840348471395103],[28.97936456405462,30.839128670357585],[28.978899864054497,30.838235669597797],[28.975715864054546,30.840348471395103]]],[[[28.97854557548873,30.844334438313375],[28.983349227216422,30.83856729609422],[28.978100764054624,30.842635573340605],[28.97854557548873,30.844334438313375]]],[[[28.96591216405454,30.844218474687292],[28.969146664054563,30.842112572895815],[28.96497656405454,30.842175872949632],[28.96591216405454,30.844218474687292]]],[[[28.9660011640545,30.848587778404806],[28.96927276405456,30.848280978143595],[28.965374064054558,30.84705477710035],[28.9660011640545,30.848587778404806]]],[[[28.963618064054494,30.848623978435374],[28.966235164054538,30.85069548019815],[28.96630966405459,30.849097278838165],[28.963618064054494,30.848623978435374]]],[[[28.961590464054456,30.851482880867998],[28.957469164054643,30.846660276764784],[28.958893664054493,30.85075238024638],[28.961590464054456,30.851482880867998]]],[[[25.162587400000046,31.605576800000016],[25.162153500000063,31.605758],[25.162184100000026,31.605821700000043],[25.162587400000046,31.605576800000016]]],[[[25.161959800000044,31.606129],[25.162281100000044,31.60638560000001],[25.162296400000024,31.60594780000007],[25.161959800000044,31.606129]]],[[[24.013635200000078,32.05037430000002],[24.01299057431251,32.049850644460726],[24.012983800000075,32.049876700000034],[24.013635200000078,32.05037430000002]]],[[[24.018737,32.05213990000004],[24.015456463140712,32.04951052833807],[24.0150101,32.05108060000014],[24.018737,32.05213990000004]]],[[[23.101813183850474,32.39953772401042],[23.10338344238737,32.39904047222665],[23.101833789753663,32.39913408420416],[23.101813183850474,32.39953772401042]]],[[[23.112061600000054,32.40413839999996],[23.135331964616796,32.39562100989769],[23.13250957025225,32.38852596554126],[23.112061600000054,32.40413839999996]]],[[[23.15474399464343,32.41367989704958],[23.153786275875333,32.41481331419852],[23.15533580000002,32.414714699999976],[23.15474399464343,32.41367989704958]]],[[[23.120576462332252,32.498928366184806],[23.122499257219296,32.49643304123934],[23.12251548891292,32.49631835331006],[23.120576462332252,32.498928366184806]]],[[[23.12911170495199,32.6019496864073],[23.128698414717707,32.60239644253711],[23.12952748087437,32.60196870378657],[23.12911170495199,32.6019496864073]]],[[[22.649191348078176,32.76847560957284],[22.925788616428136,32.666143261526194],[23.117016218079094,32.626857770895995],[23.127329537593162,32.60377475527486],[23.099392059052125,32.57029251653345],[23.102423060543057,32.52500666024968],[23.108686443812612,32.507727562168085],[23.157422208210914,32.452133637487016],[23.13528440000005,32.42533739999997],[23.137613690001896,32.40459137885141],[23.094446075325617,32.432191997927454],[23.09980468831887,32.39112442375968],[23.08165912852627,32.36331387901635],[23.095021500000055,32.30906370000001],[23.099914384556026,32.318253501040694],[23.120417903636987,32.294558503362936],[23.220664428150883,32.25611963639258],[23.27201285788745,32.18565054495961],[23.28582225098927,32.20012047061099],[23.293810600000036,32.198685],[23.297345800000038,32.1950224],[23.315923400000056,32.1527886],[23.326413100000025,32.1554235],[23.30569770000002,32.20258110000006],[23.315951900000062,32.21357370000005],[23.453779363723008,32.1505439881012],[23.69383789063895,32.15620858149149],[23.78497136081121,32.142909692209905],[23.948637941531146,32.08314302432204],[24.003927136268015,32.077498566933166],[23.965444500000046,32.07484049999998],[24.08634154720171,31.997339851912276],[24.14972942064627,31.983604793663005],[24.2954308090052,31.990230611516584],[24.310998213923607,31.97429621293026],[24.556529765030056,31.95902442773162],[24.693992385487093,32.00254527866826],[24.764404340159317,32.00103319101973],[24.858881378337678,31.96602001691108],[25.01572277160932,31.93889467710045],[25.04093458789932,31.920472022543372],[25.026995200000027,31.854507499999965],[25.091265562886974,31.76995983989247],[25.088346100000077,31.750914400000013],[25.113751042172613,31.745905856188834],[25.10662689024715,31.733376150418493],[25.131054500000037,31.718334800000125],[25.12120790000003,31.708032199999973],[25.147008500000037,31.675003],[25.15058590000007,31.615808700000056],[25.179967900000044,31.57026790000005],[25.160150900000033,31.552992],[25.206844734785957,31.50665444480098],[25.410402525831806,31.487090796466482],[25.913600260673437,31.612087094916504],[26.508961501738074,31.483261936960897],[26.67041070000002,31.488317],[26.851038378170923,31.42906142844081],[26.990649777024437,31.433362364231844],[27.011208,31.411713],[27.063591900000066,31.406669700000087],[27.0927801637269,31.37185945502423],[27.35192205314856,31.360715054412953],[27.34753380000007,31.33915820000006],[27.392312800000077,31.25336729999996],[27.450973251572503,31.208041329794025],[27.49845678891046,31.19848154975267],[27.6970951492599,31.17077655866239],[27.866782185070935,31.2313216161706],[27.895841900000022,31.118160300000042],[27.942350602410222,31.08833875608467],[28.16187830743753,31.08839469465413],[28.214520267495065,31.06999230950364],[28.31606436405454,31.067288365080238],[28.419185883885394,31.08359571011619],[28.56166470967255,31.04825913182075],[28.633249675677913,31.0067528477526],[28.707855000040354,31.00231627624783],[28.77993715902465,30.95951068656058],[28.82695347511782,30.94975014356451],[28.85525613296877,30.907895551123293],[28.912233164054527,30.87201789834688],[28.949727352269168,30.85994191885831],[28.950692964054547,30.857817786259066],[28.9594948022816,30.855168412512324],[28.97798028538926,30.84501311124466],[28.969800264054562,30.844930775293133],[28.97327276405452,30.84719157721667],[28.968044464054504,30.846500076628267],[28.971943364054518,30.847726077671428],[28.96398416405457,30.851960681274562],[28.955927664054595,30.851439380830985],[28.952561164054504,30.854447283390734],[28.951378664054523,30.84752347749912],[28.962839164054586,30.839637470790198],[29.001886964054588,30.826055859239723],[29.13882605062862,30.815805956764365],[29.39802913529445,30.897580316182843],[29.392803244754585,29.926490957779066],[29.444265978330517,28.15582120821022],[27.228248778802747,29.05893502643056],[25.516580302523916,28.941147153560298],[24.568362475386078,30.35802791858141],[23.734725039474675,30.887829857793438],[23.086999433107504,31.496242198572663],[22.272863993638328,31.638436326723358],[22.52491928304108,32.37962699686181],[22.581007235135917,32.76949820903752],[22.649191348078176,32.76847560957284]]]]}},{"type":"Feature","properties":{"Id":896,"Name":"Aigyptos","Diocese":"Aigyptiake"},"geometry":{"type":"MultiPolygon","coordinates":[[[[29.907914666700083,31.1982456667002],[29.881376363705602,31.195553623676652],[29.888983754101744,31.200244723112036],[29.907914666700083,31.1982456667002]]],[[[30.022654364054507,31.291542557728384],[30.019815164054577,31.294015559859936],[30.021978664054608,31.294229160044],[30.022654364054507,31.291542557728384]]],[[[30.03711926405458,31.304533368926478],[30.038406664054598,31.3065133706336],[30.03763416405456,31.304276668705146],[30.03711926405458,31.304533368926478]]],[[[30.41805906405454,31.467759409982907],[30.418795735495113,31.46914681013703],[30.418500964054513,31.468025610213477],[30.41805906405454,31.467759409982907]]],[[[30.410059664054547,31.469654011624044],[30.41050720311733,31.469829747892867],[30.410823564054592,31.46915541119205],[30.410059664054547,31.469654011624044]]],[[[29.907914666700083,31.1982456667002],[30.069737964054568,31.32944879041536],[30.085403664054503,31.282788450184825],[30.1242063640545,31.271057540078814],[30.17936316405456,31.267926537382046],[30.252509135294204,31.298990316181396],[30.31324913529328,31.35072031618265],[30.37745416405452,31.461407504481382],[30.542396164054555,31.460568603754794],[31.045592064054553,31.599200124049506],[31.12176304247354,31.599116116190494],[31.239102864054576,31.56961349833655],[31.52060913529392,31.449030316181837],[31.570969135294813,31.441540316182106],[31.767267164054605,31.485284525166804],[31.840725235007657,31.52396320735431],[31.81948426512131,31.465621595277018],[31.617230079625735,31.277644175816366],[31.501480552989523,31.24739465868914],[31.407837511112678,31.177706813571504],[31.3031412268561,31.065872146297437],[31.22699847466953,30.77319844258031],[31.181788715558753,30.70895299542297],[31.10564596337218,30.261614326326814],[30.86294094077752,29.91183355846976],[30.715414358416044,29.83331134527733],[30.422740654698877,29.622966992362066],[30.287111377366603,29.456404721953934],[30.006334978678574,29.039999045933705],[29.44478218130265,28.139218416089417],[29.392803244754585,29.926490957779066],[29.39802913529445,30.897580316182843],[29.552329135294446,30.972920316182226],[29.907914666700083,31.1982456667002]]]]}},{"type":"Feature","properties":{"Id":920,"Name":"Agoustamnike I","Diocese":"Aigyptiake"},"geometry":{"type":"MultiPolygon","coordinates":[[[[33.25551881793672,31.086167854395935],[33.2529043409329,31.08909379690159],[33.25721228599589,31.086702163664118],[33.25551881793672,31.086167854395935]]],[[[33.276844869493594,31.09047528918712],[33.26925813258816,31.0911591735108],[33.27798573218616,31.091501113826485],[33.276844869493594,31.09047528918712]]],[[[33.38830762991604,31.09458503421661],[33.39581830930878,31.098574117475298],[33.396559409415836,31.095289257567053],[33.38830762991604,31.09458503421661]]],[[[33.30771233571922,31.105580658763152],[33.290863527285694,31.095919220465905],[33.285940872669606,31.096320713070106],[33.292702860920244,31.099853845020622],[33.30771233571922,31.105580658763152]]],[[[33.13365243994421,31.105064957560078],[33.12744989023525,31.101304999511118],[33.12180261990706,31.104235563544155],[33.13365243994421,31.105064957560078]]],[[[33.37054530507799,31.102809395849864],[33.36463472904555,31.10858679248332],[33.37861029702932,31.105819166755737],[33.37054530507799,31.102809395849864]]],[[[33.350849304843784,31.110703157725773],[33.355032468049856,31.106470380066547],[33.34931560799945,31.108291068898176],[33.350849304843784,31.110703157725773]]],[[[32.88329576881989,31.10030390625681],[32.890663840376014,31.10832212480305],[32.89327831737977,31.10071093873706],[32.88329576881989,31.10030390625681]]],[[[33.32959550824084,31.106252224105102],[33.315619940256965,31.11101409664445],[33.34032674794271,31.11043413776141],[33.32959550824084,31.106252224105102]]],[[[33.36631811958308,31.110419051981207],[33.367392819521775,31.11319923135781],[33.369673539271005,31.111842719470033],[33.36631811958308,31.110419051981207]]],[[[33.37496488919736,31.112083231964],[33.380605170170185,31.110788231911148],[33.37484988013345,31.110652878381224],[33.37496488919736,31.112083231964]]],[[[33.439076019734905,31.10720298970305],[33.44658669912764,31.11314505899979],[33.446301483454526,31.1059819705022],[33.439076019734905,31.10720298970305]]],[[[33.13997807835643,31.11396342183018],[33.1376606113336,31.11112203304546],[33.13731835252588,31.115370882077297],[33.13997807835643,31.11396342183018]]],[[[32.881798860860556,31.112527478651067],[32.877880632359094,31.113721491155825],[32.87958796506914,31.11654314837745],[32.881798860860556,31.112527478651067]]],[[[33.42652653011688,31.119982048402765],[33.43650907867673,31.113877617133863],[33.42700188957201,31.113959012133222],[33.42652653011688,31.119982048402765]]],[[[33.126993545158285,31.116103423034644],[33.11978666790351,31.12149069524919],[33.126194941273475,31.122403041890916],[33.126993545158285,31.116103423034644]]],[[[33.12166050395632,31.124125095132985],[33.12419660187602,31.123245999973673],[33.121395211168384,31.123350267367616],[33.12166050395632,31.124125095132985]]],[[[33.46138886768767,31.142332632317178],[33.4682491352938,31.14145031618116],[33.47146818749013,31.13878752631834],[33.46138886768767,31.142332632317178]]],[[[33.42652382651012,31.15057045696091],[33.43092090147098,31.148994024961144],[33.42907888358198,31.14746842064568],[33.42652382651012,31.15057045696091]]],[[[33.34327254058362,31.1677935565733],[33.34884210473453,31.16296153197647],[33.34498383462248,31.16346163560003],[33.34327254058362,31.1677935565733]]],[[[32.92936743590978,31.142577577579107],[33.010481160764435,31.180701401581114],[32.929033021506456,31.13938485082048],[32.92936743590978,31.142577577579107]]],[[[33.01187273167527,31.18139808975669],[33.01968193790215,31.18530775874768],[33.015786122086524,31.183092498912373],[33.01187273167527,31.18139808975669]]],[[[33.019684417156455,31.185308999983036],[33.025252646365736,31.188096726730368],[33.02187072311347,31.18614253580514],[33.019684417156455,31.185308999983036]]],[[[33.31679699959152,31.19535948889349],[33.318425112815426,31.187146351216956],[33.31316049975901,31.193651646668776],[33.31679699959152,31.19535948889349]]],[[[33.269683264054535,31.207567485442656],[33.416289139372346,31.172231621098362],[33.4593945487021,31.146949461728163],[33.404525364054564,31.173206455915146],[33.269683264054535,31.207567485442656]]],[[[33.10284340518196,31.208818206064027],[33.09256182260779,31.20798606143855],[33.103716951690124,31.210148322381652],[33.10284340518196,31.208818206064027]]],[[[33.118626527494314,31.21059133231985],[33.1173206199989,31.214019383780503],[33.12320899264274,31.211924839592154],[33.118626527494314,31.21059133231985]]],[[[33.02683705647157,31.188889959599393],[33.082778592503125,31.2222176182562],[33.113565977496464,31.22932728228428],[33.18803103615869,31.22818913313534],[33.26876755268724,31.21373721795818],[33.11672870240521,31.22647510884948],[33.02683705647157,31.188889959599393]]],[[[32.212027664054574,31.289072955599988],[32.329264164054585,31.27534454377152],[32.33434113907823,31.245014982582923],[32.212027664054574,31.289072955599988]]],[[[31.241275240704518,30.865997421807755],[31.3031412268561,31.065872146297437],[31.407837511112678,31.177706813571504],[31.501480552989523,31.24739465868914],[31.617230079625735,31.277644175816366],[31.81948426512131,31.465621595277018],[31.845264638071754,31.526445627186288],[31.941807864054578,31.51523075113023],[31.995281557420462,31.469138318176103],[32.00257976405459,31.456099299884702],[31.998239364054562,31.44343688892225],[31.997093364054546,31.46459190723947],[31.990790911237823,31.449799359420346],[31.989765982966574,31.47067615641149],[31.951692264054593,31.50311244062093],[32.02626913529422,31.39021031618156],[32.211126364054586,31.289284355782222],[32.34159275469443,31.24191515133512],[32.476108864054545,31.154880540179178],[32.58097353927381,31.064627537118565],[32.649035503955176,31.056210013461854],[32.751663926645975,31.07099188410913],[32.92365712449723,31.145087507386734],[32.79292805474836,31.08057320533128],[32.66823532764826,31.048118676057992],[32.716199096681194,31.048912823550808],[32.6989435484563,31.031725177441917],[32.713204332113186,31.018934252281177],[32.86953506405457,31.090298484789948],[32.93022969139974,31.087390489070774],[32.90641418269252,31.077273796883897],[32.92640304778498,31.0750345444289],[32.93876239362109,31.089751574096617],[32.92008859065491,31.09615207532295],[32.931045626098005,31.103702573938616],[32.9708632640545,31.083986879382426],[32.983802702004326,31.08675949951771],[32.970373797393975,31.07837304696957],[32.97902533947918,31.060864960931784],[32.96198370300917,31.057749812549606],[33.00797076405456,31.04929764967923],[33.02661206405452,31.064043362301852],[33.00992070013516,31.0670634366123],[33.01212746405455,31.079413275464628],[33.0527060550402,31.088611747270882],[33.06299758724595,31.121396660400904],[33.02572940595571,31.11154813050391],[33.02339065390496,31.088735448646954],[32.95455621152092,31.100814986134882],[32.98932875567125,31.106187645502768],[33.02752388789909,31.152473531424445],[33.09338494042159,31.18151528628953],[33.10772276405455,31.17452835705054],[33.157246915974035,31.112452307757888],[33.11405456747303,31.14307779404951],[33.095385948421395,31.12620110696919],[33.11570647083689,31.11539620647082],[33.09453030140205,31.10916987941709],[33.11581452101016,31.110818196286317],[33.11777712174759,31.09219543531575],[33.151108732549275,31.07997751861431],[33.13793335298165,31.03867161021429],[33.219205162910036,31.05749316103414],[33.19666569724054,31.067160248894133],[33.24750310905294,31.08701406699006],[33.24208991332641,31.073267190352958],[33.28790268082433,31.09273201713044],[33.30011585362795,31.074094717445867],[33.31913023183724,31.075153290189338],[33.30171590788473,31.097836377129468],[33.357399837046515,31.10094217948886],[33.370377150174434,31.08541269217362],[33.379575355633094,31.09815397883706],[33.381001433998776,31.080405265255944],[33.407764171328424,31.084048906919037],[33.41426290026761,31.095933783234337],[33.39087749679544,31.111375758081522],[33.43565343165734,31.097271578095555],[33.46792388138464,31.108471947387876],[33.44965976942641,31.115204479870858],[33.446377473233895,31.142676721631794],[33.59163816405456,31.113325304527123],[33.828719135293625,31.150330316182608],[33.84047947042321,31.059114477041],[33.959452520714706,30.904449511662047],[33.928519527638954,30.85686029154542],[33.45976570949036,30.806891610423033],[33.07667248755171,30.842583525510392],[32.92676644418438,30.87827544059785],[32.800655010875346,30.85686029154542],[32.66264627253722,30.88779328462126],[32.57460621532148,30.830686220481258],[32.38900825686674,30.761681851312204],[32.14630323427201,30.72598993622473],[31.905977672683132,30.74026670225971],[31.241275240704518,30.865997421807755]]]]}},{"type":"Feature","properties":{"Id":934,"Name":"Agoustamnike II","Diocese":"Aigyptake"},"geometry":{"type":"Polygon","coordinates":[[[31.24127524070451,30.86599742180772],[31.90597767268315,30.740266702259703],[32.14630323427201,30.72598993622472],[32.3890082568667,30.761681851312176],[32.57460621532147,30.830686220481255],[32.66264627253719,30.887793284621182],[32.800655010875346,30.856860291545388],[32.62992471793865,29.981813506651292],[32.59178151556182,29.903244963298228],[32.56091913529423,29.926220316181684],[32.58152913529369,29.940440316182276],[32.57664913529476,29.9531003161826],[32.56946913529447,29.938730316182045],[32.55988913529461,29.93360031618232],[32.5586242,29.9593877],[32.4765329,29.9365023],[32.45852913529404,29.88947031618227],[32.473419135294534,29.86522031618165],[32.50624913529447,29.858780316182617],[32.49980724123403,29.844278421970028],[32.4221781,29.7695747],[32.3627136,29.6821334],[32.36172316556388,29.64901644846567],[32.349097,29.6554342],[32.363139135293636,29.642420316182154],[32.3435186,29.5890811],[32.3724469,29.5356795],[32.42016043964934,29.50016569437361],[31.647246980214277,29.51769963746409],[31.27605106330475,29.543873708528224],[31.328399205433016,29.917449086443582],[31.242738609223125,29.936484774490225],[31.223702921176482,30.000730221647643],[31.27367160229892,30.022145370700116],[31.27843052431058,30.081631895845874],[31.242738609223125,30.105426505904177],[31.242738609223125,30.164913031049934],[31.11900663691995,30.19584602412573],[31.105645963372183,30.26161432632682],[31.181788715558753,30.70895299542292],[31.22699847466953,30.773198442580338],[31.24127524070451,30.86599742180772]]]}},{"type":"Feature","properties":{"Id":942,"Name":"Arkadia","Diocese":"Aigyptiake"},"geometry":{"type":"Polygon","coordinates":[[[31.29612506313765,28.348267574737577],[30.703410868004767,28.334481147632744],[29.57260918944354,28.34686833291113],[30.00633497867858,29.039999045933655],[30.287111377366557,29.45640472195396],[30.422740654698885,29.62296699236208],[30.715414358416012,29.833311345277366],[30.86294094077749,29.911833558469766],[31.105645963372183,30.26161432632682],[31.11900663691995,30.19584602412573],[31.242738609223125,30.164913031049934],[31.242738609223125,30.105426505904177],[31.27843052431058,30.081631895845874],[31.27367160229892,30.022145370700116],[31.223702921176482,30.000730221647643],[31.242738609223125,29.936484774490225],[31.328399205433016,29.917449086443582],[31.27605106330475,29.543873708528224],[31.45213868754854,29.531457273485444],[31.29612506313765,28.348267574737577]]]}},{"type":"Feature","properties":{"Id":952,"Name":"Thebais Engista","Diocese":"Aigyptiake"},"geometry":{"type":"Polygon","coordinates":[[[31.292877698986217,28.324144298184365],[32.62473588884694,26.932137673943032],[32.97937806488579,26.56147939963131],[31.877309133331266,26.531099352982494],[31.077810235372283,26.477561480351312],[30.460340104359318,26.845188205752095],[29.444782181302628,28.139218416089477],[29.57260918944354,28.34686833291113],[30.703410868004767,28.334481147632744],[31.29612506313765,28.348267574737577],[31.292877698986217,28.324144298184365]]]}},{"type":"Feature","properties":{"Id":963,"Name":"Thebais Ano","Diocese":"Aigyptiake"},"geometry":{"type":"Polygon","coordinates":[[[32.553105252828914,24.436790469989944],[31.496624566240257,24.86033452902774],[31.077810235372283,26.477561480351312],[31.877309133331266,26.531099352982494],[32.97937806488579,26.56147939963131],[33.136959978504535,26.396780883461986],[33.16075458856284,24.826336619613983],[33.064216159639955,24.285721417645334],[32.553105252828914,24.436790469989944]]]}},{"type":"Feature","properties":{"Id":280,"Name":"Asia","Diocese":"Asiane"},"geometry":{"type":"MultiPolygon","coordinates":[[[[27.01755500626556,37.65367291600034],[27.02740761460325,37.650320709133254],[27.01409900000033,37.6475780000004],[27.01755500626556,37.65367291600034]]],[[[27.00987934135615,37.65390971188617],[27.015451699077552,37.65338071604132],[27.009058427309217,37.65302931131401],[27.00987934135615,37.65390971188617]]],[[[27.003889135294113,37.658450316183],[27.00316926131968,37.65958472638494],[27.00440658104283,37.66175003590037],[27.003889135294113,37.658450316183]]],[[[27.005786668426204,37.66577132500034],[27.005595191622607,37.666491350000705],[27.005858052256432,37.66634239564159],[27.005786668426204,37.66577132500034]]],[[[26.86639639000947,38.029813893231065],[26.865356615356454,38.030209063651746],[26.867050100000036,38.0312374],[26.86639639000947,38.029813893231065]]],[[[26.83168786806897,38.1245440081347],[26.83257847555192,38.125835485968906],[26.832723,38.124782299999964],[26.83168786806897,38.1245440081347]]],[[[26.56562601227887,38.140587393548806],[26.565413568602693,38.14092330629943],[26.56560169999998,38.140667700000044],[26.56562601227887,38.140587393548806]]],[[[26.436836913639013,38.18461159286028],[26.43734841150879,38.18323909129979],[26.43682470000001,38.18415040000005],[26.436836913639013,38.18461159286028]]],[[[26.4362565495766,38.18616888298493],[26.436558753608345,38.18535797930429],[26.436172900000017,38.18585160000005],[26.4362565495766,38.18616888298493]]],[[[26.431934683685256,38.197765740041206],[26.433561335423637,38.193400947573195],[26.42830294064916,38.195296300000045],[26.431934683685256,38.197765740041206]]],[[[26.38504278356021,38.251955850760226],[26.384570239217737,38.25283653817194],[26.3866675,38.25347209999998],[26.38504278356021,38.251955850760226]]],[[[26.3855541,38.25396870000003],[26.383032986142677,38.2557015379402],[26.3854384,38.25524809999998],[26.3855541,38.25396870000003]]],[[[26.384855400000028,38.25579940000005],[26.382628686643837,38.25645503649517],[26.38278750000004,38.256596700000024],[26.384055200000024,38.2565876],[26.3847595,38.256374900000026],[26.384855400000028,38.25579940000005]]],[[[26.38179397307295,38.25801070369536],[26.38099473326127,38.25950025796107],[26.381617,38.25943920000006],[26.38179397307295,38.25801070369536]]],[[[26.699881171473745,38.322802925150434],[26.700086268803457,38.32261155348941],[26.699904200000013,38.322696199999974],[26.699881171473745,38.322802925150434]]],[[[26.67926130000002,38.3302703],[26.67422230000004,38.3322164],[26.679458699999984,38.332607],[26.67926130000002,38.3302703]]],[[[26.673152900000034,38.34738590000002],[26.673510291090395,38.34740899481574],[26.67311980000003,38.347244700000026],[26.673152900000034,38.34738590000002]]],[[[26.78889180000002,38.377801300000066],[26.78483020000004,38.368279],[26.78296,38.367252200000024],[26.78889180000002,38.377801300000066]]],[[[26.469102700000047,38.397958700000046],[26.468139,38.39991569999999],[26.46902730000004,38.4004016],[26.469102700000047,38.397958700000046]]],[[[26.752322100000054,38.39784],[26.7538367,38.40051810000004],[26.7546544,38.3992582],[26.752322100000054,38.39784]]],[[[26.46563562040553,38.399328009510306],[26.463706206335818,38.402272147830026],[26.465331900000017,38.40215389999998],[26.46563562040553,38.399328009510306]]],[[[26.4928476,38.40481280000006],[26.4900817,38.403472899999976],[26.4903332,38.40547609999997],[26.4928476,38.40481280000006]]],[[[26.508956399999988,38.425077600000016],[26.50783039999999,38.42547229999998],[26.50892090000004,38.425481599999976],[26.508956399999988,38.425077600000016]]],[[[26.396072100000055,38.44540710000002],[26.395538400000024,38.445097],[26.395676844762946,38.44587421615083],[26.396072100000055,38.44540710000002]]],[[[27.135746200000046,38.462119300000076],[27.1359436,38.461238899999984],[27.135540200000015,38.46206549999999],[27.135746200000046,38.462119300000076]]],[[[26.422129500000015,38.47313470000008],[26.4223014,38.47397580000004],[26.422576500000016,38.473659500000025],[26.422129500000015,38.47313470000008]]],[[[26.420917600000042,38.4744603],[26.42057380000005,38.474897700000035],[26.42117550000002,38.4750524],[26.420917600000042,38.4744603]]],[[[26.62868988583211,38.51742549720775],[26.628715505493687,38.517298375480564],[26.628677600000046,38.51734620000005],[26.62868988583211,38.51742549720775]]],[[[26.61659,38.53045030000002],[26.6164462,38.530359],[26.616412900000018,38.530425100000045],[26.61659,38.53045030000002]]],[[[26.73169810000005,38.67547990000006],[26.731461300000014,38.67463760000006],[26.7312244,38.675253900000016],[26.73169810000005,38.67547990000006]]],[[[26.7241163,38.6758288],[26.729665900000047,38.67324690000003],[26.7273342,38.67119750000001],[26.7241163,38.6758288]]],[[[26.712249400000044,38.674106500000015],[26.7179336,38.6781496],[26.7185685,38.67786370000006],[26.712249400000044,38.674106500000015]]],[[[26.727538,38.69114530000004],[26.7273864,38.690737800000015],[26.72693170000003,38.69110589999996],[26.727538,38.69114530000004]]],[[[26.7274198,38.6837799],[26.710613784208377,38.69352414426135],[26.710139287385175,38.70119406549092],[26.7274198,38.6837799]]],[[[26.726448500000043,38.70400229999998],[26.7259435,38.70278719999998],[26.725589600000024,38.70364060000007],[26.726448500000043,38.70400229999998]]],[[[26.71004430000002,38.71400929999998],[26.709255705510575,38.71547657076144],[26.709315,38.71606010000007],[26.71004430000002,38.71400929999998]]],[[[26.733799700000045,38.732431],[26.732547800000034,38.73349650000002],[26.73442570000002,38.733651800000054],[26.733799700000045,38.732431]]],[[[27.033561,38.879456],[27.032412,38.88074],[27.033069,38.88074],[27.033561,38.879456]]],[[[27.041286,38.884846],[27.038329,38.885104],[27.041615,38.88613],[27.041286,38.884846]]],[[[27.033931200000048,38.920634599999985],[27.03372590000003,38.92074740000003],[27.033955400000043,38.92068630000008],[27.033931200000048,38.920634599999985]]],[[[27.023921,38.92357710000003],[27.02702070000005,38.91996390000004],[27.021231600000046,38.9223167],[27.023921,38.92357710000003]]],[[[27.01489182783249,38.923137233667056],[27.005902600000027,38.91641640000002],[27.019379600000022,38.91359040000003],[26.98672691996236,38.91743101693248],[27.01489182783249,38.923137233667056]]],[[[26.945350199999986,38.93317260000003],[26.94610840000004,38.93244660000005],[26.94445579999999,38.933717],[26.945350199999986,38.93317260000003]]],[[[26.805165100000035,38.93412480000006],[26.805209600000033,38.93542030000002],[26.806475300000034,38.9350403],[26.805165100000035,38.93412480000006]]],[[[26.8044101,38.9374068],[26.805231800000044,38.9359904],[26.80394379999999,38.93711309999997],[26.8044101,38.9374068]]],[[[26.795972,39.004613],[26.79430330420156,39.00967898703801],[26.799081,39.011039],[26.795972,39.004613]]],[[[26.798369,39.030043],[26.797711,39.029785],[26.79771,39.030042],[26.798369,39.030043]]],[[[26.7270937,39.22160970000002],[26.72618559885149,39.222044391485625],[26.728067,39.22214830000003],[26.7270937,39.22160970000002]]],[[[27.01755500626556,37.65367291600034],[27.006381533677658,37.65492098281356],[27.003889135294113,37.658450316183],[27.00445009613277,37.66175531045671],[27.02513168640359,37.687745647389086],[27.09574090000048,37.6803802000005],[27.149880000000586,37.69282300000045],[27.209164400000592,37.709696100000585],[27.251685963222624,37.74409496170746],[27.269675900000614,37.809612600000484],[27.23606559962526,37.83912132301969],[27.263299200000514,37.8663387000005],[27.26334234741869,37.915968834898116],[27.276988700000473,37.92690310000047],[27.251869,37.978165],[27.215722700000043,37.99275109999998],[27.132284283507712,37.98846438703592],[27.07277913529445,38.01858031618204],[27.047159135294308,38.050220316181246],[26.982059135294474,38.07453031618183],[26.896711500000027,38.06084680000004],[26.86671880000003,38.0316467],[26.824069135294693,38.159750316182944],[26.798039135293937,38.17380031618274],[26.776962390668622,38.1644718982378],[26.772461637123662,38.1969651424803],[26.788648300000034,38.20066820000004],[26.7575058,38.22240549999998],[26.73172330000003,38.207468],[26.635811100000083,38.20803890000003],[26.623831267057525,38.139218031851826],[26.601915500000043,38.147574],[26.613995419878258,38.11196098803879],[26.58790477939545,38.10595162657481],[26.57145610000001,38.143870699999965],[26.56246250000005,38.143804],[26.558500850215335,38.11758298636155],[26.53111535843361,38.13309996996181],[26.518249800000046,38.18785290000001],[26.50578590000005,38.17572610000003],[26.491447,38.19533280000002],[26.458319135293934,38.19295031618266],[26.443064300000014,38.21844270000005],[26.420128800000025,38.220361700000026],[26.43018880000002,38.19829879999998],[26.40019545815269,38.21771286446529],[26.391657400000014,38.26083439999996],[26.37884960000002,38.263583500000024],[26.367793200000023,38.23109908304344],[26.33540680000004,38.226157700000044],[26.2873275,38.264425100000054],[26.232772907298216,38.26658372676127],[26.2333294,38.292727113636644],[26.271530300000016,38.29009450000002],[26.279969135293577,38.31457031618246],[26.3041991352944,38.32135031618214],[26.283589135292793,38.37129031618142],[26.302457800000038,38.35544590000007],[26.313269135294497,38.37660031618165],[26.318809600000044,38.329886200000075],[26.34443960000003,38.33378920000002],[26.343844300000026,38.31994910000007],[26.375283600000042,38.30892510000002],[26.383317087759924,38.34606766610174],[26.401579300000023,38.33477850000004],[26.3935911,38.3249837],[26.395709500000045,38.3212103],[26.482509135293917,38.373580316181894],[26.4757627,38.401796900000065],[26.452554975894596,38.42076545521418],[26.47297678336087,38.422910325966235],[26.4913108,38.40070740000005],[26.51667913529479,38.42750031618178],[26.43518540000003,38.477481500000025],[26.419284500000014,38.47613250000002],[26.396034113054434,38.447317107912994],[26.412081200000024,38.494020899999974],[26.38078135388802,38.51929326894573],[26.362589135294645,38.56491031618121],[26.35770913529465,38.64962031618227],[26.425059135293726,38.67907031618217],[26.5227859,38.649923100000024],[26.523586700000077,38.62962480000008],[26.561729103395095,38.59716498281268],[26.569207100000025,38.55895679999996],[26.6047824,38.53296120000007],[26.62510729999999,38.527964300000036],[26.638949135294393,38.46652031618215],[26.5863161,38.46931970000006],[26.604026,38.45145809999999],[26.584008800000053,38.4273615],[26.640323100000025,38.37834670000006],[26.643736700000023,38.33985490000005],[26.67448970000003,38.3113133],[26.7037299,38.31968650000002],[26.676189135294283,38.39198031618246],[26.702629135294103,38.4278703161818],[26.73775555354416,38.42496477752872],[26.764774500000023,38.367992],[26.80317220000003,38.35514169999997],[27.01008149418474,38.40869003054721],[27.059952,38.415208],[27.086833599999984,38.39868420000003],[27.156435951215446,38.44674233608241],[27.16811519999999,38.44117289999998],[27.17115280000004,38.4616899],[27.133366299999988,38.46477380000002],[27.109181600000014,38.44889169999998],[27.06604913529361,38.49080031618182],[27.10600080000005,38.45007090000007],[27.045456,38.467226],[27.0358214,38.44927849999995],[27.035819,38.465175],[26.98692840000001,38.44653150000004],[26.973409500000038,38.4544708],[26.947164800000028,38.43016420000002],[26.8850386,38.50739989999998],[26.813924,38.54372750000001],[26.845378,38.560303200000064],[26.847618400000044,38.576898],[26.7980501,38.61153449999998],[26.758799135293703,38.61641031618247],[26.7660103,38.64126660000004],[26.7489945,38.63511],[26.722913789949704,38.65335878783764],[26.75486760000001,38.669032299999955],[26.7335152,38.675329400000074],[26.728706400000036,38.695186400000026],[26.740387,38.74156440000003],[26.7798534,38.73648180000003],[26.830972,38.761185040325515],[26.834443400000037,38.74309580000001],[26.854498807042084,38.75246948376692],[26.895551400000034,38.73408280000001],[26.907726984398284,38.76634950092104],[26.93936260000002,38.76464280000006],[26.8927041,38.818158699999984],[26.944548200000046,38.83615849999996],[26.941773900000015,38.813092700000034],[26.969574,38.804777799999975],[26.98392930000004,38.825286],[26.9624177,38.83037339999996],[26.97079760000003,38.8462648],[27.025509,38.872651],[27.032729,38.854928],[27.06543,38.87636],[27.03728560000004,38.89483739999997],[27.057348600000047,38.91434840000004],[27.04371,38.941110900000034],[26.986655616044022,38.91748649507196],[26.957861500000014,38.9435166],[26.9364061,38.93743579999999],[26.938991800000043,38.9259758],[26.919134600000014,38.939787],[26.860523,38.91464170000005],[26.851422700000036,38.93273619999997],[26.802252,38.95099679999998],[26.797402900000034,38.99590010000004],[26.816327,39.024936],[26.799399,39.015277],[26.799022,39.032098],[26.886631,39.06809290000002],[26.880416,39.092306],[26.817475,39.154632],[26.767941400000055,39.16581170000003],[26.761482,39.179185],[26.734631538319398,39.20575236560555],[26.72926960000003,39.21478440000002],[26.736616400000013,39.20775610000002],[26.738830500000024,39.2223541],[26.7216059,39.256862799999986],[26.61128326126462,39.27840265000388],[26.626646,39.31263],[26.652192800000044,39.323306500000044],[26.655652702323643,39.305711667160665],[26.630529,39.296977],[26.670772,39.278864],[26.661649135293953,39.298390316182015],[26.702777800000025,39.337208499999974],[26.684899135294117,39.345540316182586],[26.71411250000004,39.341078100000054],[26.784215,39.37469890000001],[26.815169135293747,39.40511031618209],[26.801702746122356,39.404480959163],[26.7969359204021,39.430964579138745],[26.854114400000043,39.43928070000001],[26.85788709321144,39.477530986785276],[26.930225899999986,39.48496040000005],[26.950947,39.558209],[26.922333399999985,39.58364069999999],[26.879408,39.585506],[26.838736725691824,39.55881799307353],[26.726499135294766,39.567440316182676],[26.48821,39.527946],[26.37646840000002,39.49639740000008],[26.36788913529372,39.48137031618177],[26.265838,39.483612],[26.241811774474087,39.46425092722722],[26.22993760000006,39.4746126],[26.131194045407316,39.45371135294243],[26.076479135293745,39.471160316181425],[26.24188236748977,39.52832361105135],[26.434618708961988,39.64729666134285],[26.967617974268173,39.72819833554115],[27.319778203131072,39.725818874535264],[27.462545863480887,39.67822965441866],[27.626728672883164,39.51880576702808],[27.638625977912305,39.27610074443341],[27.610072445842327,39.1214357790544],[27.591036757795678,38.843038841372234],[27.522252687058106,38.490053336117434],[27.65766166595892,38.46232508043943],[27.767116872227128,38.495637534521016],[28.0654947245175,38.47026337705817],[28.91901394514953,38.22913790186802],[28.939697608231217,38.116993508086594],[28.890460413079587,37.96025880820916],[28.35079865695731,37.87650178080407],[28.284173748794064,37.88411605602262],[28.219452409435387,37.84414111112462],[28.10714184996018,37.8555625239527],[28.01005984092233,37.796551891008065],[27.527326689364532,37.7754758151489],[27.492289126053738,37.7261198452356],[27.467542731593056,37.6233271297837],[27.38317913529472,37.56794031618306],[27.369979135293406,37.58192031618254],[27.22952321239869,37.583244200594194],[27.13141406013643,37.62972201802636],[27.01755500626556,37.65367291600034]]]]}},{"type":"Feature","properties":{"Id":324,"Name":"Hellespontos","Diocese":"Asiane"},"geometry":{"type":"MultiPolygon","coordinates":[[[[26.07647913529371,39.471160316181454],[26.064828,39.485123],[26.094788,39.564196],[26.142302,39.61232],[26.163471,39.660237],[26.139414604717256,39.75873811097506],[26.156131,39.771886],[26.163557,39.818161],[26.14042422175942,39.838245706574746],[26.178341900000056,39.99007710000004],[26.198135,40.008678],[26.269162900000115,40.00045880000002],[26.334318900000106,40.02842910000003],[26.364763,40.098298],[26.409518100000028,40.11772850000002],[26.404862,40.196982],[26.465807,40.196509],[26.524594,40.217179],[26.561193650495753,40.2648700134174],[26.606955,40.281166],[26.691583045001554,40.35073623055641],[26.690152500000078,40.365638],[26.74648693633475,40.4002226940821],[26.9058121344478,40.40523011066141],[26.959840314201283,40.38255894018071],[27.03346,40.389798],[27.061549700000153,40.429110800000025],[27.089856647763586,40.43944444315873],[27.205586218049046,40.434607254638344],[27.28046959303176,40.47418213873808],[27.333813599999942,40.41131740000008],[27.30471780000008,40.40160040000007],[27.317176850164778,40.37804214214655],[27.44309956985574,40.320831493367564],[27.5328646667839,40.30156378910545],[27.632940000000175,40.326834],[27.676365,40.307972],[27.7617614,40.3065347],[27.879862500000023,40.37538490000012],[27.821029000000113,40.40024000000016],[27.795651,40.384113],[27.783272683770715,40.409380732371154],[27.74550537505247,40.430660261502005],[27.750547100000155,40.45039750000011],[27.687684,40.474161900000055],[27.684029,40.502165],[27.753420109982095,40.5287375943681],[27.77728315463477,40.52619933458707],[27.783011236070365,40.50648615986264],[27.794491166914163,40.52056965528831],[27.804911000000168,40.513069],[27.828899263231232,40.51794130007771],[27.836492000000145,40.509763],[27.869399888816968,40.51669095002975],[28.032625155429386,40.48042893754159],[28.023390038783184,40.453928558828295],[27.896783200000083,40.3906204],[27.962313697170615,40.35100320381821],[28.18707884108332,40.39884061502117],[28.452869135293213,40.39482031618161],[28.49578913529473,40.37825031618195],[28.42440728317257,40.24134099875363],[28.56146423710834,40.09476620079437],[28.44153940241455,39.984359210123955],[28.58621063156903,39.91963787076537],[28.767049668012135,40.01481631099858],[28.867938814659396,39.92725214598403],[28.96311725489261,39.887277201085965],[29.066504835595822,39.885611578382],[29.15573462331446,39.78151015937692],[29.35204015629546,39.805304769435224],[29.369886113839186,39.760689875575906],[29.536448384247308,39.71607498171659],[29.530499731732732,39.65956278282812],[29.346091503780883,39.451359944817966],[29.161088410577577,39.27884902189527],[28.866630111106076,39.12751530192435],[28.463073524517313,39.18271879725967],[28.20038102947359,39.26837939346956],[27.990988460960523,39.285511512711594],[27.638625977912284,39.276100744433336],[27.626728672883132,39.51880576702803],[27.46254586348084,39.67822965441866],[27.319778203131023,39.725818874535264],[26.967617974268137,39.728198335541094],[26.434618708961978,39.647296661342864],[26.241882367489723,39.52832361105135],[26.07647913529371,39.471160316181454]]],[[[26.561966378643778,40.265531809333915],[26.562247253361544,40.265772361903075],[26.56205910000002,40.26545559999997],[26.561966378643778,40.265531809333915]]],[[[26.562607,40.2659354],[26.562707457574632,40.26616649956943],[26.56274170000002,40.26612730000006],[26.562607,40.2659354]]],[[[26.562849351992384,40.266288023738674],[26.562930010449243,40.26635710293233],[26.562867400000027,40.266237],[26.562849351992384,40.266288023738674]]],[[[26.5648255,40.26771740000003],[26.565023100000037,40.267950400000046],[26.56503209999999,40.267703699999984],[26.5648255,40.26771740000003]]],[[[26.7090804,40.38368210000009],[26.7120064,40.3868487],[26.716026599999918,40.381938100000085],[26.7090804,40.38368210000009]]],[[[26.718650000000117,40.38942889261062],[26.709497,40.38679130000007],[26.715489900000044,40.38932469999999],[26.718650000000117,40.38942889261062]]],[[[27.574684100000052,40.575337600000026],[27.52935340000015,40.59755609999995],[27.526360300000093,40.64169680000002],[27.548653019853965,40.65506474008065],[27.5583589,40.642098],[27.572211,40.653109699999966],[27.61204980000008,40.6555438],[27.634553400000065,40.668428500000076],[27.74412082784553,40.633152911879726],[27.632341099999962,40.579771],[27.574684100000052,40.575337600000026]]],[[[27.674563855558606,40.66352997631531],[27.674219219953606,40.664674819298625],[27.674896607177292,40.664566645999166],[27.674563855558606,40.66352997631531]]],[[[27.678544990996222,40.659869952748146],[27.67760615607215,40.66389957344213],[27.680614,40.663168],[27.678544990996222,40.659869952748146]]],[[[27.75849,40.632644000000106],[27.759498,40.63238],[27.756459,40.631887],[27.75849,40.632644000000106]]],[[[27.487807030591114,40.636998504079145],[27.48467810000008,40.647075],[27.489375716793408,40.64634067852181],[27.487807030591114,40.636998504079145]]],[[[27.54854606397654,40.65519096022413],[27.547286361420138,40.65560568187152],[27.54941359498234,40.65655231945183],[27.54854606397654,40.65519096022413]]],[[[27.616960000000145,40.66148],[27.6154365,40.661209400000175],[27.614677500000134,40.6615211],[27.616960000000145,40.66148]]],[[[27.604876159421558,40.661330380319924],[27.60456717577567,40.661663930280014],[27.605066303203667,40.66192536016382],[27.604876159421558,40.661330380319924]]],[[[27.467565857364267,40.53692562289282],[27.497727414798742,40.553884967430584],[27.506949388230307,40.548376812035244],[27.467565857364267,40.53692562289282]]],[[[27.4783238432379,40.49390543151855],[27.51685172708449,40.53842732691512],[27.53950260512636,40.52132856188862],[27.552943393723016,40.52178928310819],[27.5235832,40.50139230000006],[27.536733636299616,40.488292924801264],[27.4943078049201,40.46887599678393],[27.4783238432379,40.49390543151855]]],[[[27.535081762192704,40.5298197776421],[27.535411371458864,40.53030894506928],[27.53581856934828,40.530144951750614],[27.535081762192704,40.5298197776421]]],[[[27.583684574587373,40.522499637575024],[27.58770900000018,40.526573],[27.587350000000146,40.524008],[27.583684574587373,40.522499637575024]]],[[[27.71025290000009,40.52485190000009],[27.708087500000087,40.52507000000019],[27.708379700000176,40.52604960000007],[27.71025290000009,40.52485190000009]]],[[[27.58195901976491,40.494243740328564],[27.576825137648378,40.51777307958877],[27.58334903802493,40.52171482967951],[27.58195901976491,40.494243740328564]]],[[[27.63708820405484,40.461649253752604],[27.650707252447226,40.45277321873746],[27.663613261656803,40.46675949498171],[27.666874646720707,40.44621739254897],[27.577767700000088,40.4630716],[27.582621300000064,40.48277210000003],[27.607833500000098,40.48110450000006],[27.598341654858874,40.50893938757542],[27.65131300000012,40.49285500000013],[27.63708820405484,40.461649253752604]]],[[[27.65002200000012,40.50010690000001],[27.649322100000095,40.49861510000015],[27.649046300000013,40.498522800000124],[27.65002200000012,40.50010690000001]]],[[[27.56167191399984,40.45987962304065],[27.560964177449584,40.46095713885302],[27.56173137105469,40.46124744168695],[27.56167191399984,40.45987962304065]]],[[[27.56426266015382,40.465153416929994],[27.567233656749025,40.46719673015321],[27.569681757943464,40.466554811014426],[27.56426266015382,40.465153416929994]]],[[[27.589097,40.492932],[27.589605586004605,40.49450358519372],[27.589352403860133,40.4929304797391],[27.589097,40.492932]]],[[[27.587050119530435,40.49725855907339],[27.586936033261196,40.497952598881774],[27.587668863618124,40.49762966141885],[27.587050119530435,40.49725855907339]]],[[[27.478667283241922,40.5145571970814],[27.47798306041191,40.51353755954462],[27.477523007179112,40.5137243631513],[27.478667283241922,40.5145571970814]]],[[[27.782430700000155,40.37270679999997],[27.788194,40.37813],[27.790365,40.377217],[27.782430700000155,40.37270679999997]]],[[[27.803246495813784,40.51682952351239],[27.80313781189372,40.51839159512648],[27.803603015405205,40.518347283302525],[27.803246495813784,40.51682952351239]]]]}},{"type":"Feature","properties":{"Id":396,"Name":"Lydia","Diocese":"Asiane"},"geometry":{"type":"Polygon","coordinates":[[[27.638625977912284,39.276100744433336],[27.990988460960523,39.285511512711594],[28.20038102947359,39.26837939346956],[28.463073524517313,39.18271879725967],[28.866630111106076,39.12751530192435],[28.803812340552213,39.057083256151884],[28.782873083700963,38.956194109504565],[29.062816671036785,38.82817910739078],[29.23128251024957,38.77392739645785],[29.31551542985602,38.646864178746625],[29.336930578908493,38.43414036482534],[29.246986952888108,38.21285049128312],[29.102791615934734,38.10863009922781],[29.022303219033688,38.089310876606476],[29.00916403926243,38.020994105540865],[28.90561997111422,38.023653323626775],[28.9396976082312,38.11699350808658],[28.919013945149516,38.229137901868],[28.065494724517464,38.47026337705813],[27.76711687222712,38.495637534520995],[27.657661665958926,38.46232508043937],[27.522252687058028,38.4900533361174],[27.591036757795678,38.84303884137222],[27.61007244584232,39.121435779054366],[27.638625977912284,39.276100744433336]]]}},{"type":"Feature","properties":{"Id":357,"Name":"Phrygia Pakatiane","Diocese":"Asiane"},"geometry":{"type":"Polygon","coordinates":[[[29.536448384247308,39.71607498171659],[29.793228315268266,39.52565187291873],[30.028794954845466,39.32434947182554],[30.12159393407285,39.10305959828332],[30.058776163519042,38.94601517189852],[29.88174426468521,38.803247511548705],[29.953142044440654,38.56691602885377],[29.95384193316181,38.40135654766408],[30.01453213839102,38.38988413002011],[30.103761926109655,38.344198478708165],[30.08923326439367,38.226942055936604],[30.020020704003684,38.12856090022245],[29.94786310592997,37.86638673383624],[29.878205344542664,37.52350432691071],[29.656599466025227,37.54115502169685],[29.418979984995644,37.60822687220491],[29.354258645637174,37.69150800740897],[29.2516629903414,37.71059901767143],[29.192176465195644,37.80339799689881],[29.088651867196063,37.823513761953734],[29.065809041540206,37.882048502697046],[28.99706066271756,37.95806296227778],[29.022303219033688,38.089310876606476],[29.102791615934734,38.10863009922781],[29.246986952888108,38.21285049128312],[29.336930578908493,38.43414036482534],[29.31551542985602,38.646864178746625],[29.23128251024957,38.77392739645785],[29.062816671036785,38.82817910739078],[28.782873083700963,38.956194109504565],[28.803812340552213,39.057083256151884],[28.866630111106076,39.12751530192435],[29.161088410577577,39.27884902189527],[29.346091503780883,39.451359944817966],[29.530499731732732,39.65956278282812],[29.536448384247308,39.71607498171659]]]}},{"type":"Feature","properties":{"Id":419,"Name":"Psidia","Diocese":"Asiane"},"geometry":{"type":"Polygon","coordinates":[[[30.434017164138368,37.6212502569025],[29.94786310592997,37.86638673383624],[30.182319540289996,38.100711649577306],[30.5202030031179,38.29741375939261],[31.072902444203805,38.37434966524779],[31.536897340340715,38.60634711331625],[31.87240134216279,38.592070347281265],[32.5719628778769,38.6027779218075],[32.529132579771954,38.29939664356414],[32.472025515632026,38.15662898321432],[32.143659896827444,38.017430514373245],[31.91880083177648,37.853247704970954],[31.57258925542817,37.789002257813536],[31.458375127148315,37.67835732104243],[31.433390786587097,37.3071614041329],[30.95119394131683,37.40884066233235],[30.766785713364982,37.515916407594716],[30.434017164138368,37.6212502569025]]]}},{"type":"Feature","properties":{"Id":445,"Name":"Lykaonia","Diocese":"Asiane"},"geometry":{"type":"Polygon","coordinates":[[[31.433390786587097,37.3071614041329],[31.458375127148315,37.67835732104243],[31.57258925542817,37.789002257813536],[31.91880083177648,37.853247704970954],[32.143659896827444,38.017430514373245],[32.472025515632026,38.15662898321432],[32.529132579771954,38.29939664356414],[32.5719628778769,38.6027779218075],[33.10127397862385,38.702715284052374],[33.40108606535847,38.6813001349999],[33.57954564079574,38.18875170679303],[33.625945130409434,37.95318506721583],[33.547422917217034,37.592696724832535],[33.561699683252016,37.45349825599146],[33.2618875965174,37.14297859473061],[32.814483177742716,37.21610468138704],[32.523064954207086,37.21079323339677],[32.26608316557741,37.12513263718688],[32.155438228806304,37.02162608343326],[31.81993422698423,37.16439374378308],[31.63076707702072,37.26433110602795],[31.433390786587097,37.3071614041329]]]}},{"type":"Feature","properties":{"Id":464,"Name":"Phrygia Saloutaria","Diocese":"Asiane"},"geometry":{"type":"Polygon","coordinates":[[[29.94786310592997,37.86638673383624],[30.020020704003684,38.12856090022245],[30.08923326439367,38.226942055936604],[30.103761926109655,38.344198478708165],[30.01453213839102,38.38988413002011],[29.95384193316181,38.40135654766408],[29.953142044440654,38.56691602885377],[29.88174426468521,38.803247511548705],[30.058776163519042,38.94601517189852],[30.12159393407285,39.10305959828332],[30.028794954845466,39.32434947182554],[29.793228315268266,39.52565187291873],[29.536448384247308,39.71607498171659],[29.60287143480184,39.883522808195664],[29.75991586118664,39.99773693647552],[29.924098670588933,39.96382961714244],[30.063297139430006,40.11730485201849],[30.500523099251325,39.949552851107455],[31.273253060894717,39.82106195679262],[31.106660389182025,39.43123510498498],[31.02697884679128,39.13042339985037],[31.050178591598126,38.96088680318496],[31.100147272720562,38.84131888764199],[31.23577655005289,38.734243142379626],[31.536897340340715,38.60634711331625],[31.072902444203805,38.37434966524779],[30.5202030031179,38.29741375939261],[30.182319540289996,38.100711649577306],[29.94786310592997,37.86638673383624]]]}},{"type":"Feature","properties":{"Id":488,"Name":"Pamphylia","Diocese":"Asiane"},"geometry":{"type":"MultiPolygon","coordinates":[[[[29.839980397740177,37.281769130219004],[29.948011822242833,37.86638673383624],[30.434165880451232,37.6212502569025],[30.766934429677846,37.515916407594716],[30.951342657629695,37.40884066233235],[31.630915793333585,37.26433110602795],[31.820082943297095,37.16439374378308],[32.15558694511917,37.02162608343326],[32.098807056867585,36.8105976354787],[32.135710932456774,36.47474504262186],[32.205697480032185,36.39519849504592],[32.21493960162015,36.33823035904213],[32.16524,36.41766],[32.02877940000001,36.53720750000007],[32.005465500000035,36.542817499999984],[31.995853323427518,36.52988422117742],[31.961095600000014,36.55867930000003],[31.77268478965589,36.60688279151209],[31.744774,36.638136],[31.67546919393203,36.6444820687469],[31.572334,36.706072],[31.38827261849635,36.763805549292506],[31.3633777,36.7967752],[31.29284785160688,36.817400316181875],[31.0040782,36.8576381],[30.74961897060966,36.85012424805262],[30.7025021,36.885137],[30.6788007,36.8838989],[30.6057902,36.839352],[30.5747901,36.7949706],[30.5618516,36.7270026],[30.57069,36.67687],[30.554641,36.6468676],[30.561315,36.610152],[30.591048,36.59663],[30.57925931737749,36.566934715862224],[30.33096946780823,36.65284562149293],[30.234614005557077,36.766377876356046],[29.896492596628647,37.07356629220885],[29.839980397740177,37.281769130219004]]],[[[30.5702254,36.7447412],[30.5703362,36.7447687],[30.570283,36.7446968],[30.5702254,36.7447412]]],[[[30.5701324,36.7449587],[30.5702166,36.7450146],[30.5702631,36.7449791],[30.5701324,36.7449587]]],[[[31.749061,36.629319],[31.748101,36.629565],[31.7488837,36.6297614],[31.749061,36.629319]]],[[[32.14592266548899,36.431523976003774],[32.1467307765629,36.43081642434036],[32.14551860995203,36.431533537468546],[32.14592266548899,36.431523976003774]]]]}},{"type":"Feature","properties":{"Id":534,"Name":"Lykia","Diocese":"Asiane"},"geometry":{"type":"MultiPolygon","coordinates":[[[[28.949437373045555,37.128115435767654],[29.351566283030877,37.24708848605917],[29.53077376632524,37.27027975854253],[29.839831681427313,37.281769130219004],[29.896343880315783,37.07356629220885],[30.234465289244213,36.766377876356046],[30.330820751495366,36.65284562149293],[30.579246244805574,36.56688778169779],[30.5066744,36.4678223],[30.509261,36.440318],[30.480375,36.43406],[30.489809,36.422443],[30.4765734,36.3953668],[30.526869135293737,36.33424031618216],[30.4672603,36.3146381],[30.469848,36.297956],[30.487362451900392,36.29603160769988],[30.405865997459628,36.21082061751146],[30.40824913529468,36.27567031618298],[30.369105,36.269452],[30.2741675,36.3182003],[30.184799,36.314054],[30.1498423,36.301243],[30.117189316093196,36.24817892388621],[30.056849135294783,36.275380316181554],[30.0364738318441,36.24695479854587],[29.97971277855401,36.21545788311161],[29.9221204,36.234006],[29.8881659,36.2122389],[29.897787,36.202022],[29.887037,36.194063],[29.8488504,36.1971072],[29.827899,36.188541],[29.83256,36.18599],[29.845157,36.192626],[29.848668,36.193313],[29.8502,36.191864],[29.831617,36.177408],[29.823621,36.181105],[29.80079,36.165805],[29.829386,36.168214],[29.777276,36.136815],[29.756881,36.142167],[29.772833,36.154512],[29.7795391,36.1553907],[29.7872612,36.1583081],[29.7876827,36.1591938],[29.7245317,36.16368],[29.6836046,36.1309241],[29.6783484,36.1532769],[29.6554532,36.1476125],[29.6312578,36.1693032],[29.6412728,36.1832577],[29.6510352,36.1740715],[29.6515217,36.1917436],[29.6410869,36.1991008],[29.5840175,36.186977],[29.6313464,36.205148],[29.412311000000102,36.224359],[29.405011,36.244799],[29.415199000000143,36.251272],[29.417646400000137,36.25933230000004],[29.414098200000012,36.26311470000002],[29.369092000000137,36.262984],[29.374196,36.248241],[29.355413,36.229988],[29.313741,36.246857],[29.226101500000084,36.32812130000002],[29.164760000000115,36.341355],[29.16482,36.354969],[29.138904,36.359546],[29.147551299999975,36.37841660000004],[29.101224,36.387445],[29.102951000000132,36.404369],[29.132138599999962,36.415454000000125],[29.11783,36.425685],[29.134276,36.428474],[29.12509360000007,36.46126140000001],[29.10099020000007,36.47487200000012],[29.126798600000086,36.498190700000066],[29.117712800000106,36.551284600000145],[29.09750360000004,36.545687700000144],[29.0882754,36.5664233],[29.049009200000057,36.55894570000004],[29.052727600000026,36.539136],[29.014950481219607,36.547719177319344],[29.0474264,36.5586459000001],[29.0231321,36.5824653],[29.0407127,36.6195815],[29.0753286,36.6140984],[29.077436,36.6458921],[29.1014289,36.6411162],[29.0885085,36.620361],[29.1157254,36.625316],[29.1222705,36.6473192],[29.0938568,36.6778876],[29.0550301,36.6820366],[29.0330957,36.7083315],[29.0141193,36.7041552],[29.0197692,36.7159014],[28.9961891,36.7083481],[28.9712481,36.7314064],[28.9649701,36.7223352],[28.9287725,36.7555152],[28.9298924,36.7348795],[28.8913383,36.7095099],[28.9089436,36.7079034],[28.9005135,36.6980142],[28.8636692,36.6960237],[28.8680777,36.6705909],[28.8504426,36.6624419],[28.86593,36.6538754],[28.8494117,36.6427958],[28.8793308,36.633922],[28.8792424,36.6483701],[28.908197,36.6478645],[28.867288,36.622022],[28.875392,36.601344],[28.846734,36.58869],[28.824677,36.626022],[28.8521897,36.6380026],[28.830722,36.639031],[28.818763000000104,36.659122],[28.793708,36.65115400000013],[28.807189000000108,36.668676],[28.786241,36.686717],[28.723505,36.705495],[28.67003070000004,36.691739],[28.674396,36.706582],[28.648624600000062,36.7229483000001],[28.63277900000014,36.699967],[28.617551,36.704029],[28.62476900000013,36.728592],[28.607674,36.735247],[28.633459,36.75467600000013],[28.612007,36.759336],[28.62965410000004,36.7801708],[28.584896567441554,36.81705511909351],[28.64276913529426,36.93279031618283],[28.949437373045555,37.128115435767654]]],[[[29.504321800000014,36.15091570000004],[29.491139400000122,36.16012510000013],[29.5144315,36.15757479999996],[29.504321800000014,36.15091570000004]]],[[[29.364548,36.217477],[29.35121633097623,36.21518025925186],[29.366515,36.219623],[29.364548,36.217477]]],[[[29.014374730866916,36.54794707850061],[29.013887990802605,36.548139746442736],[29.014166199999977,36.54806480000002],[29.014374730866916,36.54794707850061]]],[[[28.9504883,36.7261251],[28.9335456,36.7238215],[28.9394282,36.736915],[28.9504883,36.7261251]]],[[[28.936108,36.7115765],[28.9363398,36.710553],[28.935769,36.711466],[28.936108,36.7115765]]],[[[28.9312784,36.7103591],[28.9299084,36.7093398],[28.9324211,36.7120758],[28.9312784,36.7103591]]],[[[28.9319343,36.7062928],[28.9306394,36.7063006],[28.9304001,36.7067831],[28.9319343,36.7062928]]],[[[28.9353831,36.7049011],[28.9340656,36.7029227],[28.9347415,36.7106192],[28.9353831,36.7049011]]],[[[28.9299342,36.6966286],[28.92403,36.699469],[28.9291901,36.6996854],[28.9299342,36.6966286]]],[[[28.87101,36.687982],[28.8701946,36.6880636],[28.8708502,36.6886634],[28.87101,36.687982]]],[[[28.905835,36.6693588],[28.9056402,36.6676741],[28.9045209,36.6687164],[28.905835,36.6693588]]],[[[28.9161578,36.6547341],[28.91309,36.6815622],[28.9394372,36.6746904],[28.9264159,36.6708124],[28.9161578,36.6547341]]],[[[28.9061659,36.6514242],[28.8989852,36.6602783],[28.8864869,36.6685364],[28.9074657,36.6652355],[28.9061659,36.6514242]]],[[[28.8596804,36.6444998],[28.8590065,36.6445241],[28.8588935,36.644944],[28.8596804,36.6444998]]],[[[28.8938,36.637531],[28.8925,36.636524],[28.892513,36.637037],[28.8938,36.637531]]],[[[29.0127582,36.6957319],[29.0070386,36.6931582],[29.004365,36.697372],[29.0127582,36.6957319]]],[[[29.0293292,36.6709177],[29.0280927,36.6709602],[29.0284709,36.6717897],[29.0293292,36.6709177]]],[[[29.0306745,36.6689617],[29.0293468,36.6706661],[29.0321177,36.6716438],[29.0327116,36.6686945],[29.0324791,36.6691036],[29.0306745,36.6689617]]],[[[29.0368402,36.6671419],[29.0330933,36.6679763],[29.036981,36.6683123],[29.0368402,36.6671419]]],[[[29.0380757,36.6657447],[29.038336,36.6666243],[29.0388427,36.6661358],[29.0380757,36.6657447]]],[[[29.0460375,36.6649179],[29.0434611,36.6521958],[29.0410394,36.6613428],[29.0460375,36.6649179]]],[[[29.1069505,36.6534963],[29.0976922,36.6465348],[29.0980568,36.6521678],[29.1069505,36.6534963]]],[[[28.8519519,36.6434915],[28.8518057,36.6432978],[28.8517521,36.6435302],[28.8519519,36.6434915]]],[[[28.8583378,36.6447435],[28.858374,36.6446833],[28.858311,36.6446811],[28.8583378,36.6447435]]],[[[28.9337976,36.709489],[28.9340535,36.7092654],[28.9336941,36.709188],[28.9337976,36.709489]]],[[[28.9444265,36.7071282],[28.9447336,36.7080708],[28.9451039,36.7075518],[28.9444265,36.7071282]]],[[[28.9321877,36.6942568],[28.932634,36.6975697],[28.933943,36.6954276],[28.9321877,36.6942568]]],[[[28.9168841,36.7066791],[28.9174785,36.7072545],[28.9172167,36.706464],[28.9168841,36.7066791]]],[[[28.9433365,36.7042317],[28.9432367,36.7045276],[28.9434652,36.7044683],[28.9433365,36.7042317]]],[[[29.0338363,36.6670672],[29.0336866,36.6669589],[29.033748,36.6671144],[29.0338363,36.6670672]]],[[[29.0323738,36.6686516],[29.0322806,36.6687264],[29.0323935,36.6687697],[29.0323738,36.6686516]]],[[[29.033321,36.6675829],[29.0331223,36.6673664],[29.032921,36.6675927],[29.033321,36.6675829]]],[[[28.669704,36.69953090000001],[28.667935800000066,36.69955249999998],[28.6695262,36.69989440000006],[28.669704,36.69953090000001]]],[[[28.6918771,36.691402],[28.693119900000113,36.69470780000006],[28.695337100000074,36.69408],[28.69724570000011,36.69491750000003],[28.6994423000001,36.694339499999955],[28.6918771,36.691402]]],[[[28.764083400000118,36.62877470000012],[28.764348400000017,36.62738310000009],[28.762120700000082,36.62674530000004],[28.764083400000118,36.62877470000012]]],[[[28.825527,36.567438],[28.824897000000135,36.567705],[28.825533,36.567695],[28.825527,36.567438]]],[[[28.672590400000047,36.70300220000013],[28.672279200000048,36.70317690000002],[28.672556400000076,36.703147200000046],[28.672590400000047,36.70300220000013]]],[[[28.648439,36.721382300000016],[28.64864230000012,36.72154190000009],[28.648729400000036,36.721432100000015],[28.648439,36.721382300000016]]],[[[28.597148800000127,36.79631139999998],[28.595316,36.79584319999998],[28.599075200000016,36.79753679999999],[28.597148800000127,36.79631139999998]]],[[[29.089952500000038,36.560541200000046],[29.09012060000009,36.56024050000008],[29.08969550000006,36.56037960000003],[29.089952500000038,36.560541200000046]]],[[[29.089034900000115,36.5604391],[29.089012900000114,36.56020339999998],[29.088932199999988,36.56045439999997],[29.089034900000115,36.5604391]]],[[[29.075958000000128,36.554091],[29.066884300000027,36.55223870000003],[29.063766099999953,36.55471680000005],[29.072094600000014,36.5551324],[29.075958000000128,36.554091]]],[[[29.0618811,36.54026370000008],[29.059434,36.5396427],[29.059816300000023,36.541601],[29.0618811,36.54026370000008]]],[[[29.055998499999987,36.5404193],[29.05587830000013,36.54008610000011],[29.055748,36.54038630000008],[29.055998499999987,36.5404193]]],[[[29.057245500000136,36.53943920000006],[29.056963,36.538913600000114],[29.05637990000008,36.539184],[29.057245500000136,36.53943920000006]]],[[[29.030130699999972,36.556502900000055],[29.0302962,36.55715590000011],[29.030949400000054,36.55730520000003],[29.030130699999972,36.556502900000055]]],[[[29.11659620000006,36.46233920000003],[29.1162304,36.462267699999984],[29.116321300000095,36.462567],[29.11659620000006,36.46233920000003]]],[[[29.116395300000136,36.461958299999935],[29.11622829999999,36.462215],[29.116513699999985,36.46207220000014],[29.116395300000136,36.461958299999935]]],[[[29.116651100000013,36.461866200000145],[29.116545299999927,36.461875],[29.116643800000134,36.4619073],[29.116651100000013,36.461866200000145]]],[[[29.118412100000057,36.46135119999997],[29.11840120000005,36.461062300000094],[29.118111200000044,36.46127490000009],[29.118412100000057,36.46135119999997]]],[[[29.240483700000084,36.3145234000001],[29.239358700000082,36.3138345000001],[29.24023050000011,36.31483930000013],[29.240483700000084,36.3145234000001]]],[[[29.374323,36.221009],[29.36786,36.222165],[29.373949,36.224356000000114],[29.374323,36.221009]]],[[[29.448307,36.214637],[29.443786,36.21704100000011],[29.452761000000123,36.220197],[29.448307,36.214637]]],[[[29.443294,36.2114],[29.442176,36.211166],[29.44204200000013,36.211939],[29.443294,36.2114]]],[[[29.515536100000077,36.15648140000013],[29.5150117,36.15746710000013],[29.51696420000013,36.1574045000001],[29.515536100000077,36.15648140000013]]],[[[29.509940000000142,36.15171860000004],[29.510139900000013,36.151821],[29.5103719,36.15138820000004],[29.509940000000142,36.15171860000004]]],[[[29.49869200000012,36.15038130000005],[29.4987956,36.15024349999999],[29.4986798,36.15030260000009],[29.49869200000012,36.15038130000005]]],[[[29.893321,36.209835],[29.892674,36.209465],[29.892372,36.209858],[29.893321,36.209835]]],[[[29.907052,36.212584],[29.89551,36.209012],[29.895557,36.210295],[29.907052,36.212584]]],[[[29.899839,36.206082],[29.899028,36.205588],[29.898582,36.206369],[29.899839,36.206082]]],[[[29.903562,36.203937],[29.899547,36.202493],[29.899158,36.204814],[29.903562,36.203937]]],[[[29.853384,36.192302],[29.852425,36.192068],[29.852434,36.192325],[29.853384,36.192302]]],[[[29.874875,36.19076],[29.874242,36.190775],[29.875201,36.191009],[29.874875,36.19076]]],[[[29.853002,36.190513],[29.852043,36.190279],[29.852053,36.190536],[29.853002,36.190513]]],[[[29.855218,36.19046],[29.854245,36.189841],[29.853943,36.190234],[29.855218,36.19046]]],[[[29.849483,36.18957],[29.849157,36.189321],[29.849166,36.189577],[29.849483,36.18957]]],[[[29.913367,36.190599],[29.909977,36.188884],[29.911655,36.191411],[29.913367,36.190599]]],[[[29.907723,36.187911],[29.907061,36.187157],[29.907406,36.187919],[29.907723,36.187911]]],[[[29.551759,36.183962],[29.551267,36.183459],[29.550825,36.184496],[29.551759,36.183962]]],[[[29.549592,36.185549],[29.546709,36.184583],[29.547084,36.186373],[29.549592,36.185549]]],[[[29.817896,36.17465],[29.817249,36.174279],[29.816946,36.174672],[29.817896,36.17465]]],[[[29.8169,36.173389],[29.816574,36.17314],[29.816583,36.173397],[29.8169,36.173389]]],[[[29.834991,36.171332],[29.831675,36.170215],[29.836813,36.172148],[29.834991,36.171332]]],[[[29.863316,36.169205],[29.861427,36.169507],[29.863028,36.169983],[29.863316,36.169205]]],[[[29.834794,36.168857],[29.834143,36.168359],[29.834161,36.168872],[29.834794,36.168857]]],[[[29.837837,36.169812],[29.835408,36.168329],[29.836125,36.170623],[29.837837,36.169812]]],[[[29.873072,36.16743],[29.871853,36.168744],[29.873118,36.168713],[29.873072,36.16743]]],[[[29.875873,36.166079],[29.875585,36.166856],[29.876823,36.166056],[29.875873,36.166079]]],[[[29.629736,36.16121],[29.627688,36.161512],[29.6291743,36.1631677],[29.629736,36.16121]]],[[[29.626448,36.16231],[29.624655,36.160808],[29.624215,36.161845],[29.626448,36.16231]]],[[[29.6223218,36.1585134],[29.621272,36.159084],[29.6224313,36.159413],[29.6223218,36.1585134]]],[[[29.62442,36.158502],[29.624086,36.157995],[29.624103,36.158509],[29.62442,36.158502]]],[[[29.7181611,36.1567121],[29.7173892,36.1563633],[29.7170841,36.1566682],[29.7181611,36.1567121]]],[[[29.631485,36.151925],[29.630228,36.152209],[29.631836,36.152945],[29.631485,36.151925]]],[[[29.627687,36.152008],[29.627037,36.151509],[29.627046,36.151766],[29.627687,36.152008]]],[[[29.6754753,36.1515991],[29.674502,36.1516866],[29.6755243,36.1517661],[29.6754753,36.1515991]]],[[[29.626079,36.151273],[29.623607,36.153125],[29.626422,36.152036],[29.626079,36.151273]]],[[[29.655569,36.1427562],[29.6539173,36.1435429],[29.655577,36.1435989],[29.655569,36.1427562]]],[[[29.65111,36.132741],[29.649784,36.130972],[29.650477,36.132755],[29.65111,36.132741]]],[[[29.663229,36.135297],[29.654625,36.13369],[29.662947,36.136331],[29.663229,36.135297]]],[[[29.766189,36.132191],[29.738307,36.122558],[29.755254,36.14092],[29.766189,36.132191]]],[[[29.5598901,36.1213024],[29.5986661,36.1658838],[29.5890037,36.1498735],[29.6068449,36.1457896],[29.5598901,36.1213024]]],[[[29.915961,36.196443],[29.880445,36.169821],[29.840863,36.170254],[29.870539,36.184828],[29.915961,36.196443]]],[[[29.5574088,36.1688427],[29.5575331,36.1687021],[29.5573742,36.1687972],[29.5574088,36.1688427]]],[[[29.5571622,36.168883],[29.5571711,36.1688368],[29.5571297,36.1688466],[29.5571622,36.168883]]],[[[29.6068262,36.1486357],[29.6071009,36.148417],[29.6067713,36.148322],[29.6068262,36.1486357]]],[[[29.6028899,36.1506084],[29.6041699,36.1506787],[29.6034369,36.1494617],[29.6028899,36.1506084]]],[[[29.6027783,36.1489603],[29.6019051,36.1497747],[29.6030628,36.1496876],[29.6027783,36.1489603]]],[[[29.5962353,36.1517519],[29.5952141,36.152361],[29.5973118,36.1520552],[29.5962353,36.1517519]]],[[[29.6071269,36.1504838],[29.6072902,36.1503799],[29.6071583,36.1504014],[29.6071269,36.1504838]]],[[[29.6088484,36.153559],[29.608921,36.1541784],[29.6091623,36.1538996],[29.6088484,36.153559]]],[[[29.6005074,36.152779],[29.600976,36.15297],[29.6009853,36.1529286],[29.6005074,36.152779]]],[[[29.6014358,36.1529632],[29.6008682,36.1532416],[29.601072,36.153471],[29.6014358,36.1529632]]],[[[29.6322511,36.1069237],[29.6354368,36.1183403],[29.6428833,36.1190437],[29.6450979,36.1158898],[29.6322511,36.1069237]]],[[[29.6775453,36.1370434],[29.6776184,36.136768],[29.6773724,36.137067],[29.6775453,36.1370434]]],[[[29.5853415,36.1941998],[29.5852297,36.1941136],[29.5852831,36.194259],[29.5853415,36.1941998]]],[[[29.6098835,36.1904381],[29.6099475,36.1908664],[29.6100583,36.1904392],[29.6098835,36.1904381]]],[[[29.6159222,36.150771],[29.6162012,36.1509226],[29.615927,36.15057],[29.6159222,36.150771]]]]}},{"type":"Feature","properties":{"Id":568,"Name":"Nesoi","Diocese":"Asiane"},"geometry":{"type":"MultiPolygon","coordinates":[[[[26.623451388102765,39.37509209538922],[26.6328021,39.3575854],[26.653503,39.363561],[26.662214,39.340858],[26.6908419,39.3333636],[26.622933,39.32687],[26.607914,39.35186],[26.6236,39.356534],[26.617186,39.380139],[26.598618,39.386497],[26.669921,39.389803],[26.661385,39.375525],[26.623451388102765,39.37509209538922]]],[[[26.5956516,39.377286300000016],[26.576282,39.39061060000004],[26.6025724,39.395079699999975],[26.5943273,39.38572960000004],[26.5956516,39.377286300000016]]],[[[26.36664938070126,39.3751],[26.3562405,39.346914],[26.42513,39.3294168],[26.3807709,39.2699675],[26.474903,39.224472],[26.5000089,39.1801818],[26.540648,39.16748],[26.5310422,39.1607074],[26.529769,39.141499],[26.548092,39.138489],[26.5673235,39.1116232],[26.5572832,39.0961046],[26.6129283,39.0443709],[26.60915,39.010044],[26.537532,39.013377],[26.5344889,39.0285154],[26.5210426,39.0380321],[26.5316955,39.0449465],[26.5116941,39.0492921],[26.5334245,39.0620892],[26.528848,39.081657],[26.4842593,39.1195003],[26.441368,39.102073],[26.546153,39.003652],[26.517775,38.9705779],[26.5136947,38.9806166],[26.3980168,38.9623351],[26.2333321,39.0161444],[26.1684092,39.0054376],[26.1175141,39.0642493],[26.0843771,39.0794023],[26.1157801,39.0976212],[26.1555663,39.0945726],[26.1875043,39.1258735],[26.2811773,39.1547385],[26.2955703,39.1833324],[26.2535406,39.2054618],[26.167839,39.196873],[26.112392,39.104912],[26.096318,39.11185],[26.0761231,39.0861691],[25.99345790000001,39.10864950000001],[25.957994,39.103377],[25.944467,39.126368],[25.88566670000006,39.15091940000002],[25.875183,39.149988],[25.832715,39.18513800000011],[25.855501500000116,39.19102850000007],[25.85764130000007,39.22529120000007],[25.84585,39.229439],[25.86169,39.240124],[25.856657,39.25522600000011],[25.905434000000128,39.28343000000012],[25.904275,39.294204],[25.951689100000124,39.27412720000012],[26.072089,39.2953675],[26.1013664,39.3154608],[26.1254687,39.3070739],[26.178652,39.330875],[26.1657869,39.3705888],[26.185508100000042,39.379395600000066],[26.3168623,39.3731448],[26.3414875,39.390144],[26.36664938070126,39.3751]]],[[[25.869349299999953,38.58416730000005],[26.0624393,38.5940344],[26.0860037,38.5551208],[26.1062465,38.5558102],[26.114167,38.5403026],[26.1163602,38.5551632],[26.1314158,38.5430563],[26.134353,38.5669965],[26.160697,38.5510685],[26.1528778,38.4964145],[26.1271754,38.4902361],[26.1236161,38.4777001],[26.154363,38.4592974],[26.1338862,38.4039612],[26.1433005,38.338228],[26.1614266,38.3296185],[26.1536289,38.3035993],[26.103492,38.2726067],[26.1162585,38.2344542],[26.1001333,38.2106205],[26.0377219,38.1986661],[26.012004000000104,38.147265],[25.967981,38.16818410000013],[25.95296120000006,38.1946648],[25.92675840000004,38.19260720000011],[25.914100200000064,38.222100400000045],[25.887122300000044,38.215198300000054],[25.885533400000043,38.24483129999999],[25.864405900000065,38.2438145000001],[25.87599950000009,38.273828600000115],[25.91869589999999,38.299789200000134],[25.9290398,38.28685310000003],[25.93187850000004,38.300851400000056],[25.9658061,38.29584020000004],[25.97310360000006,38.3291799000001],[25.996017100000017,38.34203260000004],[25.99487840000012,38.372747799999956],[25.99223840000002,38.390755500000125],[25.95918530000006,38.40487610000014],[25.94258940000003,38.45998910000014],[25.862934600000017,38.492470200000014],[25.831125700000143,38.54615850000005],[25.869349299999953,38.58416730000005]]],[[[26.0149417,38.12479250000007],[26.016315,38.1258728],[26.0164866,38.1249275],[26.0149417,38.12479250000007]]],[[[24.961005451782782,37.68227611746833],[24.924456117506963,37.70109406715926],[24.886256231684456,37.76667366246011],[24.848504500000047,37.77666430000011],[24.817673200000115,37.8205597000001],[24.79583660000003,37.816607100000056],[24.799130900000137,37.8345192000001],[24.767037800000026,37.87552460000006],[24.73259130000008,37.888090300000044],[24.710001600000112,37.87138920000001],[24.711222999867175,37.896205532912404],[24.68062600000013,37.924746],[24.694608689171787,37.932956377642995],[24.69168209946878,37.96450283004373],[24.789416003464492,37.999692754389045],[24.79207620469375,37.968837372539994],[24.8318342,37.95922],[24.838499996270652,37.9099882943084],[24.9563401,37.89929430000003],[24.950913600000042,37.89578],[24.957049077091924,37.87114279396811],[24.9348727,37.84159710000003],[24.980192765889,37.81258029311584],[24.951496400000025,37.771801800000034],[25.000720800000124,37.77040310000001],[24.952728873362904,37.70469240624994],[24.961005451782782,37.68227611746833]]],[[[26.75124350000039,37.2680385000002],[26.751221700000034,37.2639636],[26.75020240000005,37.26447950000002],[26.75124350000039,37.2680385000002]]],[[[26.718650000000252,37.30167421526999],[26.7098589,37.3185973],[26.7244724,37.3173853],[26.721832700000324,37.32849790000032],[26.792301400000287,37.29971220000024],[26.789063000000375,37.28426510000032],[26.782831200000288,37.284828100000304],[26.784545600000392,37.27709800000034],[26.78006910000033,37.27473770000027],[26.777647100000316,37.28372380000045],[26.76299270000037,37.27891690000038],[26.763877200000294,37.29802370000043],[26.718650000000252,37.30167421526999]]],[[[26.71949130000029,37.33893140000021],[26.7182169,37.3365025],[26.7175657,37.3365093],[26.71949130000029,37.33893140000021]]],[[[26.7174616,37.377185],[26.7147583,37.3702276],[26.7129831,37.3726779],[26.7174616,37.377185]]],[[[26.74421030000046,37.36117350000028],[26.7102743,37.4019802],[26.7185965,37.4125411],[26.71934500000023,37.40358250000035],[26.75928160000041,37.37369610000047],[26.75263400000038,37.375006700000306],[26.746569900000445,37.369340700000365],[26.74421030000046,37.36117350000028]]],[[[26.718650000000252,37.71010837593816],[26.6413148,37.7023651],[26.6245159,37.6806283],[26.5914167,37.6753698],[26.5660837,37.7307841],[26.6086985,37.768849],[26.741447400000254,37.81314180000018],[26.848095900000335,37.80622330000029],[26.882353700000294,37.778485900000334],[26.96529900000025,37.747389500000246],[26.976605000000315,37.75430540000036],[26.952000900000428,37.78720710000042],[26.981819000000275,37.77882720000037],[26.977807400000344,37.79307710000023],[26.991490300000393,37.79593300000034],[26.9986019000003,37.77711240000048],[27.068818000000455,37.77728300000031],[27.02414900000035,37.752383000000336],[27.036531600000266,37.72839140000033],[27.066476400000273,37.72656120000038],[27.067278000000357,37.71149500000028],[26.980052100000414,37.70676200000037],[26.91300010000023,37.68407940000036],[26.869883600000406,37.637331200000425],[26.793265700000273,37.643175500000375],[26.752761600000227,37.696641400000296],[26.718650000000252,37.71010837593816]]],[[[27.196188927945503,36.5626],[27.133656,36.563615],[27.122336612532052,36.57280606238614],[27.129680916115408,36.610877367088506],[27.188231240460293,36.619968377793796],[27.214454,36.584822],[27.196188927945503,36.5626]]],[[[27.0791662,36.56719080000003],[27.061810900000026,36.567365500000015],[27.0828716,36.57279029999997],[27.0791662,36.56719080000003]]],[[[27.112379600000036,36.7578526],[27.021195300000056,36.76531640000005],[26.9732838,36.745542700000016],[26.98451410000004,36.71660609999996],[26.9667675,36.70514960000006],[26.9730972,36.67234710000003],[26.917333,36.718029700000024],[26.9218935,36.764015600000064],[26.9926014,36.770156],[27.075309593323528,36.85042386185975],[27.16804890000004,36.88955019999999],[27.233559097848836,36.893779447928516],[27.278656325832273,36.91579981991931],[27.286784972516706,36.89498875437633],[27.338167355699905,36.89087826788998],[27.351549600883615,36.87417620748616],[27.3559917,36.85903670000005],[27.332581129272157,36.84842908430632],[27.16793919999999,36.80634],[27.112379600000036,36.7578526]]],[[[26.721568300000033,37.25404160000005],[26.713475800000083,37.2539241],[26.717935500000124,37.25973040000008],[26.721568300000033,37.25404160000005]]],[[[26.0650938,37.5168032],[25.978925100000083,37.51073980000007],[25.974482,37.529753],[26.0777508,37.6342599],[26.1986104,37.626172],[26.2251448,37.637224],[26.2972336,37.6803546],[26.3655677,37.6898143],[26.3225919,37.6308193],[26.2227766,37.5707742],[26.1172158,37.5567346],[26.0650938,37.5168032]]],[[[25.271777705390093,36.785819105389976],[25.3137974,36.7824818],[25.3340431,36.7660726],[25.3278036,36.7540634],[25.3627216,36.7477828],[25.402629,36.7148195],[25.3801895,36.6957299],[25.3813165,36.6834831],[25.3862507,36.6827966],[25.387866,36.6757145],[25.3941764,36.6709211],[25.3827321,36.6719845],[25.3842713,36.6503738],[25.3681981,36.6593009],[25.3552138,36.6422122],[25.293125005389925,36.71500670539007],[25.245912305389936,36.721704605390016],[25.256925205390075,36.72689430539009],[25.271777705390093,36.785819105389976]]],[[[24.533172875584377,36.7383390915354],[24.5475831,36.7015686],[24.5270535,36.6703209],[24.5231906,36.6739312],[24.5191469,36.6748782],[24.5138942,36.6746528],[24.4796247,36.665777],[24.4745248,36.6609359],[24.4746092,36.6606424],[24.4739277,36.6597741],[24.4736419,36.6590464],[24.4740002,36.6583641],[24.472121,36.6575196],[24.4709081,36.6611388],[24.4684757,36.6611671],[24.468026,36.6629316],[24.4667224,36.6621044],[24.4668014,36.663184],[24.466222,36.6633812],[24.4657473,36.6628251],[24.465603,36.6633237],[24.4651921,36.6631582],[24.4658277,36.6647861],[24.4656095,36.6658245],[24.4641911,36.6666971],[24.4616274,36.6678918],[24.4585918,36.6687782],[24.4568773,36.6690089],[24.4495245,36.6660607],[24.4442239,36.6697323],[24.319916100000057,36.649684600000114],[24.336984400000063,36.7041736],[24.325061199999936,36.71503310000003],[24.340024700000072,36.722050700000125],[24.35152019999998,36.750335899999925],[24.371355,36.73094730000014],[24.390061800000012,36.73265650000013],[24.394787,36.73623779999997],[24.392820800000038,36.7076237],[24.4342949,36.6890162],[24.4700481,36.7070957],[24.4533019,36.7254216],[24.42813060000003,36.724497400000075],[24.405645199999924,36.7507577],[24.4105386,36.771432600000026],[24.414664200000118,36.76918680000006],[24.420648500000027,36.769467000000134],[24.4287855,36.773677000000134],[24.428427600000077,36.773410800000136],[24.428539899999976,36.77301369999992],[24.42971490000002,36.77265220000004],[24.428741600000137,36.76865230000004],[24.429908600000033,36.767871700000114],[24.42886650000014,36.7672973],[24.4309662,36.76668390000009],[24.4254168,36.76086269999996],[24.426504200000124,36.75816409999999],[24.4437897,36.7488296],[24.4465391,36.751487],[24.4477984,36.7503404],[24.4523471,36.7518199],[24.4583263,36.7428793],[24.4701946,36.7414751],[24.5280541,36.7684603],[24.5472788,36.7562724],[24.533172875584377,36.7383390915354]]],[[[24.5737968,36.7555323],[24.57594228187383,36.75542639244007],[24.5738049,36.7552754],[24.5737968,36.7555323]]],[[[24.5776813,36.7538133],[24.578730211990216,36.75434018590122],[24.5787893,36.7540929],[24.5776813,36.7538133]]],[[[26.40587380000011,36.56529230000007],[26.399852300000134,36.56140810000005],[26.3972546,36.56781819999998],[26.40587380000011,36.56529230000007]]],[[[26.392862,36.562426],[26.391619,36.56118970000006],[26.389085400000113,36.56962579999998],[26.392862,36.562426]]],[[[26.368950534423806,36.5626],[26.3539609,36.5659209],[26.359271200000137,36.54346759999993],[26.340169100000026,36.539768],[26.36843730000004,36.5090897],[26.321342199999947,36.50716060000008],[26.289429600000062,36.51661000000013],[26.26231830000006,36.55601200000012],[26.273509399999966,36.568156],[26.25942,36.59273390000004],[26.307505000000106,36.5955924],[26.34468520000013,36.569596200000035],[26.38175360000014,36.5944591],[26.40318940000003,36.58300670000011],[26.390232700000013,36.610175],[26.413575900000012,36.622076200000095],[26.38207950000009,36.61347310000008],[26.371532899999977,36.636798],[26.3813454000001,36.64558480000011],[26.47472250000004,36.581031],[26.45260860000002,36.577334600000086],[26.4471,36.5904124],[26.405852300000106,36.569146],[26.365645200000074,36.578188100000034],[26.368950534423806,36.5626]]],[[[26.015725,36.89282196811313],[25.9359444,36.8536184],[25.8640431,36.7869284],[25.8270076,36.7859261],[25.8027054,36.7671868],[25.758539,36.7734136],[25.7403498,36.7921053],[25.7573301,36.7889441],[25.7837603,36.814265],[25.8464512,36.8098806],[25.8461773,36.8281181],[25.8659351,36.8302213],[25.8383922,36.8357494],[25.8445591,36.8507099],[25.9460905,36.8829958],[25.977501,36.9017674],[25.9590498,36.917792],[26.0021314,36.9263826],[25.9991243,36.9361197],[26.086412100000075,36.896611600000085],[26.015725,36.89282196811313]]],[[[25.6677797,36.8325464],[25.6605015,36.8467229],[25.6754767,36.8402113],[25.6677797,36.8325464]]],[[[25.6639625,36.87555477711418],[25.6326599,36.8844265],[25.6068595,36.8787319],[25.6060145,36.8900254],[25.6536808,36.9075302],[25.6837919,36.8865454],[25.6639625,36.87555477711418]]],[[[27.421775,36.404717905063436],[27.436363000000142,36.417211],[27.451082,36.406365],[27.380542000000116,36.378476],[27.382821,36.389646],[27.373291100000117,36.402440700000085],[27.36217400000013,36.391508],[27.355365,36.431611],[27.31966,36.408845],[27.292225,36.425102],[27.2951,36.42869200000016],[27.300759,36.453087],[27.294761,36.464920000000106],[27.308473,36.473621],[27.330993,36.457759],[27.358776,36.48196],[27.394960000000186,36.433542],[27.387312000000126,36.4139274000001],[27.4083956,36.419365],[27.421775,36.404717905063436]]],[[[27.23078,35.87503690000004],[27.234443500000054,35.82934920000014],[27.23198150000013,35.840004],[27.20995069999998,35.83720850000009],[27.185408899999956,35.8604843],[27.214505100000043,35.87578779999998],[27.21706950000002,35.901250100000055],[27.223304700000035,35.90115770000005],[27.226757,35.90284820000009],[27.22773240000009,35.90593350000012],[27.24137639999993,35.90219040000006],[27.235143,35.895531300000066],[27.23078,35.87503690000004]]],[[[28.124921559757038,36.42003133959293],[28.187279000000103,36.420969],[28.22096790000012,36.45784610000004],[28.238910636787637,36.44451395736468],[28.228386100000137,36.40324909999998],[28.247628300000088,36.38684089999998],[28.207286099999976,36.34914170000002],[28.20509840000011,36.3382674],[28.215998000000127,36.32753800000012],[28.175126900000066,36.282039199999986],[28.174994,36.248823],[28.1472847,36.226587600000016],[28.136635899999987,36.1844797],[28.104742,36.181663],[28.075676100000067,36.14290630000011],[28.067929,36.10757460000008],[28.099897,36.10418520000013],[28.085338700000023,36.096583599999974],[28.09051,36.080819],[28.074517099999923,36.073483500000066],[28.08706710000007,36.05439360000008],[28.066539,36.0638100000001],[28.050907699999925,36.063902],[28.04818030000007,36.07493760000011],[28.04169040000005,36.077320100000065],[28.036771700000088,36.0776866],[27.95416150000011,36.045524500000056],[27.863153,35.927477],[27.770458700000063,35.88731780000012],[27.718733,35.939991],[27.755491,36.01472419999999],[27.758484300000134,36.09586790000009],[27.749864899999977,36.10569],[27.71036349999997,36.11310280000009],[27.713032300000123,36.1394103],[27.684561,36.155940699999974],[27.767347700000016,36.18801539999993],[27.805516,36.270382],[27.848672,36.285499],[27.878395000000125,36.3226355],[28.124921559757038,36.42003133959293]]],[[[28.2313277,36.40946489999999],[28.230794800000126,36.408514600000046],[28.23050969999997,36.40935969999998],[28.2313277,36.40946489999999]]],[[[28.207977,36.338019200000076],[28.207886800000097,36.337495],[28.207389399999954,36.337842],[28.207977,36.338019200000076]]],[[[28.1465164,36.19792860000001],[28.147164799999985,36.199337700000115],[28.14827990000009,36.19960669999995],[28.1465164,36.19792860000001]]],[[[28.14566980000012,36.19898510000007],[28.14447439999998,36.2004050000001],[28.146081,36.199869],[28.14566980000012,36.19898510000007]]],[[[27.46856000000014,36.379063],[27.469191000000137,36.37828900000011],[27.468555,36.378292],[27.46856000000014,36.379063]]],[[[27.451759,36.358572],[27.466632000000118,36.375473],[27.47108900000012,36.376997],[27.457167,36.359837],[27.451759,36.358572]]],[[[27.690897,36.261977],[27.693920000000105,36.28084500000011],[27.72502900000012,36.281945],[27.704381,36.244299],[27.694671,36.25823000000014],[27.708734000000106,36.26971],[27.690897,36.261977]]],[[[27.763461,36.2528],[27.769288,36.264711],[27.774684,36.264933],[27.774331,36.261338],[27.763461,36.2528]]],[[[27.752651000000128,36.250171],[27.751696,36.24992],[27.751699,36.25017700000012],[27.752651000000128,36.250171]]],[[[27.792557100000067,36.24813060000008],[27.792093100000045,36.2484622],[27.79245160000005,36.2484622],[27.792557100000067,36.24813060000008]]],[[[27.774479,36.244122],[27.766222,36.24314800000013],[27.76623000000012,36.243918],[27.774479,36.244122]]],[[[27.625099,36.22649600000011],[27.580390000000136,36.2056520000001],[27.566215,36.2184390000001],[27.5195250000001,36.206574],[27.515841000000137,36.224962],[27.520371000000125,36.238688],[27.599105,36.248469],[27.625099,36.22649600000011]]],[[[27.668648600000097,36.23792140000006],[27.669114600000114,36.238391200000024],[27.66938090000008,36.23813610000008],[27.668648600000097,36.23792140000006]]],[[[27.70372759999998,36.21977470000013],[27.708701500000075,36.22535760000005],[27.709881199999984,36.2248073],[27.70372759999998,36.21977470000013]]],[[[27.627764,36.222628],[27.62644,36.21556900000013],[27.62457300000011,36.220076],[27.627764,36.222628]]],[[[27.67528779999998,36.2138101000001],[27.6748907,36.21617190000012],[27.6760478,36.2155087],[27.67528779999998,36.2138101000001]]],[[[27.61779750000011,36.21397990000014],[27.61952140000011,36.214730700000075],[27.62046449999997,36.2146173000001],[27.61779750000011,36.21397990000014]]],[[[27.641299700000104,36.22242419999998],[27.6409642000001,36.22338640000004],[27.641655,36.222592500000076],[27.641299700000104,36.22242419999998]]],[[[27.6667673,36.210865600000034],[27.666495700000098,36.21159749999998],[27.66730210000003,36.21156170000006],[27.6667673,36.210865600000034]]],[[[27.658225300000083,36.24608670000009],[27.656550700000082,36.249568400000044],[27.65862690000006,36.24641350000013],[27.658225300000083,36.24608670000009]]],[[[27.639440100000115,36.24956089999995],[27.639692700000012,36.25139980000006],[27.641070800000023,36.2509564],[27.639440100000115,36.24956089999995]]],[[[27.65776889999995,36.25345850000002],[27.648779400000137,36.25981580000007],[27.657958800000074,36.26075479999997],[27.65776889999995,36.25345850000002]]],[[[27.667654300000038,36.25733489999999],[27.6672554000001,36.257978300000104],[27.667802300000062,36.25768160000007],[27.667654300000038,36.25733489999999]]],[[[27.667343600000095,36.2573094],[27.66739549999994,36.25723940000006],[27.667270300000098,36.25727210000008],[27.667343600000095,36.2573094]]],[[[27.66720629999992,36.25726839999999],[27.667161599999986,36.257212],[27.667116799999974,36.25723809999994],[27.66720629999992,36.25726839999999]]],[[[27.677311200000076,36.2626777000001],[27.677478900000096,36.26632980000011],[27.6785794,36.265208],[27.677311200000076,36.2626777000001]]],[[[27.66980110000003,36.1990103],[27.673761900000045,36.19903520000008],[27.674221600000067,36.19872190000012],[27.66980110000003,36.1990103]]],[[[27.692040099999986,36.140197899999976],[27.6917355,36.1428054000001],[27.693112700000086,36.140538],[27.692040099999986,36.140197899999976]]],[[[27.70274130000007,36.1108773],[27.70123339999998,36.11270560000008],[27.703398700000093,36.11213779999997],[27.70274130000007,36.1108773]]],[[[27.739455800000087,36.103645],[27.73994250000004,36.103954800000054],[27.739417600000138,36.10328260000006],[27.739455800000087,36.103645]]],[[[27.707313,35.99030370000003],[27.70289740000004,35.988531799999976],[27.708007400000042,35.991186900000116],[27.707313,35.99030370000003]]],[[[27.70343809999997,35.936309700000095],[27.700998300000094,35.93478280000005],[27.699662400000022,35.9358942],[27.70343809999997,35.936309700000095]]],[[[27.756746700000065,35.888474],[27.76325660000009,35.8776274],[27.749591200000054,35.87780170000002],[27.756746700000065,35.888474]]],[[[28.09300420000011,36.02100300000012],[28.09472380000011,36.0207602000001],[28.0948057,36.02003160000004],[28.09300420000011,36.02100300000012]]],[[[27.970499300000085,36.047724800000026],[27.970536900000013,36.04781370000012],[27.970561,36.04774870000006],[27.970499300000085,36.047724800000026]]],[[[27.970613800000137,36.04865310000008],[27.970651300000043,36.048770200000035],[27.97071029999995,36.04873550000002],[27.970613800000137,36.04865310000008]]],[[[28.08648869999996,36.059461],[28.08674600000012,36.0607132],[28.08861040000005,36.058928300000105],[28.08648869999996,36.059461]]],[[[28.090068,36.06026800000012],[28.088799,36.060022],[28.088806,36.060536],[28.090068,36.06026800000012]]],[[[28.087806699999987,36.0603441],[28.08800880000001,36.0601997],[28.087813900000015,36.06011],[28.087806699999987,36.0603441]]],[[[28.09376110000005,36.0741973],[28.0953877,36.07294250000007],[28.093618300000117,36.073757000000114],[28.09376110000005,36.0741973]]],[[[28.089331600000037,36.08751350000006],[28.088996000000122,36.08728919999999],[28.08899140000011,36.087878500000045],[28.089331600000037,36.08751350000006]]],[[[28.095502200000055,36.09759220000012],[28.094730100000106,36.096965599999976],[28.095143800000073,36.09772670000007],[28.095502200000055,36.09759220000012]]],[[[28.096201399999984,36.09902439999996],[28.095455100000038,36.09830180000006],[28.095098,36.09869020000002],[28.096201399999984,36.09902439999996]]],[[[28.09492390000014,36.16513050000003],[28.09476630000006,36.165334800000096],[28.094982900000048,36.1652908],[28.09492390000014,36.16513050000003]]],[[[28.07635160000001,36.05770560000002],[28.075912400000107,36.05752390000009],[28.076072400000044,36.0576863],[28.07635160000001,36.05770560000002]]],[[[28.047983400000135,36.0740477],[28.047792300000083,36.074111],[28.047854200000074,36.074127700000076],[28.047983400000135,36.0740477]]],[[[28.04666640000005,36.07525550000014],[28.0468012,36.07535550000006],[28.046790199999975,36.07523659999998],[28.04666640000005,36.07525550000014]]],[[[24.1473646,36.55665140000002],[24.14637730000004,36.557527],[24.14796769999998,36.55756520000011],[24.1473646,36.55665140000002]]],[[[24.1491484,36.55142930000011],[24.14438690000003,36.551058499999954],[24.147155,36.55369310000003],[24.1491484,36.55142930000011]]],[[[24.14380760000006,36.549503600000094],[24.142563799999948,36.54870319999998],[24.142535300000077,36.549473],[24.14380760000006,36.549503600000094]]],[[[25.210512100000017,36.250457],[25.196179500000028,36.24613119999998],[25.20365970000006,36.258832],[25.210512100000017,36.250457]]],[[[25.215912200000105,36.23615080000002],[25.21138529999996,36.233000400000094],[25.209249199999988,36.236308300000076],[25.215912200000105,36.23615080000002]]],[[[25.228513000000135,36.22121740000006],[25.22876960000002,36.22137470000007],[25.22880120000002,36.221301800000106],[25.228513000000135,36.22121740000006]]],[[[25.228407500000117,36.22105430000005],[25.2285933,36.22112740000006],[25.228592200000094,36.22109410000013],[25.228407500000117,36.22105430000005]]],[[[25.2285245,36.22098580000005],[25.22881120000011,36.22106260000004],[25.22880319999996,36.22086180000008],[25.2285245,36.22098580000005]]],[[[25.268422800000053,36.10952850000001],[25.27008710000007,36.108805099999984],[25.267274300000054,36.1091118],[25.268422800000053,36.10952850000001]]],[[[27.2392345,35.85560060000006],[27.239353800000117,35.85559180000001],[27.239299600000038,35.8555227],[27.2392345,35.85560060000006]]],[[[27.240272700000105,35.854592],[27.24035950000001,35.854556900000034],[27.240265,35.854577],[27.240272700000105,35.854592]]],[[[27.238666700000067,35.843106400000124],[27.2389427,35.84303769999991],[27.238809600000025,35.84293760000003],[27.238666700000067,35.843106400000124]]],[[[27.238142,35.8411428],[27.2383063,35.84112020000009],[27.238219500000014,35.84099960000003],[27.238142,35.8411428]]],[[[27.23839929999997,35.840745800000036],[27.2384783,35.84075960000007],[27.238421,35.84072570000012],[27.23839929999997,35.840745800000036]]],[[[27.239381,35.837863900000116],[27.23961580000008,35.837950199999966],[27.2396376,35.83784820000005],[27.239381,35.837863900000116]]],[[[27.11659750000007,35.4769743],[27.103293300000075,35.53583979999996],[27.113489100000095,35.5460968000001],[27.061269200000027,35.59672050000006],[27.12045710000001,35.6424637],[27.125878800000066,35.68717049999998],[27.162807500000042,35.72464350000001],[27.162966200000028,35.802503400000035],[27.18883050000011,35.80195150000003],[27.2226345,35.820909],[27.210986,35.830437599999925],[27.23117840000009,35.829629400000044],[27.23219690000002,35.800333799999976],[27.209565900000143,35.77031080000006],[27.217800400000044,35.72609820000014],[27.16267310000012,35.6565854000001],[27.163204500000063,35.6226393],[27.1507861,35.616475399999956],[27.219046300000116,35.54750230000002],[27.201752900000088,35.51380790000013],[27.242624200000137,35.4940064000001],[27.231412600000112,35.4739843000001],[27.201786,35.481380100000024],[27.19321590000004,35.462487700000054],[27.173924500000055,35.46251229999996],[27.156815100000017,35.4420695],[27.151181700000052,35.4251825],[27.170515100000046,35.421919400000036],[27.13484080000012,35.396523400000035],[27.141157099999987,35.41913050000005],[27.07965460000014,35.4477113],[27.0887644,35.45001780000001],[27.099616200000128,35.46541220000012],[27.109600700000044,35.4672412000001],[27.10446980000006,35.4768626],[27.11659750000007,35.4769743]]],[[[27.235894,35.82371010000003],[27.234951199999955,35.824996800000065],[27.235897700000123,35.82499490000009],[27.235894,35.82371010000003]]],[[[27.211881300000016,35.513331199999925],[27.212503800000036,35.51376540000001],[27.212509399999988,35.51330640000003],[27.211881300000016,35.513331199999925]]],[[[27.208156800000097,35.51210329999998],[27.208262799999943,35.512576900000056],[27.208500800000138,35.512280400000066],[27.208156800000097,35.51210329999998]]],[[[27.20770060000001,35.512094900000136],[27.20780769999999,35.51206280000014],[27.207762600000137,35.51193080000007],[27.20770060000001,35.512094900000136]]],[[[27.207327,35.512081100000046],[27.207389,35.511989300000096],[27.20731010000003,35.51205010000001],[27.207327,35.512081100000046]]],[[[27.20775160000011,35.5118529],[27.207791,35.51179600000012],[27.207726800000046,35.51180340000002],[27.20775160000011,35.5118529]]],[[[27.2079078000001,35.51179200000013],[27.207961400000045,35.5117047],[27.2078585000001,35.51176670000001],[27.2079078000001,35.51179200000013]]],[[[27.17902400000014,35.4544251],[27.180046000000118,35.455929400000116],[27.181898900000135,35.45466180000005],[27.17902400000014,35.4544251]]],[[[27.162688300000127,35.4426168],[27.162270200000023,35.44350430000003],[27.1627919,35.443372000000124],[27.162688300000127,35.4426168]]],[[[26.862513600000057,35.37856579999993],[26.903884600000083,35.4220089],[27.015069900000015,35.43279039999999],[26.98890289999997,35.39762610000014],[26.97760470000003,35.396853599999986],[26.97132950000008,35.39158370000007],[26.96790450000003,35.39504020000004],[26.9590116,35.39387820000002],[26.931498100000056,35.36327230000006],[26.906271,35.36253069999998],[26.88695220000011,35.347045700000024],[26.884030200000097,35.343178200000125],[26.884299100000135,35.3396321],[26.8439659,35.36025810000007],[26.846886,35.35937650000011],[26.85241890000009,35.36789570000013],[26.84924660000013,35.37190570000007],[26.862513600000057,35.37856579999993]]],[[[26.961677200000054,35.3931821],[26.962323,35.393357600000115],[26.962407400000075,35.39329829999997],[26.961677200000054,35.3931821]]],[[[26.955722299999934,35.38481660000002],[26.95608670000007,35.38528430000002],[26.956377200000134,35.3851553],[26.955722299999934,35.38481660000002]]],[[[26.903309800000102,35.35885530000013],[26.90356840000004,35.3588524000001],[26.90318860000002,35.3588277],[26.903309800000102,35.35885530000013]]],[[[26.898465200000032,35.352396300000066],[26.8990427,35.353118100000074],[26.899332600000037,35.352801399999976],[26.898465200000032,35.352396300000066]]],[[[26.8949743,35.35074320000007],[26.895187200000066,35.35100270000004],[26.895124399999986,35.350688300000115],[26.8949743,35.35074320000007]]],[[[26.890858400000013,35.34927990000011],[26.891165100000137,35.34934679999998],[26.891115200000115,35.34907340000012],[26.890858400000013,35.34927990000011]]],[[[26.884861699999988,35.34283190000008],[26.885043600000074,35.34270970000006],[26.884915200000137,35.34261370000013],[26.884861699999988,35.34283190000008]]],[[[26.860090100000093,35.344107],[26.86048850000003,35.34548090000004],[26.8610382,35.344388800000104],[26.860090100000093,35.344107]]],[[[26.859980200000052,35.34564369999998],[26.860165,35.345532],[26.8600007,35.34549580000004],[26.859980200000052,35.34564369999998]]],[[[26.860102,35.346048699999926],[26.85932990000009,35.34669620000005],[26.859552399999984,35.34696139999994],[26.860102,35.346048699999926]]],[[[26.8422764,35.355119500000114],[26.842598400000043,35.356438800000035],[26.84506269999997,35.35488470000007],[26.8422764,35.355119500000114]]],[[[26.849621300000024,35.35659630000009],[26.84973480000002,35.35641120000008],[26.849568400000123,35.356588],[26.849621300000024,35.35659630000009]]],[[[26.841942100000097,35.35725060000004],[26.841733,35.35688849999997],[26.841499600000077,35.357033100000024],[26.841942100000097,35.35725060000004]]],[[[26.841001800000072,35.35768170000006],[26.84108720000006,35.35766849999999],[26.84103640000012,35.357651600000054],[26.841001800000072,35.35768170000006]]],[[[26.8408589,35.35829469999993],[26.841124,35.35836990000013],[26.840994900000055,35.35784150000012],[26.8408589,35.35829469999993]]],[[[26.8408981,35.359522899999945],[26.837640799999974,35.35978920000014],[26.840122899999983,35.359860500000025],[26.8408981,35.359522899999945]]],[[[26.82770840000012,35.360023199999944],[26.823916300000064,35.3624875000001],[26.8316873,35.36272],[26.82770840000012,35.360023199999944]]],[[[26.83209220000009,35.362938],[26.833086799999933,35.36414180000003],[26.833870699999977,35.363224000000116],[26.83209220000009,35.362938]]],[[[26.8441155,35.360820800000056],[26.8441137,35.36057069999998],[26.84405310000011,35.360762600000044],[26.8441155,35.360820800000056]]],[[[26.847078000000124,35.364291700000024],[26.847302400000046,35.3642979],[26.847120800000084,35.36422390000007],[26.847078000000124,35.364291700000024]]],[[[26.84800780000012,35.367496399999936],[26.84808620000007,35.36718519999994],[26.84794,35.367397499999925],[26.84800780000012,35.367496399999936]]],[[[26.852005599999984,35.37408349999998],[26.852233800000022,35.37469119999997],[26.852444200000036,35.3743132],[26.852005599999984,35.37408349999998]]],[[[26.861870300000135,35.380540600000074],[26.862189400000034,35.38035019999995],[26.86177400000014,35.38046789999993],[26.861870300000135,35.380540600000074]]],[[[26.86285800000013,35.381203800000094],[26.8632362,35.381286],[26.863319400000137,35.3809098000001],[26.86285800000013,35.381203800000094]]],[[[26.855083,35.42821690000011],[26.855419,35.42820230000012],[26.85511130000009,35.4279601],[26.855083,35.42821690000011]]],[[[26.8353806,35.430988],[26.833333900000127,35.4314308000001],[26.839487099999985,35.43144460000002],[26.8353806,35.430988]]],[[[26.82608280000005,35.430292],[26.82280530000014,35.43039],[26.82188200000013,35.4314683],[26.82608280000005,35.430292]]],[[[26.84097150000008,35.431486899999925],[26.842062200000044,35.43415950000008],[26.843507600000123,35.43195780000002],[26.84097150000008,35.431486899999925]]],[[[26.866888,35.430146],[26.841218800000092,35.436994500000026],[26.84127630000006,35.44024669999999],[26.87005659999994,35.44362969999992],[26.866888,35.430146]]],[[[26.8642479,35.44385620000003],[26.864401400000133,35.44401840000012],[26.864318500000024,35.44374800000014],[26.8642479,35.44385620000003]]],[[[26.864949099999933,35.44395080000004],[26.8651898,35.44392380000011],[26.865177300000028,35.443839300000036],[26.864949099999933,35.44395080000004]]],[[[27.015562900000134,35.43846970000004],[27.013703500000133,35.43938750000012],[27.015994300000102,35.439111800000035],[27.015562900000134,35.43846970000004]]],[[[26.968723700000112,35.437981],[26.9693137000001,35.43770980000005],[26.968864900000085,35.437685199999976],[26.968723700000112,35.437981]]],[[[27.01096660000013,35.43678280000006],[27.0110444,35.43753690000011],[27.01156270000007,35.43746],[27.01096660000013,35.43678280000006]]],[[[27.105101500000103,35.42292509999993],[27.105561399999942,35.4222775],[27.104756099999975,35.42233490000012],[27.105101500000103,35.42292509999993]]],[[[26.98325390000008,35.39711160000002],[26.982939900000076,35.3968546000001],[26.982939900000076,35.39711140000003],[26.98325390000008,35.39711160000002]]],[[[26.8672112000001,35.444958100000065],[26.8675086,35.444814600000086],[26.86737640000007,35.44475580000005],[26.8672112000001,35.444958100000065]]],[[[26.88574950000003,35.44687470000002],[26.8852,35.445283500000016],[26.88383320000014,35.44652480000002],[26.88574950000003,35.44687470000002]]],[[[26.890280299999972,35.4472171000001],[26.89027560000011,35.44696730000004],[26.89016,35.4471921],[26.890280299999972,35.4472171000001]]],[[[26.89111290000011,35.4471191],[26.8912709,35.447561100000144],[26.891223800000034,35.447171],[26.89111290000011,35.4471191]]],[[[26.890811,35.44711720000004],[26.890990300000055,35.44714790000006],[26.8908558,35.447040300000026],[26.890811,35.44711720000004]]],[[[26.900277900000106,35.45345],[26.8977759,35.45651260000005],[26.90315190000001,35.456636300000014],[26.900277900000106,35.45345]]],[[[27.087512900000036,35.454387300000064],[27.0843708000001,35.45310459999996],[27.084371100000112,35.45336160000011],[27.087512900000036,35.454387300000064]]],[[[26.911717200000112,35.45807510000003],[26.91082390000014,35.45939249999998],[26.91310590000012,35.458711],[26.911717200000112,35.45807510000003]]],[[[26.909831700000097,35.458825300000115],[26.91003009999997,35.45882819999997],[26.90999880000004,35.45871760000006],[26.909831700000097,35.458825300000115]]],[[[26.91107110000013,35.459815000000106],[26.91138790000008,35.4598178],[26.91099800000012,35.45967320000011],[26.91107110000013,35.459815000000106]]],[[[26.91055579999994,35.45996809999997],[26.91072290000011,35.4599568000001],[26.9106185,35.45990010000003],[26.91055579999994,35.45996809999997]]],[[[26.910695100000112,35.46048420000005],[26.91093530000012,35.460631699999965],[26.9108483,35.46047850000008],[26.910695100000112,35.46048420000005]]],[[[27.10868830000004,35.55002370000011],[27.108482800000104,35.549552300000016],[27.108131500000013,35.55002800000011],[27.10868830000004,35.55002370000011]]],[[[27.060275600000068,35.59685840000009],[27.0564105,35.594726300000104],[27.0545019,35.598387499999944],[27.060275600000068,35.59685840000009]]],[[[27.10954579999992,35.641074499999945],[27.108643500000085,35.6405395000001],[27.10920459999994,35.641370100000074],[27.10954579999992,35.641074499999945]]],[[[27.16763860000009,35.804508800000065],[27.168349,35.8044418],[27.168371,35.803778600000044],[27.16763860000009,35.804508800000065]]],[[[27.191991499999972,35.80477310000009],[27.191046499999914,35.80528870000012],[27.191677400000117,35.80528750000002],[27.191991499999972,35.80477310000009]]],[[[27.204350100000056,35.82108849999997],[27.204947500000117,35.8217474],[27.204812500000116,35.82084850000001],[27.204350100000056,35.82108849999997]]],[[[27.207526299999927,35.8224242],[27.20574720000002,35.822875400000044],[27.207753,35.82287229999997],[27.207526299999927,35.8224242]]],[[[27.20693950000009,35.8349447],[27.20705090000007,35.83547269999997],[27.207159400000137,35.83555050000001],[27.20693950000009,35.8349447]]],[[[27.2231825,35.83746259999998],[27.223184400000036,35.837577200000055],[27.223248300000137,35.8375693000001],[27.2231825,35.83746259999998]]],[[[27.187706299999945,35.85543510000002],[27.1879968,35.85522940000004],[27.18781670000004,35.85516660000002],[27.187706299999945,35.85543510000002]]],[[[26.97538159999998,36.500096],[26.967104800000087,36.50638929999998],[26.982699300000057,36.507934000000155],[26.97538159999998,36.500096]]],[[[27.290674000000124,36.477905],[27.289748,36.485487],[27.300075000000145,36.48212200000015],[27.290674000000124,36.477905]]],[[[27.341017800000017,36.47935910000016],[27.341317699999983,36.47958509999999],[27.341271400000117,36.47923210000015],[27.341017800000017,36.47935910000016]]],[[[27.291533,36.45878],[27.2917215,36.45949550000015],[27.292239399999985,36.45922270000011],[27.291533,36.45878]]],[[[27.292394,36.427671],[27.29335,36.428182],[27.293349,36.42792500000013],[27.292394,36.427671]]],[[[27.31924860000008,36.40855360000013],[27.3193331,36.40667810000003],[27.31863670000008,36.40593840000015],[27.31924860000008,36.40855360000013]]],[[[27.3788042,36.388460300000155],[27.379026700000075,36.3881766],[27.378606,36.38818360000017],[27.3788042,36.388460300000155]]],[[[27.379608800000124,36.3821993],[27.379799400000064,36.38194959999995],[27.379681,36.381820700000134],[27.379608800000124,36.3821993]]],[[[27.378521500000055,36.38142110000009],[27.379626700000152,36.381517500000065],[27.378620200000036,36.38051760000013],[27.378521500000055,36.38142110000009]]],[[[27.378944800000056,36.382198],[27.378861300000054,36.3821153],[27.378855699999963,36.3821417],[27.378944800000056,36.382198]]],[[[27.3786351,36.380480200000065],[27.378687200000062,36.38045070000013],[27.378630800000014,36.380440500000084],[27.3786351,36.380480200000065]]],[[[27.379587,36.378094],[27.380221000000102,36.37783500000012],[27.379585,36.37758],[27.379587,36.378094]]],[[[26.730689,36.32562690000011],[26.729263800000098,36.3258307],[26.73060110000009,36.326470700000066],[26.730689,36.32562690000011]]],[[[26.725659800000134,36.323893299999924],[26.7267098,36.323617],[26.72621379999993,36.32334160000005],[26.725659800000134,36.323893299999924]]],[[[26.7438317,36.30167630000012],[26.736906400000045,36.29798520000007],[26.73863380000013,36.30364180000002],[26.7438317,36.30167630000012]]],[[[26.76086150000007,36.30137570000012],[26.75546690000008,36.300851],[26.754826400000038,36.302648199999986],[26.76086150000007,36.30137570000012]]],[[[26.749161100000062,36.2874770000002],[26.739973400000157,36.282575500000206],[26.7409035,36.28925790000014],[26.749161100000062,36.2874770000002]]],[[[26.74058620000004,36.28925719999999],[26.74027040000002,36.28874270000004],[26.740268700000094,36.28925660000015],[26.74058620000004,36.28925719999999]]],[[[26.834994400000063,35.910359600000085],[26.836128900000112,35.90909880000004],[26.834576700000117,35.909176600000066],[26.834994400000063,35.910359600000085]]],[[[26.83676080000003,35.9103741],[26.836843,35.91032490000009],[26.8367626,35.91034510000006],[26.83676080000003,35.9103741]]],[[[27.22778560000009,35.906163],[27.227860700000075,35.90608650000008],[27.22779050000007,35.90608060000003],[27.22778560000009,35.906163]]],[[[27.226744500000045,35.90358730000014],[27.2268959,35.90359710000015],[27.226908,35.903552900000136],[27.226744500000045,35.90358730000014]]],[[[26.817489200000118,35.89583449999998],[26.817520499999986,35.89576210000009],[26.817344100000064,35.89568970000009],[26.817489200000118,35.89583449999998]]],[[[26.815876700000114,35.8934987000001],[26.816763400000067,35.895109],[26.817299400000024,35.89567530000017],[26.815876700000114,35.8934987000001]]],[[[26.8261577000001,35.892028800000055],[26.81621670000002,35.88221200000018],[26.815781,35.89266580000018],[26.8261577000001,35.892028800000055]]],[[[26.82769640000002,35.87546990000003],[26.822375000000115,35.87555570000002],[26.824808399999945,35.877988700000095],[26.82769640000002,35.87546990000003]]],[[[27.2404773,35.89673410000018],[27.240671300000034,35.89717690000003],[27.240939099999988,35.89699950000012],[27.2404773,35.89673410000018]]],[[[27.24002990000011,35.89623570000011],[27.240612100000195,35.89596740000015],[27.240410700000034,35.89524990000009],[27.24002990000011,35.89623570000011]]],[[[27.237586500000063,35.89538670000002],[27.23762740000005,35.89536870000012],[27.237579,35.8953747000001],[27.237586500000063,35.89538670000002]]],[[[27.237381900000017,35.895513300000026],[27.237414200000075,35.895456000000145],[27.237390600000015,35.895435899999974],[27.237381900000017,35.895513300000026]]],[[[27.23831,35.894764900000176],[27.238352500000065,35.894782800000115],[27.23835800000012,35.89473480000012],[27.23831,35.894764900000176]]],[[[27.236399300000077,35.89358959999996],[27.236496100000085,35.893544000000155],[27.23644190000003,35.8935095],[27.236399300000077,35.89358959999996]]],[[[27.23525179999998,35.8911647000001],[27.235272899999927,35.891216800000024],[27.235273099999972,35.89115370000004],[27.23525179999998,35.8911647000001]]],[[[27.235346700000044,35.8910753],[27.2354319,35.891089400000176],[27.2353893,35.89100780000007],[27.235346700000044,35.8910753]]],[[[27.235350600000032,35.890940300000054],[27.235414500000115,35.89091520000005],[27.23537379999997,35.89086180000009],[27.235350600000032,35.890940300000054]]],[[[27.23601430000001,35.89035060000014],[27.236161600000127,35.89023920000011],[27.2360182,35.89013249999998],[27.23601430000001,35.89035060000014]]],[[[27.235001,35.887887600000035],[27.2350843,35.88787970000017],[27.235032,35.88781070000009],[27.235001,35.887887600000035]]],[[[27.234391400000042,35.88731619999996],[27.234645700000083,35.88723970000008],[27.2344834,35.88707690000006],[27.234391400000042,35.88731619999996]]],[[[27.234628699999938,35.8869395000001],[27.234858700000146,35.8869592],[27.23487080000011,35.88683750000003],[27.234628699999938,35.8869395000001]]],[[[27.234251400000012,35.8871578],[27.234287000000133,35.88709759999996],[27.23422510000017,35.8871465],[27.234251400000012,35.8871578]]],[[[27.23374869999997,35.882044500000056],[27.233857200000053,35.88195029999989],[27.233735200000062,35.88195350000005],[27.23374869999997,35.882044500000056]]],[[[27.231304900000104,35.874509600000025],[27.231430799999988,35.87442169999997],[27.231283600000115,35.874486],[27.231304900000104,35.874509600000025]]],[[[27.405032400000092,36.38037380000017],[27.405982600000065,36.38005950000014],[27.404897,36.37963060000009],[27.405032400000092,36.38037380000017]]],[[[27.405897,36.37963960000021],[27.40594529999992,36.379613300000145],[27.40590320000003,36.379612200000054],[27.405897,36.37963960000021]]],[[[27.413606,36.382092],[27.413286,36.381579],[27.413289,36.38209300000016],[27.413606,36.382092]]],[[[27.389384300000135,36.4491209000001],[27.389438400000085,36.4490338000001],[27.389262500000058,36.44880520000005],[27.389384300000135,36.4491209000001]]],[[[27.389950300000088,36.4476855],[27.38864870000005,36.44727950000006],[27.389166,36.44866340000002],[27.389950300000088,36.4476855]]],[[[27.388570500000114,36.4472727],[27.388588100000028,36.44724780000018],[27.388562700000033,36.4472515000001],[27.388570500000114,36.4472727]]],[[[27.388610500000084,36.447515300000155],[27.388622600000048,36.44746980000003],[27.388572400000125,36.447475400000144],[27.388610500000084,36.447515300000155]]],[[[27.401025,36.438146],[27.39512200000011,36.43405500000012],[27.400568,36.442002000000116],[27.401025,36.438146]]],[[[26.3911278,36.5613861],[26.390876700000035,36.561388000000136],[26.390864500000077,36.561482000000126],[26.3911278,36.5613861]]],[[[26.391395899999964,36.561527],[26.391179,36.561462400000096],[26.391366600000026,36.56157210000009],[26.391395899999964,36.561527]]],[[[26.454988300000082,36.5560205000001],[26.454353200000128,36.555760800000144],[26.45435140000012,36.55601770000004],[26.454988300000082,36.5560205000001]]],[[[26.441365,36.5461944],[26.448628199999973,36.55470670000011],[26.45626740000006,36.555255600000066],[26.45120510000004,36.55060770000006],[26.441365,36.5461944]]],[[[26.450910199999953,36.54726640000001],[26.447090899999978,36.54699180000006],[26.45026230000002,36.54880479999997],[26.450910199999953,36.54726640000001]]],[[[26.40690030000013,36.5455305000001],[26.408468800000037,36.546943600000134],[26.4098447,36.54628430000014],[26.40690030000013,36.5455305000001]]],[[[26.402032800000086,36.54540679999997],[26.404886,36.551125800000136],[26.408071600000028,36.54705920000009],[26.402032800000086,36.54540679999997]]],[[[26.4440793,36.54293920000009],[26.44463850000011,36.543903000000114],[26.445159500000045,36.54330960000004],[26.4440793,36.54293920000009]]],[[[26.47806920000005,36.53351420000007],[26.467904400000123,36.530129199999976],[26.46080610000007,36.543714500000135],[26.47806920000005,36.53351420000007]]],[[[26.452125199999955,36.53579509999997],[26.4527268,36.53708280000012],[26.453418400000032,36.53701890000002],[26.452125199999955,36.53579509999997]]],[[[26.4513184,36.54077690000008],[26.450743,36.542066],[26.45210450000002,36.54183380000012],[26.4513184,36.54077690000008]]],[[[26.145271,36.52825340000004],[26.131131500000038,36.5543573],[26.14792340000008,36.5621862000001],[26.145271,36.52825340000004]]],[[[26.233498800000064,36.5558302],[26.2223714000001,36.55395959999993],[26.22308320000002,36.56244270000002],[26.233498800000064,36.5558302]]],[[[26.22937930000012,36.53146310000005],[26.2295400000001,36.529771400000016],[26.22918080000005,36.52975650000002],[26.22937930000012,36.53146310000005]]],[[[26.2283829000001,36.52811180000003],[26.22884660000011,36.527962200000104],[26.228284200000132,36.527783200000044],[26.2283829000001,36.52811180000003]]],[[[26.228283,36.52764919999993],[26.22835349999997,36.52748380000014],[26.228161800000123,36.52750420000001],[26.228283,36.52764919999993]]],[[[26.622826700000076,36.423322100000064],[26.615528499999982,36.42047250000002],[26.61520429999996,36.4217562],[26.622826700000076,36.423322100000064]]],[[[26.60090350000013,36.42068160000008],[26.595195099999955,36.41796390000013],[26.594875300000012,36.41834869999997],[26.60090350000013,36.42068160000008]]],[[[26.589214200000015,36.415496500000074],[26.589335600000084,36.41546790000001],[26.589529,36.41546920000013],[26.589369600000055,36.415382600000044],[26.589214200000015,36.415496500000074]]],[[[26.682680900000094,36.32431839999998],[26.66072420000006,36.3353065],[26.65427989999995,36.3563569],[26.68190170000014,36.359773800000085],[26.697692100000097,36.3426],[26.682680900000094,36.32431839999998]]],[[[26.69069960000013,36.28182909999998],[26.691457400000104,36.28237619999993],[26.6912703000001,36.281774700000085],[26.69069960000013,36.28182909999998]]],[[[26.691360200000076,36.281680200000096],[26.691390400000046,36.2816664],[26.691377900000077,36.281652300000076],[26.691360200000076,36.281680200000096]]],[[[26.691190800000072,36.28150610000006],[26.69123420000011,36.28147030000014],[26.691167100000087,36.28146149999992],[26.691190800000072,36.28150610000006]]],[[[26.40542149999999,36.064495500000135],[26.39305480000013,36.0728623],[26.3964545,36.07711610000007],[26.3905633,36.08233730000006],[26.393228700000122,36.08333060000001],[26.3981996,36.07905690000007],[26.40564830000011,36.077548600000114],[26.40542149999999,36.064495500000135]]],[[[26.4014671,36.079434100000014],[26.40164089999996,36.079410199999984],[26.401570700000036,36.079296599999964],[26.4014671,36.079434100000014]]],[[[26.401535699999954,36.07892919999995],[26.401573500000097,36.0789703],[26.401579500000025,36.078943600000116],[26.401535699999954,36.07892919999995]]],[[[26.400193200000103,36.07886110000004],[26.40025980000013,36.0788268],[26.400195100000076,36.07883279999999],[26.400193200000103,36.07886110000004]]],[[[26.39745270000003,36.06942320000002],[26.397697700000037,36.069380300000034],[26.39756829999999,36.0691561000001],[26.39745270000003,36.06942320000002]]],[[[26.394570900000133,36.07863190000006],[26.394647800000087,36.07862239999997],[26.394597600000054,36.07853510000007],[26.394570900000133,36.07863190000006]]],[[[26.4039017,36.056781300000125],[26.404985200000112,36.05833730000006],[26.406096400000024,36.05738220000006],[26.4039017,36.056781300000125]]],[[[26.408246800000143,36.04618449999998],[26.409285800000134,36.0512278],[26.411253300000055,36.0445739000001],[26.408246800000143,36.04618449999998]]],[[[26.4358,36.001808],[26.436423400000024,36.00028159999994],[26.43505720000013,35.999664600000074],[26.4358,36.001808]]],[[[26.435741600000085,35.993894300000136],[26.436727599999983,35.994069600000046],[26.436012500000118,35.993648800000074],[26.435741600000085,35.993894300000136]]],[[[26.509346300000118,35.92527310000014],[26.511045800000034,35.92533359999999],[26.510485500000073,35.9236247],[26.509346300000118,35.92527310000014]]],[[[26.2385041,35.86475780000012],[26.223995900000034,35.85404840000007],[26.221997500000043,35.854694],[26.22815040000006,35.865170200000136],[26.2385041,35.86475780000012]]],[[[26.46660950000006,35.821374400000025],[26.46295160000011,35.828562600000055],[26.471221100000093,35.82529440000002],[26.46660950000006,35.821374400000025]]],[[[26.45371240000003,35.820799400000055],[26.45449,35.82658570000007],[26.45790840000012,35.825084],[26.45371240000003,35.820799400000055]]],[[[25.41780818652518,36.475469586525264],[25.487879686525275,36.40388678652522],[25.486579286525284,36.360791986525214],[25.463259586525282,36.34400708652521],[25.440724086525165,36.33235128652535],[25.353815686525195,36.35796418652518],[25.414361386525286,36.36258908652525],[25.434548786525284,36.39269098652528],[25.41505578652516,36.458365586525304],[25.370962586525366,36.458107986525306],[25.370514186525213,36.47389188652534],[25.41780818652518,36.475469586525264]]],[[[25.854128886525245,36.34987998652531],[25.76928668652522,36.341839686525304],[25.72760098652526,36.36709778652528],[25.767664586525257,36.40502818652516],[25.854128886525245,36.34987998652531]]],[[[25.349888186525334,36.382515786525346],[25.345107486525364,36.383220186525364],[25.350792186525155,36.384840286525275],[25.349888186525334,36.382515786525346]]],[[[25.38063248652537,36.4014338865253],[25.381446286525204,36.392837986525365],[25.37210778652525,36.398748786525175],[25.38063248652537,36.4014338865253]]],[[[25.41017568652535,36.40979508652521],[25.386573086525175,36.398431486525226],[25.39051298652521,36.41544038652535],[25.41017568652535,36.40979508652521]]],[[[25.356072286525205,36.44925238652536],[25.352906586525307,36.40782598652521],[25.324590986525322,36.419233186525275],[25.33688018652515,36.45764838652531],[25.356072286525205,36.44925238652536]]],[[[25.372569586525287,36.45720938652522],[25.37261248652527,36.45693328652527],[25.372354986525295,36.457140386525225],[25.372569586525287,36.45720938652522]]],[[[25.802496586525308,36.309807486525244],[25.7980372865253,36.31079028652522],[25.8008505865252,36.31364478652529],[25.802496586525308,36.309807486525244]]],[[[25.796747886525225,36.31206208652526],[25.795500186525203,36.31063588652523],[25.793577786525304,36.31177308652536],[25.796747886525225,36.31206208652526]]],[[[25.837909686525336,36.27649968652537],[25.82162008652523,36.2730000865252],[25.822986586525303,36.27712448652517],[25.837909686525336,36.27649968652537]]],[[[25.887545586525277,36.266951586525295],[25.87858588652523,36.27226338652531],[25.89695038652519,36.27500348652518],[25.887545586525277,36.266951586525295]]],[[[25.329592786525268,36.128615186525224],[25.331524086525178,36.12813608652522],[25.329623186525282,36.128185286525195],[25.329592786525268,36.128615186525224]]],[[[25.57550548652523,35.60060938652521],[25.57719408652531,35.599292486525314],[25.574266586525255,35.60063908652518],[25.57550548652523,35.60060938652521]]],[[[25.4873029,36.8566932],[25.4822898,36.8553704],[25.4819499,36.8563937],[25.4873029,36.8566932]]],[[[25.5426991,36.8895225],[25.5420695,36.8890011],[25.5420597,36.8895148],[25.5426991,36.8895225]]],[[[25.5255551,36.8330514],[25.5229792,36.834047],[25.5267494,36.8374335],[25.5255551,36.8330514]]],[[[25.5178125,36.8368085],[25.5175746,36.8491364],[25.5216745,36.8520134],[25.5276142,36.8423252],[25.5178125,36.8368085]]],[[[25.5478321,36.8549049],[25.5446216,36.8556363],[25.5474883,36.8561852],[25.5478321,36.8549049]]],[[[25.4395174,36.8207779],[25.4153129,36.8324035],[25.4322144,36.8341691],[25.4357292,36.8498856],[25.4749371,36.8714604],[25.4797413,36.830676],[25.4395174,36.8207779]]],[[[25.5382931,36.852219],[25.5107295,36.8724282],[25.5025084,36.8677008],[25.509461,36.8883396],[25.5247095,36.8936677],[25.5331292,36.8660757],[25.5454914,36.8687484],[25.5382931,36.852219]]],[[[25.5148795,36.8637418],[25.5147186,36.863056],[25.514055,36.8634521],[25.5148795,36.8637418]]],[[[25.6236457,36.8699363],[25.6227005,36.8691547],[25.6232983,36.8714736],[25.6236457,36.8699363]]],[[[25.6221581,36.8637535],[25.6209349,36.8606565],[25.6212084,36.8632288],[25.6221581,36.8637535]]],[[[25.634679,36.8787981],[25.6330849,36.8785229],[25.6336877,36.8805849],[25.634679,36.8787981]]],[[[25.6279787,36.8779502],[25.625585,36.8776656],[25.626042,36.8789553],[25.6279787,36.8779502]]],[[[25.57233,36.8958659],[25.552342,36.9011317],[25.5965769,36.9260488],[25.5962852,36.9161072],[25.5801986,36.9117341],[25.57233,36.8958659]]],[[[25.6383599,36.8695921],[25.6338615,36.8708249],[25.6386204,36.8729347],[25.6383599,36.8695921]]],[[[25.6072118,36.9184964],[25.6032531,36.9164101],[25.6054677,36.9200757],[25.6072118,36.9184964]]],[[[25.6223163,36.8727467],[25.6219642,36.8745409],[25.6226036,36.8745484],[25.6223163,36.8727467]]],[[[25.6041241,36.8884618],[25.6035127,36.8869134],[25.6031649,36.8884507],[25.6041241,36.8884618]]],[[[25.639246,36.8737125],[25.6386158,36.8731916],[25.6386066,36.8737051],[25.639246,36.8737125]]],[[[25.4696547,37.1595805],[25.4938013,37.1886366],[25.538748,37.2026385],[25.588486,37.145593],[25.5909494,37.0888403],[25.6064953,37.0858063],[25.5847445,37.0749954],[25.5500482,36.9581285],[25.4998071,36.9519393],[25.4492071,36.9162617],[25.4234457,36.9322976],[25.4233849,36.9682948],[25.3854003,36.9760024],[25.3908238,36.9957753],[25.3631188,37.0248288],[25.3779943,37.039822],[25.33292,37.0762058],[25.343803,37.0931331],[25.3611994,37.0867096],[25.3722355,37.090916],[25.3718464,37.110686],[25.4696547,37.1595805]]],[[[25.3167096,37.0507162],[25.3169361,37.0507036],[25.3167218,37.0505159],[25.3167096,37.0507162]]],[[[25.6385867,36.9849482],[25.6352728,36.9879134],[25.6407245,36.9874681],[25.6385867,36.9849482]]],[[[25.5966684,36.9307397],[25.6005623,36.9523415],[25.6055319,36.9502675],[25.6115375,36.9536244],[25.6275855,36.9465816],[25.5966684,36.9307397]]],[[[25.4060949,36.8283022],[25.4102183,36.8295623],[25.4108865,36.8290825],[25.4060949,36.8283022]]],[[[25.3258228,36.6679667],[25.3247817,36.6687093],[25.3259171,36.6681824],[25.3258228,36.6679667]]],[[[25.3711475,36.6565791],[25.3704907,36.6566015],[25.3701449,36.6569658],[25.3711475,36.6565791]]],[[[25.3859194,36.6477435],[25.3879676,36.6485806],[25.3865509,36.646739],[25.3859194,36.6477435]]],[[[25.3258228,36.6676892],[25.3257249,36.6678742],[25.325952,36.6679442],[25.3258228,36.6676892]]],[[[25.3251965,36.6694086],[25.3249554,36.6692349],[25.324903,36.6694927],[25.3251965,36.6694086]]],[[[25.3864663,36.649497],[25.3863235,36.6505983],[25.3880367,36.6506512],[25.3864663,36.649497]]],[[[25.3899556,36.6754071],[25.3898036,36.6754469],[25.389906,36.6754619],[25.3899556,36.6754071]]],[[[25.391772,36.6624038],[25.3914306,36.6624038],[25.3918837,36.662573],[25.391772,36.6624038]]],[[[25.3898408,36.6751259],[25.389577,36.6751657],[25.389847,36.6752379],[25.3898408,36.6751259]]],[[[25.3161099,36.7819486],[25.3160111,36.7817962],[25.3159987,36.7819773],[25.3161099,36.7819486]]],[[[25.3929738,36.7260534],[25.3924917,36.7257286],[25.3924079,36.725947],[25.3929738,36.7260534]]],[[[25.365019,36.7482039],[25.3634419,36.75032],[25.3661739,36.7505606],[25.365019,36.7482039]]],[[[25.3614658,37.0874674],[25.3608232,37.0896524],[25.3630537,37.0901376],[25.3614658,37.0874674]]],[[[25.5526677,36.9015155],[25.5525845,36.9014617],[25.5525341,36.9014931],[25.5526677,36.9015155]]],[[[25.5947261,36.92641],[25.5946042,36.9263169],[25.59455,36.9263754],[25.5947261,36.92641]]],[[[25.606202,36.9147614],[25.6059816,36.9146833],[25.6059663,36.9147323],[25.606202,36.9147614]]],[[[25.5530632,36.902597],[25.552975,36.9025127],[25.5528849,36.9025526],[25.5530632,36.902597]]],[[[25.6062531,36.9148044],[25.6061203,36.9148434],[25.6062788,36.914865],[25.6062531,36.9148044]]],[[[25.5932552,36.9247207],[25.5931563,36.924712],[25.5932023,36.9247607],[25.5932552,36.9247207]]],[[[25.5877457,36.9105589],[25.5876211,36.9105267],[25.5876729,36.9106141],[25.5877457,36.9105589]]],[[[25.6067342,36.9150457],[25.6065905,36.9150717],[25.6067559,36.9151302],[25.6067342,36.9150457]]],[[[25.5930113,36.9249296],[25.5928941,36.9249323],[25.5928643,36.9249599],[25.5930113,36.9249296]]],[[[25.6046337,36.9514474],[25.6044677,36.9515],[25.6046306,36.9515914],[25.6046337,36.9514474]]],[[[25.6059531,36.9143504],[25.6058027,36.9142648],[25.6057946,36.9143417],[25.6059531,36.9143504]]],[[[25.6250385,36.9416989],[25.6248265,36.9416339],[25.6248141,36.9416607],[25.6250385,36.9416989]]],[[[25.5952874,36.9262577],[25.5951762,36.9264311],[25.5954771,36.9262772],[25.5952874,36.9262577]]],[[[25.5957722,36.9270806],[25.5957013,36.9269565],[25.5956169,36.9270194],[25.5957722,36.9270806]]],[[[25.6072736,36.9153893],[25.6069389,36.9154262],[25.6072818,36.9154457],[25.6072736,36.9153893]]],[[[25.5929114,36.9128567],[25.5928084,36.912912],[25.5929168,36.9130529],[25.5929114,36.9128567]]],[[[25.5529776,36.904011],[25.5528185,36.9039398],[25.5528376,36.9040746],[25.5529776,36.904011]]],[[[25.6064534,36.9141391],[25.6062541,36.9142234],[25.6064751,36.914388],[25.6064534,36.9141391]]],[[[25.5927513,36.9117203],[25.5926104,36.911807],[25.5926983,36.9119949],[25.5927513,36.9117203]]],[[[25.5931573,36.9247711],[25.5930193,36.924796],[25.5931755,36.9248294],[25.5931573,36.9247711]]],[[[25.5527462,36.9030453],[25.5526162,36.9026894],[25.552591,36.9031603],[25.5527462,36.9030453]]],[[[25.5525291,36.9033967],[25.5522935,36.9031519],[25.5524722,36.9035213],[25.5525291,36.9033967]]],[[[25.5962027,36.9268003],[25.5960129,36.9264709],[25.5960346,36.926796],[25.5962027,36.9268003]]],[[[25.5927478,36.9121172],[25.5926922,36.9121218],[25.5927305,36.9121586],[25.5927478,36.9121172]]],[[[25.5881668,36.9116204],[25.5874744,36.9105894],[25.5878506,36.9112863],[25.5881668,36.9116204]]],[[[25.7400431,36.7913313],[25.7391018,36.7902937],[25.7390933,36.7908074],[25.7400431,36.7913313]]],[[[25.7685639,36.8055028],[25.7682526,36.8049858],[25.7682445,36.8054995],[25.7685639,36.8055028]]],[[[25.9176949,36.8329011],[25.9167435,36.8323787],[25.9167363,36.8328924],[25.9176949,36.8329011]]],[[[25.9347526,36.8818671],[25.8958932,36.8821542],[25.8859117,36.8868141],[25.9133689,36.8901513],[25.9268399,36.8874479],[25.9347526,36.8818671]]],[[[25.9111954,36.8179412],[25.9092929,36.8168962],[25.9089516,36.8184345],[25.9111954,36.8179412]]],[[[25.8348309,37.1117504],[25.8341955,37.1113594],[25.8341836,37.1121299],[25.8348309,37.1117504]]],[[[25.9048422,36.8153139],[25.9045264,36.8150541],[25.9045226,36.8153109],[25.9048422,36.8153139]]],[[[25.7476214,36.8163308],[25.7455484,36.8160522],[25.7444142,36.8170677],[25.7476214,36.8163308]]],[[[25.7958173,36.8196547],[25.79039,36.8193427],[25.7903821,36.8198564],[25.7958173,36.8196547]]],[[[25.8082891,37.127029],[25.8070099,37.1267593],[25.8070018,37.127273],[25.8082891,37.127029]]],[[[25.751806,36.8045574],[25.7404084,36.8080338],[25.7457255,36.8150263],[25.751806,36.8045574]]],[[[25.7900666,36.8195963],[25.7894316,36.8193328],[25.7894276,36.8195897],[25.7900666,36.8195963]]],[[[25.8291051,37.1238144],[25.8285535,37.1236345],[25.828569,37.1239796],[25.8291051,37.1238144]]],[[[25.9648555,36.8669758],[25.9642127,36.8672271],[25.9648521,36.8672326],[25.9648555,36.8669758]]],[[[25.8956086,36.8797115],[25.8895371,36.879398],[25.8946345,36.88073],[25.8956086,36.8797115]]],[[[25.8375347,37.123723],[25.8298128,37.1251883],[25.8368226,37.1283401],[25.8375347,37.123723]]],[[[25.9305668,37.2378877],[25.9260656,37.2381039],[25.9257333,37.2388716],[25.9305668,37.2378877]]],[[[25.6911686,36.8478352],[25.6730429,36.8423674],[25.6726235,36.8481434],[25.6911686,36.8478352]]],[[[25.6659016,36.9038147],[25.6655909,36.9032974],[25.6655818,36.9038111],[25.6659016,36.9038147]]],[[[25.6906515,36.8781436],[25.6845812,36.8778196],[25.6903011,36.8799379],[25.6906515,36.8781436]]],[[[25.6974292,37.0904119],[25.6839061,37.0843543],[25.6888806,37.0934004],[25.6974292,37.0904119]]],[[[25.7096573,37.0784719],[25.7015952,37.0812097],[25.7034814,37.0834135],[25.7096573,37.0784719]]],[[[25.7015075,37.0863465],[25.7008751,37.0858259],[25.7008664,37.0863396],[25.7015075,37.0863465]]],[[[25.7042996,37.0730188],[25.7016577,37.068109],[25.7017441,37.072477],[25.7042996,37.0730188]]],[[[25.6816309,37.0861271],[25.6806914,37.0848323],[25.6806736,37.0858597],[25.6816309,37.0861271]]],[[[25.6944537,36.6247216],[25.6850123,36.6184273],[25.6720924,36.6296908],[25.6793805,36.6320097],[25.6944537,36.6247216]]],[[[25.7930805,37.0995124],[25.7772152,37.1241435],[25.7956818,37.1127725],[25.8061929,37.117503],[25.8113802,37.1345098],[25.8341892,37.1326812],[25.8185937,37.1245633],[25.8316415,37.1105635],[25.841255,37.1111717],[25.8281611,37.0866382],[25.7930805,37.0995124]]],[[[26.559374,37.2654892],[26.559407200000066,37.265426000000105],[26.559339399999942,37.265467899999976],[26.559374,37.2654892]]],[[[26.55931149999998,37.2653133],[26.559453099999928,37.2652695000001],[26.55934120000012,37.26519480000013],[26.55931149999998,37.2653133]]],[[[26.69968840000007,37.228591700000095],[26.700539299999946,37.2291011],[26.700392700000123,37.22822430000008],[26.700965,37.22744240000003],[26.69968840000007,37.228591700000095]]],[[[26.700655700000027,37.228741100000036],[26.700583800000118,37.22877049999994],[26.700644300000135,37.22883150000001],[26.700655700000027,37.228741100000036]]],[[[26.6997857,37.22802660000008],[26.699816900000087,37.22801380000004],[26.699803600000052,37.22800629999995],[26.6997857,37.22802660000008]]],[[[26.699833900000044,37.227986699999974],[26.699846200000025,37.22794980000009],[26.6998226,37.2279701],[26.699833900000044,37.227986699999974]]],[[[26.698849399999972,37.22858940000009],[26.698877300000106,37.22856850000011],[26.698841800000025,37.22857309999995],[26.698849399999972,37.22858940000009]]],[[[26.445192799999973,36.9987268000001],[26.44803440000004,36.99416100000013],[26.442604800000083,36.99208030000011],[26.440351599999985,36.99361119999992],[26.434919300000104,36.991916100000026],[26.424979600000142,36.9934098],[26.4217878,36.991980900000044],[26.419546800000035,36.99184180000009],[26.419220800000062,36.992611099999976],[26.459355899999935,37.0236295],[26.49784290000008,36.9993809],[26.462639,37.00513870000003],[26.445192799999973,36.9987268000001]]],[[[26.3808481,36.99711150000002],[26.385873200000105,36.992402599999934],[26.376240799999948,36.996633700000075],[26.3808481,36.99711150000002]]],[[[26.3618485,36.992655],[26.374430300000085,36.99632810000003],[26.375861,36.99630580000013],[26.3618485,36.992655]]],[[[26.4535961,37.02257549999996],[26.451996000000122,37.022311300000126],[26.45199409999998,37.02256810000006],[26.4535961,37.02257549999996]]],[[[26.453820300000075,36.99123380000003],[26.452859599999954,36.99122950000003],[26.45445719999998,36.99175050000002],[26.453820300000075,36.99123380000003]]],[[[26.286841400000128,36.969666600000096],[26.26970010000008,36.98767480000009],[26.307791700000053,36.989701400000115],[26.311058899999978,36.982527],[26.286841400000128,36.969666600000096]]],[[[26.328628,36.987509],[26.324804300000096,36.985303],[26.320969700000035,36.9843826],[26.328628,36.987509]]],[[[26.169022600000062,36.9101978],[26.162503200000117,36.90655540000006],[26.164845500000126,36.911838099999954],[26.169022600000062,36.9101978]]],[[[26.17041519999998,36.90586930000012],[26.17044830000009,36.90673070000014],[26.171148500000072,36.90594550000003],[26.17041519999998,36.90586930000012]]],[[[26.171182400000077,36.899226300000066],[26.16746490000014,36.90207189999995],[26.171741600000132,36.901111700000115],[26.171182400000077,36.899226300000066]]],[[[26.164815200000078,36.90120110000004],[26.165170400000022,36.901029700000095],[26.164755300000138,36.901000899999985],[26.164815200000078,36.90120110000004]]],[[[26.356729299999927,36.602816],[26.343047599999977,36.61249350000003],[26.33857730000011,36.61349650000005],[26.344937900000048,36.6150732000001],[26.356729299999927,36.602816]]],[[[26.390703,36.6034568],[26.389854900000046,36.60465210000012],[26.391083200000025,36.604454],[26.390703,36.6034568]]],[[[26.269534,36.6055085000001],[26.270275700000127,36.605354],[26.270109800000057,36.60493570000011],[26.269534,36.6055085000001]]],[[[26.358314,36.59839219999998],[26.358830200000057,36.60179890000012],[26.360353200000134,36.598501400000146],[26.358314,36.59839219999998]]],[[[26.254884399999924,36.59288680000009],[26.254961,36.592789],[26.254827,36.59290010000012],[26.254884399999924,36.59288680000009]]],[[[26.25508810000008,36.5793471],[26.254139899999984,36.578570300000024],[26.254135,36.57908420000007],[26.25508810000008,36.5793471]]],[[[26.258935200000053,36.576801800000055],[26.256048599999986,36.57883920000006],[26.258918,36.57860010000002],[26.258935200000053,36.576801800000055]]],[[[26.356906500000036,36.593813700000055],[26.36103150000008,36.59589140000003],[26.36297480000013,36.592047900000125],[26.356906500000036,36.593813700000055]]],[[[26.441511600000013,36.614280300000075],[26.44087810000002,36.61376359999991],[26.440874300000075,36.61427729999997],[26.441511600000013,36.614280300000075]]],[[[26.388688599999966,36.5706247],[26.388878700000078,36.570338900000024],[26.3887056,36.570362399999965],[26.388688599999966,36.5706247]]],[[[26.386738600000115,36.57097310000006],[26.387460399999952,36.57097429999999],[26.3871967,36.57066069999996],[26.386738600000115,36.57097310000006]]],[[[25.976869000000136,37.512587],[25.97680539999999,37.51293440000012],[25.97706960000005,37.512781],[25.976869000000136,37.512587]]],[[[25.57815190000008,37.42324090000011],[25.577512699999943,37.42297630000007],[25.577929900000015,37.423577300000034],[25.57815190000008,37.42324090000011]]],[[[25.577561400000093,37.422123800000065],[25.576908100000026,37.421245800000065],[25.576662699999986,37.421427900000026],[25.577561400000093,37.422123800000065]]],[[[25.5723473,37.411193500000024],[25.559076,37.4098208],[25.5738872,37.417964900000015],[25.5723473,37.411193500000024]]],[[[25.558183500000098,37.41174009999992],[25.556741400000135,37.41153429999997],[25.556443900000033,37.411815300000114],[25.558183500000098,37.41174009999992]]],[[[26.3663204,37.6874143],[26.3656503,37.6870578],[26.3656302,37.6871815],[26.3663204,37.6874143]]],[[[26.1782032,37.6340705],[26.1780431,37.6344337],[26.1784325,37.6344645],[26.1782032,37.6340705]]],[[[26.2184155,37.6352252],[26.2182254,37.6357688],[26.2185158,37.6351833],[26.2184155,37.6352252]]],[[[26.3662338,37.6870541],[26.3664796,37.6870418],[26.3662338,37.6869251],[26.3662338,37.6870541]]],[[[26.5874587,37.6780924],[26.5867479,37.6771659],[26.5875005,37.6790189],[26.5874587,37.6780924]]],[[[26.5132411,37.5249608],[26.5119526,37.524007],[26.5119526,37.5246883],[26.5132411,37.5249608]]],[[[26.4953825,37.5249909],[26.4948533,37.5221713],[26.493913,37.5248927],[26.4953825,37.5249909]]],[[[26.4891884,37.5172619],[26.486869,37.5172619],[26.486869,37.518352],[26.4891884,37.5172619]]],[[[26.4958888,37.5180795],[26.4978646,37.5052009],[26.493054,37.5039743],[26.4958888,37.5180795]]],[[[26.546915,37.530479],[26.5452828,37.5289803],[26.5446815,37.5308196],[26.546915,37.530479]]],[[[26.5411595,37.5099029],[26.5378093,37.5185564],[26.5480317,37.5182839],[26.5411595,37.5099029]]],[[[26.4135135,37.5348714],[26.4166431,37.5303805],[26.4126193,37.5317987],[26.4135135,37.5348714]]],[[[26.4284129,37.6055701],[26.4269678,37.5973519],[26.4228783,37.6045631],[26.4284129,37.6055701]]],[[[26.452905,37.59131],[26.449386,37.5634314],[26.435425,37.5654938],[26.440705,37.5773793],[26.3961454,37.5762734],[26.4365151,37.6025501],[26.452905,37.59131]]],[[[26.556693,37.6103737],[26.5676683,37.5965789],[26.5434895,37.5877516],[26.5348247,37.5935712],[26.556693,37.6103737]]],[[[26.4608031,37.5783112],[26.4723034,37.5709267],[26.4670522,37.5603045],[26.4608031,37.5783112]]],[[[26.4721451,37.5743061],[26.475688,37.6048085],[26.4959817,37.5822365],[26.5188813,37.597151],[26.5159606,37.6226328],[26.4961886,37.6269629],[26.516224,37.6558664],[26.5341378,37.6413963],[26.5288878,37.6192557],[26.5468753,37.6201571],[26.5225532,37.5861382],[26.4957579,37.5769036],[26.5145267,37.5518151],[26.5093907,37.5263933],[26.4721451,37.5743061]]],[[[26.7118796,37.3343962],[26.7138761,37.3313623],[26.7085964,37.328787],[26.7118796,37.3343962]]],[[[26.7125094,37.3674191],[26.6963339,37.3650231],[26.6981312,37.3707827],[26.7125094,37.3674191]]],[[[26.5658183,37.2921552],[26.5709998,37.2967051],[26.571733,37.2906191],[26.5658183,37.2921552]]],[[[26.6033867,37.3041655],[26.6071616,37.3102178],[26.6055565,37.3033853],[26.6033867,37.3041655]]],[[[26.563459,37.3376066],[26.5660451,37.3395028],[26.5668885,37.337359],[26.563459,37.3376066]]],[[[26.5597347,37.3208949],[26.5602585,37.3201193],[26.5594999,37.3202629],[26.5597347,37.3208949]]],[[[26.4101945,37.5908347],[26.4111246,37.5907876],[26.4105764,37.5903852],[26.4101945,37.5908347]]],[[[26.4090395,37.5903456],[26.4094774,37.5900738],[26.4090074,37.5901406],[26.4090395,37.5903456]]],[[[26.480099,37.5531553],[26.4810431,37.552747],[26.4805282,37.5525428],[26.480099,37.5531553]]],[[[26.4961457,37.6258922],[26.496262,37.6255078],[26.4958114,37.6256905],[26.4961457,37.6258922]]],[[[26.4731467,37.6059399],[26.4735759,37.6058039],[26.4731467,37.6056679],[26.4731467,37.6059399]]],[[[26.5417075,37.5847871],[26.5431106,37.5859115],[26.5429854,37.5833919],[26.5417075,37.5847871]]],[[[26.4875663,37.5126572],[26.4879096,37.5123167],[26.4874804,37.5121806],[26.4875663,37.5126572]]],[[[26.5442732,37.3269855],[26.558015,37.3123385],[26.5725908,37.3074302],[26.5596376,37.2926423],[26.5730223,37.2701642],[26.5412891,37.2762602],[26.5548431,37.2910062],[26.5272874,37.288467],[26.5309476,37.3284814],[26.5453009,37.3354372],[26.533975,37.3785639],[26.5513144,37.3664772],[26.578011,37.3774924],[26.6144695,37.3404113],[26.5673945,37.3510134],[26.5557871,37.3418623],[26.5615839,37.326809],[26.5442732,37.3269855]]],[[[26.6049591,37.3234312],[26.6040222,37.3238127],[26.604738,37.3236847],[26.6049591,37.3234312]]],[[[26.5997721,37.3680279],[26.600802,37.3672093],[26.5999437,37.3672093],[26.5997721,37.3680279]]],[[[26.5310637,37.3642064],[26.5311229,37.3641996],[26.5310513,37.3641973],[26.5310637,37.3642064]]],[[[26.5320182,37.3637405],[26.5320573,37.3637678],[26.5320478,37.3637215],[26.5320182,37.3637405]]],[[[26.5322167,37.3638292],[26.5322663,37.3638239],[26.5322119,37.3637829],[26.5322167,37.3638292]]],[[[26.5318655,37.3638428],[26.532003,37.3638026],[26.5318608,37.3638322],[26.5318655,37.3638428]]],[[[26.5315449,37.3639422],[26.5316528,37.3639483],[26.531648,37.3639361],[26.5315449,37.3639422]]],[[[26.531294,37.3642376],[26.53117,37.3644415],[26.5323485,37.3638981],[26.5310671,37.3640158],[26.531294,37.3642376]]],[[[26.5965524,37.3662784],[26.5973122,37.3661268],[26.5972161,37.3659777],[26.5965524,37.3662784]]],[[[26.5938683,37.3410846],[26.5940055,37.3409961],[26.5941702,37.3407308],[26.5938683,37.3410846]]],[[[26.5946166,37.3384224],[26.5946614,37.3383903],[26.5946051,37.3383822],[26.5946166,37.3384224]]],[[[26.5925333,37.3389963],[26.5925563,37.3389963],[26.5925356,37.3389833],[26.5925333,37.3389963]]],[[[26.5929269,37.3379795],[26.5930094,37.3379298],[26.5929804,37.3378819],[26.5929269,37.3379795]]],[[[26.5923816,37.3388265],[26.593942,37.3383842],[26.5935418,37.3379142],[26.593246,37.3382036],[26.5928554,37.3379427],[26.5923816,37.3388265]]],[[[26.5925259,37.3390486],[26.5925489,37.3390368],[26.5925245,37.3390392],[26.5925259,37.3390486]]],[[[26.5858844,37.3402243],[26.5867684,37.3437222],[26.5885747,37.3405102],[26.5858844,37.3402243]]],[[[26.5598493,37.3355336],[26.5603658,37.3356179],[26.5607323,37.3354592],[26.5598493,37.3355336]]],[[[26.5597896,37.3356596],[26.5598235,37.3356286],[26.5597788,37.3356446],[26.5597896,37.3356596]]],[[[26.6042254,37.3238538],[26.6042189,37.323833],[26.604193,37.3238539],[26.6042254,37.3238538]]],[[[26.6044609,37.323797],[26.6044815,37.323769],[26.6044678,37.3237676],[26.6044609,37.323797]]],[[[26.5977274,37.3221426],[26.5982938,37.3232183],[26.5987543,37.323098],[26.5977274,37.3221426]]],[[[26.5977596,37.3231892],[26.5977744,37.323169],[26.5977533,37.323169],[26.5977596,37.3231892]]],[[[26.5950346,37.3198302],[26.5950921,37.3198042],[26.5950233,37.3197764],[26.5950346,37.3198302]]],[[[26.5954082,37.3198302],[26.5954082,37.3196777],[26.5951882,37.3197629],[26.5954082,37.3198302]]],[[[26.564889,37.3123732],[26.5652115,37.3127239],[26.5654788,37.312366],[26.564889,37.3123732]]],[[[26.5784322,37.2924129],[26.5784751,37.2922914],[26.5783805,37.2923752],[26.5784322,37.2924129]]],[[[26.5779503,37.2903615],[26.578497,37.2901457],[26.578194,37.2900283],[26.5779503,37.2903615]]],[[[26.5603157,37.2667094],[26.5604261,37.2667031],[26.5604218,37.2666899],[26.5603157,37.2667094]]],[[[26.5590902,37.2682522],[26.5591465,37.2681684],[26.5590173,37.2682206],[26.5590902,37.2682522]]],[[[26.5588223,37.2678414],[26.5588755,37.2678091],[26.5588115,37.2678235],[26.5588223,37.2678414]]],[[[26.5597164,37.2675365],[26.5597769,37.2674539],[26.5596867,37.2674719],[26.5597164,37.2675365]]],[[[26.5602522,37.2667887],[26.5603373,37.2668002],[26.5603193,37.2667628],[26.5602522,37.2667887]]],[[[26.5597035,37.2673512],[26.5597196,37.2673067],[26.5596901,37.2673148],[26.5597035,37.2673512]]],[[[26.5596677,37.2677483],[26.559721,37.2677555],[26.5597128,37.2677253],[26.5596677,37.2677483]]],[[[26.5590253,37.2683866],[26.5591877,37.268436],[26.5591718,37.2683901],[26.5590253,37.2683866]]],[[[26.5590521,37.2680951],[26.559062,37.2680628],[26.5590413,37.2680858],[26.5590521,37.2680951]]],[[[26.5596904,37.2672879],[26.5597364,37.267275],[26.5596516,37.2672678],[26.5596904,37.2672879]]],[[[26.5589535,37.2674275],[26.5589896,37.2674006],[26.5589377,37.2674176],[26.5589535,37.2674275]]],[[[26.5590492,37.2662887],[26.5593616,37.2662497],[26.5593396,37.2661173],[26.5590492,37.2662887]]],[[[26.5597489,37.2673994],[26.5597814,37.2674166],[26.5597967,37.267408],[26.5597489,37.2673994]]],[[[26.5590368,37.2683246],[26.5591949,37.2683275],[26.5592353,37.2682694],[26.5590368,37.2683246]]],[[[26.5603949,37.2659349],[26.5604094,37.265893],[26.5603776,37.2658987],[26.5603949,37.2659349]]],[[[26.5589473,37.2684676],[26.559065,37.2684567],[26.5589719,37.2684297],[26.5589473,37.2684676]]],[[[26.5586973,37.2676627],[26.558737,37.2676334],[26.5586843,37.2676408],[26.5586973,37.2676627]]],[[[26.5602069,37.2668906],[26.5593682,37.2666076],[26.5589429,37.2680716],[26.559512,37.2678545],[26.5595257,37.2672846],[26.5602069,37.2668906]]],[[[26.5589359,37.2661216],[26.5591536,37.2661023],[26.5591772,37.2659929],[26.5589359,37.2661216]]],[[[26.5603626,37.2668157],[26.5603987,37.2668025],[26.5603886,37.2667944],[26.5603626,37.2668157]]],[[[26.5587195,37.2679247],[26.5587817,37.2678996],[26.5587086,37.2678924],[26.5587195,37.2679247]]],[[[26.5597597,37.2673268],[26.5598761,37.2673053],[26.5598283,37.2672213],[26.5597597,37.2673268]]],[[[26.5599593,37.2671967],[26.5600324,37.267196],[26.5600215,37.2671795],[26.5599593,37.2671967]]],[[[26.5596933,37.2678373],[26.55971,37.2678699],[26.5597164,37.2678598],[26.5596933,37.2678373]]],[[[26.5595495,37.2679056],[26.5595883,37.2678711],[26.5595342,37.2678912],[26.5595495,37.2679056]]],[[[26.5596596,37.2676528],[26.5597751,37.267665],[26.5597309,37.2675911],[26.5596596,37.2676528]]],[[[26.4448785,37.4135241],[26.4449733,37.413327],[26.4447556,37.4132974],[26.4448785,37.4135241]]],[[[26.4447119,37.4131567],[26.4448427,37.4130628],[26.4446298,37.412999],[26.4447119,37.4131567]]],[[[26.4437066,37.4110601],[26.4446212,37.4129174],[26.4452978,37.4118747],[26.4437066,37.4110601]]],[[[26.4456034,37.4143655],[26.4458459,37.414277],[26.4455005,37.4141449],[26.4456034,37.4143655]]],[[[26.4946171,37.4085272],[26.4945875,37.4084879],[26.4945774,37.4084971],[26.4946171,37.4085272]]],[[[26.4977759,37.4106497],[26.4966427,37.4079522],[26.4950909,37.4088036],[26.4909255,37.4092456],[26.4881693,37.4077738],[26.4870708,37.4094719],[26.4977759,37.4106497]]],[[[26.4942869,37.4084355],[26.494305,37.4083266],[26.4942166,37.4083624],[26.4942869,37.4084355]]],[[[26.4497927,37.5607033],[26.4500992,37.5612322],[26.4500451,37.5607105],[26.4497927,37.5607033]]],[[[26.4722509,37.5861334],[26.4724931,37.5864466],[26.4729011,37.5860222],[26.4722509,37.5861334]]],[[[26.4492247,37.5622327],[26.449432,37.5623685],[26.4493779,37.5621327],[26.4492247,37.5622327]]],[[[26.752739,37.26406260000006],[26.7525584,37.26329010000005],[26.7520254,37.263947900000076],[26.752739,37.26406260000006]]],[[[26.75345740000002,37.263779800000066],[26.75353560000002,37.26372640000003],[26.753426100000016,37.26370149999998],[26.75345740000002,37.263779800000066]]],[[[26.75246440000001,37.26276440000002],[26.752575700000023,37.2627817],[26.752543,37.262714],[26.75246440000001,37.26276440000002]]],[[[26.752137300000015,37.26247139999997],[26.75218870000004,37.262386],[26.7521395,37.26238959999995],[26.752137300000015,37.26247139999997]]],[[[26.81411210000005,37.25602060000005],[26.81133950000002,37.25470930000004],[26.80995320000004,37.25555679999996],[26.81411210000005,37.25602060000005]]],[[[26.8078666,37.254509400000025],[26.8073153,37.255004800000066],[26.808283500000044,37.25501769999999],[26.8078666,37.254509400000025]]],[[[26.815676,37.2140319],[26.8135851,37.2151214],[26.814979,37.2177526],[26.815676,37.2140319]]],[[[26.771166100000045,37.199377],[26.7655673,37.20209410000007],[26.7785015,37.20862069999998],[26.770202100000013,37.211997],[26.7879628,37.21068290000006],[26.771166100000045,37.199377]]],[[[26.8138256,37.2102917],[26.81591430000001,37.210858799999976],[26.8150548,37.2099852],[26.8138256,37.2102917]]],[[[26.796546800000044,37.209062400000064],[26.7965523,37.210044800000055],[26.7980584,37.209694],[26.796546800000044,37.209062400000064]]],[[[26.82410160000002,37.202467100000064],[26.818481100000028,37.20313209999998],[26.81954,37.205613700000036],[26.82410160000002,37.202467100000064]]],[[[26.7943272,37.201148700000026],[26.85738,37.18613339999999],[26.836012599999986,37.1613055],[26.874568200000017,37.15582889999998],[26.859810399999986,37.14423330000002],[26.890899699999988,37.11465110000006],[26.8877873,37.09761020000001],[26.872085300000034,37.109296600000015],[26.876072,37.09715],[26.843496400000024,37.098739900000034],[26.831291600000046,37.1113185],[26.860597299999988,37.118471499999984],[26.859618100000013,37.13093530000002],[26.82420989999999,37.11253159999998],[26.80668940000003,37.1340439],[26.83019,37.15095120000002],[26.764794100000017,37.17299590000006],[26.7787476,37.194741800000024],[26.7941873,37.18649550000002],[26.809015,37.1905073],[26.7943272,37.201148700000026]]],[[[26.8860778,37.145362],[26.886368,37.14266259999997],[26.88511020000003,37.14150580000001],[26.8860778,37.145362]]],[[[26.8904316,37.14505350000002],[26.890915400000026,37.14405089999997],[26.88994790000002,37.144128],[26.8904316,37.14505350000002]]],[[[26.904267300000047,37.11435239999997],[26.907750400000015,37.119907299999966],[26.91016920000004,37.115432599999984],[26.904267300000047,37.11435239999997]]],[[[26.8913024,37.0972995],[26.891689399999986,37.0951387],[26.88917380000002,37.096527799999976],[26.8913024,37.0972995]]],[[[26.812775200000047,37.14456050000001],[26.812284400000024,37.14462550000006],[26.813164300000015,37.1447256],[26.812775200000047,37.14456050000001]]],[[[26.81478470000001,37.146408200000046],[26.814430800000032,37.14697010000005],[26.815154,37.1468588],[26.81478470000001,37.146408200000046]]],[[[26.814115,37.153184900000014],[26.814013600000045,37.15370050000006],[26.8142467,37.1536192],[26.814115,37.153184900000014]]],[[[26.760771900000044,37.1874025],[26.759474,37.1878776],[26.76121630000003,37.188157],[26.760771900000044,37.1874025]]],[[[26.76098530000003,37.18925330000007],[26.761097900000014,37.19513710000003],[26.765571400000038,37.192458],[26.76098530000003,37.18925330000007]]],[[[26.75465570000004,37.19484330000003],[26.7537368,37.19340280000008],[26.752857100000057,37.19437609999997],[26.75465570000004,37.19484330000003]]],[[[26.757901,37.194251499999964],[26.7579303,37.19390890000004],[26.757294900000023,37.194306],[26.757901,37.194251499999964]]],[[[26.755701600000027,37.19381550000008],[26.7562686,37.19426710000001],[26.756385899999987,37.19395560000006],[26.755701600000027,37.19381550000008]]],[[[26.774274800000025,37.197875600000046],[26.77436720000001,37.197029100000044],[26.774013,37.19768340000002],[26.774274800000025,37.197875600000046]]],[[[26.886948500000035,37.08842430000003],[26.88452970000004,37.090662499999986],[26.8866583,37.092128800000054],[26.886948500000035,37.08842430000003]]],[[[26.8870453,37.08464230000006],[26.89149590000001,37.08688070000005],[26.88907710000002,37.08163209999998],[26.8870453,37.08464230000006]]],[[[27.068688500000032,37.0819496],[27.065264200000048,37.08321590000002],[27.065520900000024,37.085145699999984],[27.068688500000032,37.0819496]]],[[[26.94397839427919,36.92663967701473],[26.930332900000046,36.946875199999965],[26.90916310891723,36.95208324281527],[26.934367,36.96891210000002],[26.924640100000023,36.981255400000016],[26.93801460000005,37.0174122],[26.9680726,37.0161283],[26.940849500000027,37.04342129999996],[26.911966600000024,37.03858310000002],[26.919763624768873,37.05329137908739],[26.88231480688578,37.07102877266026],[26.88965435687447,37.08011587284673],[26.9566705328731,37.06309373626922],[26.99326370373681,37.04107459522406],[26.9711895,37.0417337],[27.007721700000026,37.01628440000002],[27.004825100000026,37.00397130000004],[27.03210057122925,37.01557995656699],[27.05350568545902,36.9955988826743],[27.026783300000016,36.974571400000094],[27.047055379690878,36.971021607549005],[27.03048870000005,36.95849050000001],[27.05408119243915,36.94564023848568],[26.986651800000015,36.95139830000005],[26.985614400000024,36.9254004],[26.94397839427919,36.92663967701473]]],[[[27.058468,36.95548],[27.056546,36.954068],[27.055907,36.954968],[27.058468,36.95548]]],[[[26.9608165,36.925491100000045],[26.961060100000033,36.9250665],[26.960327,36.9253081],[26.9608165,36.925491100000045]]],[[[26.934912800000028,36.9327948],[26.938340672279377,36.93229662434555],[26.934697023049022,36.93216550836984],[26.934912800000028,36.9327948]]],[[[26.912262900000016,36.97403880000005],[26.912144300000023,36.978262300000054],[26.914206900000043,36.975781200000064],[26.912262900000016,36.97403880000005]]],[[[26.914122100000025,37.0163418],[26.90888819999999,37.00024250000004],[26.8841504,37.012439],[26.914122100000025,37.0163418]]],[[[26.882716100000025,37.005603400000034],[26.888084300000024,37.004129299999974],[26.881473,37.00489640000003],[26.882716100000025,37.005603400000034]]],[[[26.88804660000002,37.00602460000003],[26.88961,37.00661120000006],[26.888649400000027,37.00558839999998],[26.88804660000002,37.00602460000003]]],[[[26.933518100000033,37.0360483],[26.9281071,37.0297211],[26.925020499999988,37.031333300000064],[26.933518100000033,37.0360483]]],[[[26.912054499999986,37.046864700000015],[26.912187,37.047677],[26.91278050000002,37.04725290000006],[26.912054499999986,37.046864700000015]]],[[[26.91127160000001,37.04750470000003],[26.911295499999987,37.04745520000004],[26.9112546,37.047471],[26.91127160000001,37.04750470000003]]],[[[26.94353910000005,36.912167499999974],[26.9298607,36.91081760000006],[26.9472257,36.91753919999997],[26.94353910000005,36.912167499999974]]],[[[26.9199646,36.88522860000005],[26.923500600000054,36.8889201],[26.9225329,36.88445450000004],[26.9199646,36.88522860000005]]],[[[27.04495060000001,36.58232719999999],[27.031554600000018,36.59550070000004],[27.04325240000004,36.5934936],[27.04495060000001,36.58232719999999]]],[[[26.9875384,36.749194900000035],[26.988753700000032,36.750442500000084],[26.988863600000027,36.74927090000003],[26.9875384,36.749194900000035]]],[[[27.107431,37.058468],[27.075537,37.059134],[27.070733,37.063633],[27.107431,37.058468]]],[[[27.080771700000042,37.05235],[27.081183400000015,37.053351300000045],[27.082025,37.05233880000004],[27.080771700000042,37.05235]]],[[[27.145876200000036,37.046754],[27.145087299999982,37.048573200000085],[27.146565600000027,37.047434],[27.145876200000036,37.046754]]],[[[27.149456700000048,37.04910459999998],[27.15030470000007,37.0504311],[27.15114590000003,37.05008730000006],[27.149456700000048,37.04910459999998]]],[[[27.180234,37.005713],[27.182153,37.004553],[27.180233,37.005199],[27.180234,37.005713]]],[[[27.10739840000001,36.95562129999997],[27.172106,36.952544],[27.150784,36.935617],[27.179075,36.92119000000012],[27.1329583,36.922175700000025],[27.10739840000001,36.95562129999997]]],[[[27.16536190000004,36.95489470000004],[27.1654295,36.95546140000003],[27.165893300000032,36.9552834],[27.16536190000004,36.95489470000004]]],[[[27.1732092,36.94464030000002],[27.174101,36.944855900000036],[27.17450050000002,36.9442707],[27.1732092,36.94464030000002]]],[[[27.14802080000004,36.921712399999976],[27.148258300000048,36.9216235],[27.14797540000003,36.92156069999996],[27.14802080000004,36.921712399999976]]],[[[27.1481421,36.921824],[27.148159,36.9217924],[27.148120599999984,36.92180330000005],[27.1481421,36.921824]]],[[[27.094631600000014,36.932874900000016],[27.09470160000001,36.93306],[27.095065300000016,36.933212900000065],[27.094631600000014,36.932874900000016]]],[[[27.09856290000002,36.9366239],[27.0901085,36.94404249999998],[27.096716700000027,36.9509946],[27.09856290000002,36.9366239]]],[[[27.0969014,36.953945400000045],[27.095563400000025,36.9533758],[27.094899700000013,36.953399400000016],[27.0969014,36.953945400000045]]],[[[27.095049600000014,36.95327510000004],[27.095265,36.95313070000005],[27.095001100000022,36.95326590000004],[27.095049600000014,36.95327510000004]]],[[[27.0955327,36.95327580000011],[27.095588799999987,36.95326330000006],[27.0955224,36.95326290000005],[27.0955327,36.95327580000011]]],[[[27.157798500000016,36.91848870000004],[27.158363300000033,36.918847800000044],[27.15837480000003,36.91855220000006],[27.157798500000016,36.91848870000004]]],[[[27.181072,36.682766],[27.177554,36.678661],[27.177245,36.683029],[27.181072,36.682766]]],[[[27.10515945610671,36.652386586751426],[27.13166769176202,36.68172093636938],[27.144842,36.66997],[27.12335840848461,36.665837578115095],[27.11345688274913,36.63956467211599],[27.10515945610671,36.652386586751426]]],[[[27.13468147070819,36.663061657129596],[27.137695249654364,36.66219225469509],[27.138161101920492,36.661666032661614],[27.13468147070819,36.663061657129596]]],[[[27.09736316013628,37.29928953491265],[27.087929360136272,37.290254046268174],[27.10344716013633,37.280016559131354],[27.085599160136383,37.27527756508475],[27.079546560136343,37.29576103934742],[27.09736316013628,37.29928953491265]]],[[[26.99691180000046,37.79934140000046],[27.00069970000028,37.7994172000003],[26.996552200000355,37.79864050000036],[26.99691180000046,37.79934140000046]]],[[[26.993861900000333,37.79662720000035],[26.992764900000275,37.79698860000047],[26.994186400000384,37.797039600000375],[26.993861900000333,37.79662720000035]]],[[[26.9624855000004,37.79620620000035],[26.963516300000382,37.79664200000036],[26.963684100000446,37.79633890000031],[26.9624855000004,37.79620620000035]]],[[[26.97200300000036,37.79556210000034],[26.97102010000024,37.79251210000041],[26.968335100000285,37.795296900000245],[26.97200300000036,37.79556210000034]]],[[[26.976912000000326,37.79403520000036],[26.97570280000044,37.79337090000042],[26.97532330000029,37.79414080000029],[26.976912000000326,37.79403520000036]]],[[[26.897481500000392,37.77891950000035],[26.897052300000386,37.77911880000042],[26.897091200000425,37.77919150000037],[26.897481500000392,37.77891950000035]]],[[[27.043232000000334,37.74338700000035],[27.040373600000432,37.741437500000394],[27.0394977000002,37.74297140000035],[27.043232000000334,37.74338700000035]]],[[[27.016416000000465,37.70243860000043],[27.01765240000038,37.70449630000034],[27.018075000000344,37.70461290000039],[27.016416000000465,37.70243860000043]]],[[[26.788815900000316,37.630400500000334],[26.787378100000403,37.63705390000041],[26.7894432000004,37.63226150000028],[26.80404270000045,37.62439940000029],[26.788815900000316,37.630400500000334]]],[[[26.7896059000003,37.63275010000043],[26.789435600000296,37.63282230000033],[26.789693100000285,37.632794100000375],[26.7896059000003,37.63275010000043]]],[[[26.778714600000345,37.63317040000035],[26.778822100000365,37.63322940000031],[26.7788343000003,37.63319100000036],[26.778714600000345,37.63317040000035]]],[[[26.978629200000327,37.484621000000296],[26.98106800000027,37.486803700000415],[26.982114800000407,37.48478320000038],[26.978629200000327,37.484621000000296]]],[[[26.951739200000226,37.48211030000037],[26.953605400000338,37.48528870000033],[26.9546556000003,37.48371420000042],[26.951739200000226,37.48211030000037]]],[[[26.9893390000004,37.48266490000044],[26.99138240000031,37.48283780000036],[26.99157420000039,37.482701400000245],[26.9893390000004,37.48266490000044]]],[[[26.984938400000235,37.47536740000026],[27.002393000000204,37.478664900000446],[27.00657590000033,37.47839350000032],[26.984938400000235,37.47536740000026]]],[[[27.000000000000295,37.45378700000028],[26.991426900000242,37.46489900000027],[26.977966100000284,37.4446703000004],[26.96611020000039,37.4583165000004],[26.951868300000292,37.444433800000404],[26.92549260000044,37.47529090000034],[26.98564950000045,37.474424300000315],[27.000000000000295,37.45378700000028]]],[[[27.00427500000036,37.46555170000022],[27.00794380000035,37.467742000000236],[27.01000910000036,37.466260900000364],[27.00427500000036,37.46555170000022]]],[[[27.00087270000044,37.465208100000275],[27.000819700000257,37.46588660000037],[27.00098210000037,37.465200900000355],[27.00087270000044,37.465208100000275]]],[[[26.97966190000028,37.42770630000024],[26.974207400000346,37.42838230000039],[26.98628770000029,37.42877060000041],[26.97966190000028,37.42770630000024]]],[[[26.725190700000393,37.40625080000029],[26.72361260000037,37.403789700000246],[26.722400200000266,37.4042846000003],[26.725190700000393,37.40625080000029]]],[[[26.747722200000386,37.367566200000354],[26.748043000000322,37.367204900000374],[26.74747030000035,37.367368800000456],[26.747722200000386,37.367566200000354]]],[[[26.7464950000003,37.36648670000043],[26.749072600000403,37.36518860000031],[26.747363300000323,37.3638777000004],[26.7464950000003,37.36648670000043]]],[[[26.75536860000032,37.35778230000041],[26.75130430000029,37.36449790000035],[26.758424600000367,37.359124200000345],[26.75536860000032,37.35778230000041]]],[[[26.741019900000378,37.3583665000004],[26.74252710000045,37.358481300000285],[26.74265180000023,37.35677440000044],[26.741019900000378,37.3583665000004]]],[[[26.76411840000038,37.35763980000026],[26.76529770000028,37.35241170000042],[26.762077200000462,37.35464720000033],[26.76411840000038,37.35763980000026]]],[[[26.74831770000044,37.35854380000028],[26.75015030000038,37.35908430000042],[26.749824400000353,37.357936000000265],[26.74831770000044,37.35854380000028]]],[[[26.746744900000287,37.35961390000033],[26.747121600000444,37.36022160000039],[26.747492600000403,37.35987200000037],[26.746744900000287,37.35961390000033]]],[[[26.731466300000438,37.36276770000032],[26.732604300000254,37.36480120000038],[26.732993600000338,37.362945600000366],[26.731466300000438,37.36276770000032]]],[[[26.723062300000354,37.36529390000034],[26.728140100000402,37.36909900000037],[26.727339400000336,37.362834700000384],[26.723062300000354,37.36529390000034]]],[[[26.75650870000026,37.34952420000042],[26.7566790000004,37.35212700000035],[26.75802990000041,37.350631200000365],[26.75650870000026,37.34952420000042]]],[[[26.754983600000422,37.35156300000032],[26.754901300000384,37.35140690000036],[26.75481610000021,37.351435600000315],[26.754983600000422,37.35156300000032]]],[[[26.722232900000268,37.342478600000376],[26.724186000000415,37.34184070000023],[26.723090100000316,37.3410142000003],[26.722232900000268,37.342478600000376]]],[[[26.725033700000388,37.33998950000043],[26.724937200000365,37.34026420000042],[26.72510320000029,37.3402126000004],[26.725033700000388,37.33998950000043]]],[[[26.72049200000027,37.339069700000316],[26.7205406000004,37.33984420000025],[26.721483500000254,37.33976520000026],[26.72049200000027,37.339069700000316]]],[[[26.7264292000004,37.338682600000205],[26.7286461000003,37.33774930000034],[26.727743100000378,37.33619350000038],[26.727167700000347,37.338203900000266],[26.7264292000004,37.338682600000205]]],[[[26.726855100000453,37.33779810000029],[26.726910100000385,37.337756600000354],[26.726850400000384,37.33773920000034],[26.726855100000453,37.33779810000029]]],[[[26.803368000000408,37.31692810000023],[26.805421400000295,37.31869720000033],[26.80640540000038,37.31587340000036],[26.803368000000408,37.31692810000023]]],[[[26.78144210000021,37.308794600000375],[26.78053620000042,37.310006000000406],[26.781359300000343,37.30957050000021],[26.78144210000021,37.308794600000375]]],[[[26.8010579000004,37.30855810000039],[26.804737000000358,37.30763940000033],[26.801314600000314,37.30712900000034],[26.8010579000004,37.30855810000039]]],[[[26.807859900000253,37.30542770000029],[26.805079200000357,37.307095000000466],[26.80841600000044,37.3060402000004],[26.807859900000253,37.30542770000029]]],[[[26.79100760000037,37.28943900000047],[26.7917585000003,37.288132200000256],[26.79100760000037,37.28831880000035],[26.79100760000037,37.28943900000047]]],[[[26.797577900000345,37.28499570000036],[26.80034680000033,37.28148570000036],[26.7972494000004,37.282381900000416],[26.797577900000345,37.28499570000036]]],[[[26.792791000000243,37.282531300000436],[26.791993200000313,37.28391290000039],[26.793495000000245,37.28279270000032],[26.792791000000243,37.282531300000436]]],[[[26.798841500000364,37.27883190000034],[26.7990552000004,37.27819470000042],[26.798692700000228,37.27885400000044],[26.798841500000364,37.27883190000034]]],[[[26.79947500000034,37.278470500000445],[26.79984430000033,37.278490600000374],[26.80018840000041,37.27799610000031],[26.79947500000034,37.278470500000445]]],[[[26.79885640000032,37.27764700000032],[26.798954000000407,37.27762310000037],[26.79893600000034,37.2775036000004],[26.79885640000032,37.27764700000032]]],[[[26.744295500000398,37.271834600000325],[26.74670200000032,37.27350830000043],[26.74644550000025,37.272502200000254],[26.744295500000398,37.271834600000325]]],[[[26.751134100000424,37.271103200000304],[26.751494500000405,37.27286470000045],[26.7527357000004,37.27183120000039],[26.751134100000424,37.271103200000304]]],[[[26.74300510000034,37.27347230000019],[26.7327782000002,37.27065280000031],[26.7304832000002,37.27427330000022],[26.74300510000034,37.27347230000019]]],[[[26.74618900000038,37.26862350000041],[26.74558180000039,37.27091720000045],[26.74951750000045,37.27007880000029],[26.74618900000038,37.26862350000041]]],[[[26.756895900000355,37.26927500000036],[26.75778170000032,37.26594260000032],[26.755245100000376,37.267576800000434],[26.756895900000355,37.26927500000036]]],[[[26.74740300000041,37.27520240000045],[26.747744700000283,37.27501140000045],[26.747413000000385,37.27492390000027],[26.74740300000041,37.27520240000045]]],[[[26.743921700000378,37.27190700000041],[26.744004800000297,37.27221930000032],[26.74425080000036,37.27182140000043],[26.743921700000378,37.27190700000041]]],[[[26.77078060000042,37.276481800000454],[26.76918500000042,37.27726610000038],[26.77124990000037,37.27931990000034],[26.77078060000042,37.276481800000454]]],[[[26.1416702,39.3345714],[26.140747,39.334454],[26.1408911,39.33496],[26.1416702,39.3345714]]],[[[26.142158,39.3335746],[26.1407819,39.333631],[26.1421434,39.3336535],[26.142158,39.3335746]]],[[[26.145691,39.335774],[26.1450266,39.3315698],[26.14207,39.334463],[26.145691,39.335774]]],[[[26.1558637,39.3279246],[26.1543992,39.3274529],[26.1539797,39.3278896],[26.1558637,39.3279246]]],[[[26.1412265,39.32767],[26.1409877,39.3281032],[26.1416389,39.327989],[26.1412265,39.32767]]],[[[26.375299,39.3688713],[26.3744276,39.3680059],[26.3738254,39.3684769],[26.375299,39.3688713]]],[[[26.6325134,39.3690494],[26.631801,39.3688615],[26.6311912,39.3688897],[26.6325134,39.3690494]]],[[[26.5916478,39.358994],[26.590675,39.358477],[26.590672,39.358991],[26.5916478,39.358994]]],[[[26.5899822,39.3534076],[26.5899274,39.3526634],[26.5892313,39.353079],[26.5899822,39.3534076]]],[[[26.599639,39.35273],[26.5989381,39.3518067],[26.597562,39.35278],[26.599639,39.35273]]],[[[26.6639587,39.3514171],[26.6724076,39.3544188],[26.6734488,39.3540488],[26.6639587,39.3514171]]],[[[26.590749,39.345765],[26.595353,39.350276],[26.601673,39.344134],[26.590749,39.345765]]],[[[26.595425,39.337949],[26.594435,39.337432],[26.594434,39.337689],[26.595425,39.337949]]],[[[26.5616064,39.3374124],[26.5606062,39.3364258],[26.5602749,39.3372391],[26.5616064,39.3374124]]],[[[26.606643,39.342482],[26.600742,39.333345],[26.595761,39.336923],[26.606643,39.342482]]],[[[26.541078,39.32953],[26.530856,39.325123],[26.531312,39.331289],[26.541078,39.32953]]],[[[26.530382,39.32204],[26.525098,39.320991],[26.525093,39.321761],[26.530382,39.32204]]],[[[26.448113,39.314488],[26.444495,39.31216],[26.4438539,39.316033],[26.448113,39.314488]]],[[[26.442201,39.309709],[26.432911,39.313901],[26.442518,39.31138],[26.442201,39.309709]]],[[[26.4388137,39.2975136],[26.4329097,39.2966999],[26.4339117,39.2995374],[26.4388137,39.2975136]]],[[[26.4325807,39.2931947],[26.4308705,39.2939995],[26.4324784,39.295633],[26.4325807,39.2931947]]],[[[26.4118642,39.271679],[26.4105614,39.2711507],[26.410454,39.271673],[26.4118642,39.271679]]],[[[26.4539266,39.2408822],[26.4523119,39.2395569],[26.4519203,39.2397979],[26.4539266,39.2408822]]],[[[26.504163,39.195324],[26.503177,39.194806],[26.503173,39.195319],[26.504163,39.195324]]],[[[26.538733,39.157714],[26.53594,39.155905],[26.536096,39.157447],[26.538733,39.157714]]],[[[26.1035879,39.1046663],[26.1020149,39.1034953],[26.101354,39.104698],[26.1035879,39.1046663]]],[[[26.5621351,39.0978413],[26.5607175,39.0967905],[26.5619843,39.097966],[26.5621351,39.0978413]]],[[[26.077648,39.07742],[26.0769169,39.0758507],[26.0768579,39.0773832],[26.077648,39.07742]]],[[[26.5109187,39.0557718],[26.5103797,39.055946],[26.5108935,39.0561275],[26.5109187,39.0557718]]],[[[26.5113857,38.96465],[26.5132834,38.9658305],[26.5110773,38.9642074],[26.5113857,38.96465]]],[[[26.5110298,38.968929],[26.5092032,38.9688368],[26.509654,38.9698697],[26.5110298,38.968929]]],[[[26.541464,38.9695437],[26.5410915,38.970666],[26.5420694,38.9706298],[26.541464,38.9695437]]],[[[26.5796033,39.3395032],[26.5761216,39.34391],[26.5784144,39.3441333],[26.5796033,39.3395032]]],[[[26.4075871,39.2600669],[26.4078397,39.2599032],[26.4077371,39.2598098],[26.4075871,39.2600669]]],[[[26.4079519,39.2596515],[26.4079787,39.2597844],[26.4081879,39.259664],[26.4079519,39.2596515]]],[[[26.5345476,39.0182375],[26.5342423,39.0182915],[26.5342347,39.0184113],[26.5345476,39.0182375]]],[[[26.4325079,39.2908775],[26.4328453,39.2913552],[26.4333649,39.2912655],[26.4325079,39.2908775]]],[[[26.445509,38.9670166],[26.4457118,38.9666593],[26.4453941,38.9667907],[26.445509,38.9670166]]],[[[26.4264475,39.3016065],[26.4270129,39.3014488],[26.4264902,39.3014565],[26.4264475,39.3016065]]],[[[26.4439106,39.3168293],[26.4434748,39.3170808],[26.4440821,39.317078],[26.4439106,39.3168293]]],[[[26.152349,38.4728099],[26.154807,38.4723662],[26.151941,38.4694677],[26.152349,38.4728099]]],[[[26.1281439,38.487597],[26.12732,38.4870442],[26.1275554,38.487597],[26.1281439,38.487597]]],[[[26.1633981,38.5519808],[26.1628685,38.5546041],[26.1644574,38.5526711],[26.1633981,38.5519808]]],[[[26.1153757,38.5585849],[26.1194953,38.5585849],[26.1211347,38.5558104],[26.1153757,38.5585849]]],[[[26.0293612,38.60422],[26.0291038,38.6054274],[26.0297046,38.6056286],[26.0293612,38.60422]]],[[[26.0916743,38.559803],[26.0921464,38.5599372],[26.0919747,38.5595345],[26.0916743,38.559803]]],[[[26.068647600000016,39.93159420000006],[26.060374,39.94030290000002],[26.079424800000037,39.93783189999997],[26.068647600000016,39.93159420000006]]],[[[26.057324500000032,39.93237810000006],[26.056926,39.9326837],[26.057506400000037,39.93247779999999],[26.057324500000032,39.93237810000006]]],[[[26.053174700000014,39.93007289999997],[26.05179720000004,39.93118240000007],[26.053980400000032,39.9306044],[26.053174700000014,39.93007289999997]]],[[[26.08645250000005,39.91790990000004],[26.08199950000004,39.918395],[26.086903,39.91955110000004],[26.08645250000005,39.91790990000004]]],[[[26.07604770000004,39.91785009999999],[26.0742111,39.91988330000005],[26.0774772,39.91851460000005],[26.07604770000004,39.91785009999999]]],[[[26.034743,39.850029],[26.032741,39.850269],[26.035066,39.850802],[26.034743,39.850029]]],[[[25.993938,39.849682],[25.992776,39.849415],[25.992761,39.850442],[25.993938,39.849682]]],[[[26.056111,39.84661],[26.08287,39.80086],[26.051265,39.787254],[25.962297,39.838105],[26.056111,39.84661]]],[[[26.095814,39.842047],[26.094495,39.841009],[26.094485,39.84178],[26.095814,39.842047]]],[[[26.080344,39.828059],[26.079685,39.82754],[26.079678,39.828054],[26.080344,39.828059]]],[[[26.079114,39.795438],[26.078452,39.795176],[26.078442,39.795946],[26.079114,39.795438]]],[[[26.073823,39.792828],[26.072821,39.793077],[26.07382,39.793085],[26.073823,39.792828]]],[[[25.983915,39.817754],[25.982924,39.817232],[25.98292,39.817488],[25.983915,39.817754]]],[[[26.574663,39.380505],[26.568352,39.384334],[26.57232,39.384862],[26.574663,39.380505]]],[[[25.2998667,38.16883170000005],[25.300248500000045,38.1687079],[25.30020790000004,38.16865350000005],[25.2998667,38.16883170000005]]],[[[25.289446700000042,38.1613868],[25.289489600000014,38.16219909999998],[25.2900145,38.1610379],[25.289446700000042,38.1613868]]],[[[25.290408,38.1602318],[25.290799300000018,38.16025430000002],[25.29089470000001,38.16010049999998],[25.290408,38.1602318]]],[[[25.910706,39.295035],[25.909893000000125,39.29425700000013],[25.9092,39.29630500000013],[25.910706,39.295035]]],[[[25.901386,39.288784],[25.901059,39.288524],[25.901055,39.288781],[25.901386,39.288784]]],[[[25.842425,39.226837],[25.838294000000133,39.217038],[25.837681,39.204191],[25.831262,39.213115],[25.842425,39.226837]]],[[[25.82016750000014,39.20267710000002],[25.820183,39.20276630000012],[25.820260800000028,39.202679500000045],[25.82016750000014,39.20267710000002]]],[[[25.822683800000107,39.20032680000003],[25.820611100000065,39.198983300000066],[25.820080099999984,39.20050530000009],[25.822683800000107,39.20032680000003]]],[[[25.846688,39.198374000000115],[25.845042,39.19810100000012],[25.845696,39.198493],[25.846688,39.198374000000115]]],[[[25.9315067,39.13079060000007],[25.930854400000044,39.130590900000016],[25.930741700000112,39.13071489999999],[25.9315067,39.13079060000007]]],[[[25.936881300000096,39.127796600000124],[25.935827700000118,39.12885230000006],[25.936922600000116,39.128755400000045],[25.936881300000096,39.127796600000124]]],[[[25.5663035,38.561706300000026],[25.535895800000105,38.60139440000006],[25.5540077,38.59584060000009],[25.591394600000058,38.60849620000005],[25.606775,38.59173],[25.620228,38.58983470000004],[25.609188,38.53448650000013],[25.570405499999936,38.54454920000012],[25.564451500000075,38.53150610000006],[25.5663035,38.561706300000026]]],[[[25.612629500000025,38.593597400000135],[25.611310800000012,38.59409540000013],[25.612936800000057,38.594628399999976],[25.612629500000025,38.593597400000135]]],[[[25.5216539,38.52981840000007],[25.50432470000004,38.529855],[25.49638920000001,38.53411940000012],[25.507501000000104,38.55018460000008],[25.51854919999994,38.553663700000016],[25.5216539,38.52981840000007]]],[[[25.5589455,38.55746170000003],[25.558061700000053,38.558421],[25.559243300000105,38.558030299999984],[25.5589455,38.55746170000003]]],[[[25.556381400000078,38.55901620000003],[25.555732500000033,38.55875120000013],[25.55572719999998,38.559008100000085],[25.556381400000078,38.55901620000003]]],[[[25.557482,38.566499599999986],[25.556738699999983,38.566286],[25.556720500000097,38.566494700000135],[25.557482,38.566499599999986]]],[[[25.5343016,38.59931990000001],[25.533979800000054,38.5990589000001],[25.533974500000113,38.599315700000034],[25.5343016,38.59931990000001]]],[[[25.53522580000009,38.60215640000007],[25.533906600000023,38.602653499999974],[25.5352049,38.60318339999998],[25.53522580000009,38.60215640000007]]],[[[25.54835,38.60052230000002],[25.547373600000128,38.600253399999986],[25.54736850000006,38.60051],[25.54835,38.60052230000002]]],[[[25.519429000000116,38.52670840000013],[25.518095300000084,38.5279756],[25.518749,38.52798370000011],[25.519429000000116,38.52670840000013]]],[[[25.523715,38.52496470000011],[25.515115,38.521199],[25.52009870000012,38.5259463],[25.523715,38.52496470000011]]],[[[25.915721400000052,38.46792970000007],[25.91606470000005,38.467862500000024],[25.915807200000074,38.467526500000076],[25.915721400000052,38.46792970000007]]],[[[25.947297400000025,38.31950750000004],[25.9424128,38.31646000000012],[25.940823799999976,38.31959980000005],[25.947297400000025,38.31950750000004]]],[[[25.957596300000034,38.31355100000013],[25.967483300000083,38.311981],[25.966424,38.31054949999992],[25.957596300000034,38.31355100000013]]],[[[25.956831299999976,38.31262740000011],[25.95553660000013,38.31114980000007],[25.954536099999984,38.312258],[25.956831299999976,38.31262740000011]]],[[[25.915701300000023,38.20641560000007],[25.91620430000006,38.20633670000012],[25.916075500000034,38.2058308],[25.915701300000023,38.20641560000007]]],[[[25.98207200000013,39.285152],[25.981426000000113,39.284119],[25.981408,39.285403],[25.98207200000013,39.285152]]],[[[24.958968616328704,37.69028647734802],[24.958469233685864,37.69052633490779],[24.959205645940457,37.69070047171064],[24.958968616328704,37.69028647734802]]],[[[24.907783636870743,37.904709308982966],[24.908354068217008,37.90575013357766],[24.90863928389016,37.90521565792198],[24.907783636870743,37.904709308982966]]],[[[24.947000704593343,37.903865350104],[24.946644272335952,37.904249841189795],[24.947083979832026,37.904081056382026],[24.947000704593343,37.903865350104]]],[[[24.95634770000007,37.89309080000005],[24.9571588,37.89243110000001],[24.956471600000036,37.89264120000002],[24.95634770000007,37.89309080000005]]],[[[24.957529879468808,37.87550236989363],[24.957648843724584,37.87666714364039],[24.958124203179814,37.87597298805987],[24.957529879468808,37.87550236989363]]],[[[24.947496200000018,37.844325100000034],[24.947656400000042,37.844238399999966],[24.947459600000045,37.844263699999985],[24.947496200000018,37.844325100000034]]],[[[24.9467246,37.843492699999985],[24.946815200000014,37.8434671],[24.946786100000036,37.8434339],[24.9467246,37.843492699999985]]],[[[24.94636010000001,37.84313690000006],[24.946676100000037,37.84311450000001],[24.9463692,37.8430502],[24.94636010000001,37.84313690000006]]],[[[24.9465337,37.842920299999975],[24.9467246,37.84303790000005],[24.946792600000045,37.842984200000046],[24.9465337,37.842920299999975]]],[[[24.945866,37.842965],[24.945901600000013,37.84281930000006],[24.945814200000047,37.842829600000066],[24.945866,37.842965]]],[[[24.73877690000012,37.85835879999996],[24.738936599999988,37.85899580000006],[24.7395117,37.85919760000007],[24.73877690000012,37.85835879999996]]],[[[24.745460739534053,37.85600275408268],[24.74736014719383,37.85714855299369],[24.747530364973443,37.85580761508402],[24.745460739534053,37.85600275408268]]],[[[24.75191775740325,37.84976537394226],[24.747455219084827,37.84614782044497],[24.750043100000028,37.85444069999994],[24.75191775740325,37.84976537394226]]],[[[24.732684400000153,37.84655930000014],[24.73284010000009,37.8462282000001],[24.73255060000008,37.84600739999996],[24.732684400000153,37.84655930000014]]],[[[24.733386181863523,37.84866684668043],[24.7336767,37.8489942],[24.7334621,37.84858389999994],[24.733386181863523,37.84866684668043]]],[[[24.735243700000012,37.850608800000145],[24.73600650000003,37.8534312000001],[24.736757299999965,37.85280990000001],[24.735243700000012,37.850608800000145]]],[[[24.745052030813838,37.852057287387254],[24.745866,37.85333350000002],[24.745648055454694,37.8521876172087],[24.745052030813838,37.852057287387254]]],[[[24.735836600000027,37.876604600000064],[24.735909900000024,37.87665550000003],[24.735887200000093,37.876617],[24.735836600000027,37.876604600000064]]],[[[25.16209363596431,37.53207063730258],[25.14467250000007,37.55063489999998],[25.107586600000047,37.55463380000009],[25.10304680000013,37.57902390000021],[25.029084617456817,37.61421825010558],[24.973207,37.671317],[25.048838500000045,37.676646100000085],[25.062463450261077,37.662088347480164],[25.050204838052707,37.652571306750474],[25.079952288245238,37.6392338076883],[25.117621500000098,37.6529782],[25.141042907306144,37.63022782535205],[25.149260241333934,37.64244287369604],[25.169924116852883,37.63530584622998],[25.184684027937863,37.64038766075987],[25.25367119999993,37.61105850000007],[25.23141990000005,37.536354900000106],[25.16209363596431,37.53207063730258]]],[[[25.065179600000135,37.657138499999974],[25.067374821575697,37.66095981018901],[25.069642286177157,37.66084691603095],[25.065179600000135,37.657138499999974]]],[[[25.14014760057711,37.64586433833654],[25.138978216317298,37.64645150454339],[25.139862384904006,37.64674508590599],[25.14014760057711,37.64586433833654]]],[[[25.154395043178795,37.64211497158328],[25.15374129718566,37.64243140951481],[25.154207157173403,37.64264093804144],[25.154395043178795,37.64211497158328]]],[[[25.154227700000035,37.539931],[25.154416700000013,37.53996510000002],[25.15439950000001,37.539883299999985],[25.154227700000035,37.539931]]],[[[25.102392100000145,37.57627240000011],[25.102374,37.57606280000016],[25.102301899999986,37.57631050000009],[25.102392100000145,37.57627240000011]]],[[[24.970902400000114,37.671803600000146],[24.967749500000025,37.67060740000011],[24.967629700000032,37.67111459999995],[24.970902400000114,37.671803600000146]]],[[[24.967496,37.67211420000007],[24.966330100000164,37.67284160000003],[24.96713239999991,37.67396070000012],[24.967496,37.67211420000007]]],[[[24.4010272,36.786068500000056],[24.400796900000103,36.78601120000013],[24.40091430000001,36.7861494],[24.4010272,36.786068500000056]]],[[[24.40345250000007,36.78141230000011],[24.397224600000072,36.78100000000012],[24.401214900000014,36.786007900000016],[24.40345250000007,36.78141230000011]]],[[[24.402487599999972,36.784733],[24.4026305000001,36.7848075],[24.40250350000008,36.78469030000008],[24.402487599999972,36.784733]]],[[[24.39326340000008,36.77940080000013],[24.38870950000006,36.7800714],[24.3940976,36.78119620000001],[24.39326340000008,36.77940080000013]]],[[[24.426716500000055,36.7740043],[24.426866700000062,36.77400220000004],[24.42669840000002,36.7739568],[24.426716500000055,36.7740043]]],[[[24.426896200000044,36.7740086],[24.426939100000027,36.7740301],[24.426915,36.7740043],[24.426896200000044,36.7740086]]],[[[24.426944500000104,36.7740129],[24.426982,36.77399790000004],[24.426931100000047,36.7739828],[24.426944500000104,36.7740129]]],[[[24.426955200000123,36.77394850000002],[24.427033,36.77394850000002],[24.426941800000066,36.7738733],[24.426955200000123,36.77394850000002]]],[[[24.4269579,36.77303540000014],[24.4270075,36.773068600000045],[24.42700620000005,36.773020299999985],[24.4269579,36.77303540000014]]],[[[24.426885500000026,36.7729344],[24.426971300000048,36.77293220000013],[24.426913600000034,36.77290530000005],[24.426885500000026,36.7729344]]],[[[24.41342830000002,36.771517100000096],[24.412904700000013,36.77111490000004],[24.412761,36.771380900000054],[24.41342830000002,36.771517100000096]]],[[[24.4135093,36.77153580000004],[24.413718500000016,36.77147570000005],[24.413664900000015,36.77138970000004],[24.4135093,36.77153580000004]]],[[[24.41688350000004,36.7708225],[24.417023,36.7709944],[24.417082,36.7707752],[24.41688350000004,36.7708225]]],[[[24.4170069,36.77043149999997],[24.417082,36.77064630000001],[24.417178599999943,36.77044009999997],[24.4170069,36.77043149999997]]],[[[24.417291200000022,36.77033259999996],[24.417499100000043,36.77054830000009],[24.417436000000123,36.770268199999975],[24.417291200000022,36.77033259999996]]],[[[24.4050578,36.75401470000003],[24.4051788000001,36.7539261],[24.405041700000083,36.753913700000055],[24.4050578,36.75401470000003]]],[[[24.405650700000024,36.753862200000015],[24.405675799999983,36.75391220000006],[24.4057019,36.75387940000002],[24.405650700000024,36.753862200000015]]],[[[24.405594800000017,36.75367360000007],[24.4056761,36.75383430000005],[24.4056971,36.75377809999998],[24.405594800000017,36.75367360000007]]],[[[24.40419950000006,36.753021900000135],[24.404317800000058,36.753002],[24.404178,36.752968099999975],[24.40419950000006,36.753021900000135]]],[[[24.340402400000073,36.742889400000024],[24.340048,36.7426650000001],[24.33989560000009,36.742745900000045],[24.340402400000073,36.742889400000024]]],[[[24.33987079999997,36.74266339999997],[24.3399356,36.7426054],[24.339844200000073,36.7426344000001],[24.33987079999997,36.74266339999997]]],[[[24.335052200000064,36.73044580000004],[24.334915699999954,36.73035420000008],[24.334937900000057,36.73047640000004],[24.335052200000064,36.73044580000004]]],[[[24.335312600000123,36.72830420000008],[24.33547140000013,36.728273700000045],[24.335290400000076,36.72816040000009],[24.335312600000123,36.72830420000008]]],[[[24.3256225,36.713293799999974],[24.32597730000009,36.71346840000007],[24.326087299999926,36.713304600000015],[24.3256225,36.713293799999974]]],[[[24.31799530000012,36.6299272],[24.31603640000003,36.63310530000001],[24.32040020000011,36.63318460000005],[24.31799530000012,36.6299272]]],[[[24.3159372,36.62760450000002],[24.315980900000056,36.627530600000114],[24.315916300000026,36.6275702],[24.3159372,36.62760450000002]]],[[[24.31617740000013,36.62733950000012],[24.316182200000014,36.62725720000003],[24.316092,36.62728090000007],[24.31617740000013,36.62733950000012]]],[[[24.316329400000086,36.62713],[24.31638060000006,36.62705610000012],[24.316276199999947,36.62711020000012],[24.316329400000086,36.62713]]],[[[24.332410700000025,36.64638160000004],[24.332009200000016,36.646173900000065],[24.33210820000005,36.6465936],[24.332410700000025,36.64638160000004]]],[[[24.332862300000045,36.649020900000096],[24.332975299999987,36.64894140000007],[24.3327024,36.648930300000075],[24.332862300000045,36.649020900000096]]],[[[24.332092599999953,36.649447099999975],[24.33305720000004,36.65017990000007],[24.333376400000134,36.64969860000002],[24.332092599999953,36.649447099999975]]],[[[24.33383530000009,36.650827900000024],[24.33357130000013,36.65066960000007],[24.33324779999998,36.65112549999998],[24.33383530000009,36.650827900000024]]],[[[24.377528900000073,36.65383220000007],[24.377493500000014,36.653369199999986],[24.37725590000008,36.65331730000014],[24.377528900000073,36.65383220000007]]],[[[24.412750800000083,36.65582919999997],[24.41296590000013,36.65579020000007],[24.412914300000125,36.655640100000085],[24.412750800000083,36.65582919999997]]],[[[24.413047,36.65593790000008],[24.413138299999957,36.65598520000009],[24.413204599999972,36.65590250000014],[24.413047,36.65593790000008]]],[[[24.413021900000103,36.65609040000004],[24.413089700000057,36.65612470000008],[24.413098500000046,36.65604200000013],[24.413021900000103,36.65609040000004]]],[[[24.40982700000012,36.65688620000003],[24.409940600000084,36.65693880000009],[24.40993440000011,36.6568494],[24.40982700000012,36.65688620000003]]],[[[24.409793700000023,36.65698560000004],[24.4098312000001,36.6570107],[24.4098239,36.65697060000008],[24.409793700000023,36.65698560000004]]],[[[24.407227,36.657709800000134],[24.407444399999974,36.6577517],[24.407504699999947,36.65766900000011],[24.407227,36.657709800000134]]],[[[24.392709100000047,36.656735],[24.3931703,36.65677050000005],[24.3927665,36.6566251000001],[24.392709100000047,36.656735]]],[[[24.393061200000034,36.65686380000011],[24.3932056000001,36.65692530000007],[24.393210000000124,36.65689220000013],[24.393061200000034,36.65686380000011]]],[[[24.39359170000006,36.65711320000014],[24.3936609000001,36.65709320000008],[24.393612299999972,36.65706480000006],[24.39359170000006,36.65711320000014]]],[[[24.378194899999926,36.65472040000003],[24.3783199,36.654725400000075],[24.378267800000117,36.654623500000014],[24.378194899999926,36.65472040000003]]],[[[24.370913,36.65422389999998],[24.37119110000009,36.65410120000013],[24.370850399999938,36.653894900000125],[24.370913,36.65422389999998]]],[[[24.37013960000013,36.65432160000006],[24.370240400000114,36.65425460000006],[24.37012729999998,36.654221099999916],[24.37013960000013,36.65432160000006]]],[[[24.368340400000136,36.65516359999992],[24.36845340000002,36.6551794],[24.368325599999935,36.65506110000001],[24.368340400000136,36.65516359999992]]],[[[24.352876700000138,36.75014509999994],[24.35304050000002,36.750180200000045],[24.353053800000055,36.750113],[24.352876700000138,36.75014509999994]]],[[[24.41672260000007,36.737392399999976],[24.41682449999996,36.73738600000013],[24.416797700000075,36.737364500000126],[24.41672260000007,36.737392399999976]]],[[[24.416961300000082,36.73703350000011],[24.416969400000085,36.7369604000001],[24.41689730000013,36.73701570000003],[24.416961300000082,36.73703350000011]]],[[[24.388067300000046,36.733389800000054],[24.38825250000008,36.7334126],[24.38817810000012,36.73330990000005],[24.388067300000046,36.733389800000054]]],[[[24.385354100000086,36.73318550000005],[24.385510800000077,36.73319570000001],[24.38535880000012,36.73310939999999],[24.385354100000086,36.73318550000005]]],[[[24.432166600000016,36.69060509999997],[24.432240800000102,36.69064670000006],[24.432247100000097,36.690615300000104],[24.432166600000016,36.69060509999997]]],[[[24.43237420000014,36.69054390000008],[24.432442,36.6905966],[24.432457899999974,36.69049380000001],[24.43237420000014,36.69054390000008]]],[[[24.416791,36.76974480000001],[24.41692110000014,36.769829899999934],[24.416925100000128,36.76975340000001],[24.416791,36.76974480000001]]],[[[24.429447,36.7732524],[24.4294658,36.77329959999997],[24.429610600000103,36.77325879999995],[24.429447,36.7732524]]],[[[24.428494800000124,36.77322439999995],[24.42855380000003,36.77325879999995],[24.42855919999994,36.77323519999999],[24.428494800000124,36.77322439999995]]],[[[24.429473799999982,36.7731664],[24.429607900000065,36.773209399999985],[24.4295945,36.773123400000145],[24.429473799999982,36.7731664]]],[[[24.42959580000013,36.77292890000001],[24.429691100000014,36.77292360000013],[24.42969640000007,36.772897899999975],[24.42959580000013,36.77292890000001]]],[[[24.430179200000055,36.77125870000003],[24.430257,36.77123720000003],[24.430184600000132,36.77122860000003],[24.430179200000055,36.77125870000003]]],[[[24.430176500000016,36.771177],[24.430269100000032,36.771113400000104],[24.430184600000132,36.771114700000055],[24.430176500000016,36.771177]]],[[[24.43013900000011,36.77073439999998],[24.430259700000136,36.7708118],[24.430238200000133,36.770697900000016],[24.43013900000011,36.77073439999998]]],[[[24.4268239000001,36.75992430000014],[24.4268722,36.759907100000135],[24.426814900000068,36.75989720000001],[24.4268239000001,36.75992430000014]]],[[[24.42659860000009,36.75988769999998],[24.426702299999988,36.7598585],[24.426585200000034,36.759816800000124],[24.42659860000009,36.75988769999998]]],[[[24.428956400000118,36.75907920000003],[24.429048500000135,36.75913130000009],[24.428973499999927,36.75905130000001],[24.428956400000118,36.75907920000003]]],[[[24.4690586,36.6591007],[24.4687648,36.6586364],[24.4686579,36.6589251],[24.4690586,36.6591007]]],[[[24.4638765,36.6665956],[24.4639784,36.6667472],[24.4640576,36.6666613],[24.4638765,36.6665956]]],[[[24.4653825,36.6641214],[24.4654691,36.6640885],[24.46537,36.6640856],[24.4653825,36.6641214]]],[[[24.4652508,36.6638561],[24.4653544,36.6638673],[24.4652395,36.6638187],[24.4652508,36.6638561]]],[[[24.466567,36.662858],[24.4666623,36.6628514],[24.466584,36.6628251],[24.466567,36.662858]]],[[[24.4661742,36.6633014],[24.4663112,36.6633024],[24.4661805,36.6632817],[24.4661742,36.6633014]]],[[[24.465372,36.6631248],[24.4654112,36.6630442],[24.4653436,36.6631078],[24.465372,36.6631248]]],[[[24.465558,36.6647336],[24.4657322,36.6646441],[24.4655634,36.6646383],[24.465558,36.6647336]]],[[[24.4754603,36.6613281],[24.4755434,36.6613291],[24.4754999,36.6612932],[24.4754603,36.6613281]]],[[[24.4787012,36.6645101],[24.4787243,36.6645819],[24.4787652,36.6645552],[24.4787012,36.6645101]]],[[[24.4739029,36.6592089],[24.4739772,36.659253],[24.4739746,36.6591976],[24.4739029,36.6592089]]],[[[24.4776773,36.6627479],[24.4777861,36.6627561],[24.4778015,36.6627202],[24.4776773,36.6627479]]],[[[24.4759522,36.661671],[24.4760137,36.661716],[24.4760155,36.6616855],[24.4759522,36.661671]]],[[[24.47388,36.6595508],[24.4739411,36.6595794],[24.4739112,36.6595323],[24.47388,36.6595508]]],[[[24.4917116,36.6636324],[24.4918831,36.6636304],[24.49175,36.6635524],[24.4917116,36.6636324]]],[[[24.4741404,36.6598306],[24.4741899,36.6598365],[24.4741666,36.6598026],[24.4741404,36.6598306]]],[[[24.4776985,36.6625009],[24.477838,36.6625497],[24.477776,36.6624768],[24.4776985,36.6625009]]],[[[24.4738919,36.6581254],[24.4740982,36.658321],[24.4741385,36.6582985],[24.4738919,36.6581254]]],[[[24.5137973,36.6744317],[24.5138431,36.6744643],[24.5138474,36.6744352],[24.5137973,36.6744317]]],[[[24.5135301,36.6739453],[24.513557,36.6740042],[24.5135765,36.6739816],[24.5135301,36.6739453]]],[[[24.522181,36.6739369],[24.5221888,36.6739965],[24.5222459,36.6739584],[24.522181,36.6739369]]],[[[24.5220549,36.6740949],[24.5219857,36.6740582],[24.5219788,36.6740686],[24.5220549,36.6740949]]],[[[24.5133937,36.674239],[24.5134309,36.6742571],[24.5134265,36.6742307],[24.5133937,36.674239]]],[[[24.5134006,36.6740526],[24.5134265,36.6740734],[24.5134343,36.6740526],[24.5134006,36.6740526]]],[[[24.4585203,36.6686562],[24.4585645,36.6686873],[24.4585664,36.6686743],[24.4585203,36.6686562]]],[[[24.458533,36.6687214],[24.4585609,36.6687539],[24.4585745,36.6687141],[24.458533,36.6687214]]],[[[24.4507159,36.6663998],[24.450812,36.6664372],[24.45074,36.6663737],[24.4507159,36.6663998]]],[[[24.4603753,36.6679603],[24.4604821,36.6679523],[24.4604752,36.6679123],[24.4603753,36.6679603]]],[[[24.4600196,36.6680581],[24.4600986,36.6680481],[24.4600916,36.6680088],[24.4600196,36.6680581]]],[[[24.4604985,36.6680235],[24.4605555,36.6680636],[24.4605485,36.6680191],[24.4604985,36.6680235]]],[[[24.4338635,36.6585349],[24.4341361,36.6585274],[24.4341193,36.6584712],[24.4338635,36.6585349]]],[[[24.4622384,36.6664861],[24.462333,36.6664805],[24.4622426,36.6664493],[24.4622384,36.6664861]]],[[[24.5741319,36.7550254],[24.5738291,36.7545055],[24.5738129,36.7550188],[24.5741319,36.7550254]]],[[[24.573494,36.7550123],[24.5725451,36.754736],[24.5725369,36.7549927],[24.573494,36.7550123]]],[[[24.4530698,36.7547647],[24.4525212,36.7540102],[24.4524199,36.754662],[24.4530698,36.7547647]]],[[[24.4525844,36.7536932],[24.452704,36.7536066],[24.4525688,36.7536582],[24.4525844,36.7536932]]],[[[24.4521588,36.7538188],[24.4521212,36.7536993],[24.452018,36.7538173],[24.4521588,36.7538188]]],[[[24.4446858,36.7601053],[24.4452429,36.7597318],[24.4446338,36.7599025],[24.4446858,36.7601053]]],[[[24.5098767,36.7700507],[24.5103805,36.7695636],[24.5097319,36.7693119],[24.5098767,36.7700507]]],[[[24.4894617,36.7636977],[24.4898175,36.7641361],[24.4899327,36.7638705],[24.4894617,36.7636977]]],[[[24.4832847,36.7645514],[24.4826886,36.7642959],[24.4825975,36.7646331],[24.4832847,36.7645514]]],[[[24.4860247,36.7632035],[24.4865434,36.7650335],[24.4880129,36.7630773],[24.4860247,36.7632035]]],[[[24.4515779,36.7531336],[24.4516495,36.7530829],[24.4515824,36.7530915],[24.4515779,36.7531336]]],[[[24.4510334,36.7523234],[24.4523477,36.7525555],[24.4524147,36.7523234],[24.4510334,36.7523234]]],[[[24.4516181,36.7527618],[24.4517281,36.7527747],[24.4517246,36.7527519],[24.4516181,36.7527618]]],[[[24.4518977,36.7534872],[24.4519743,36.7535178],[24.4519842,36.75348],[24.4518977,36.7534872]]],[[[24.4517898,36.7530455],[24.4519426,36.7532045],[24.4519882,36.75314],[24.4517898,36.7530455]]],[[[24.4514545,36.752938],[24.4516074,36.75288],[24.4514161,36.7528228],[24.4514545,36.752938]]],[[[24.4517924,36.7528306],[24.4520768,36.7526587],[24.4517809,36.7527584],[24.4517924,36.7528306]]],[[[24.4471281,36.7514123],[24.4471165,36.751312],[24.4470181,36.7512425],[24.4471281,36.7514123]]],[[[24.4482653,36.7513887],[24.4484558,36.7513199],[24.4484603,36.751297],[24.4482653,36.7513887]]],[[[24.4462805,36.7516851],[24.4463771,36.7516615],[24.4462698,36.7516615],[24.4462805,36.7516851]]],[[[24.4474097,36.7515841],[24.4475055,36.7515592],[24.4473722,36.7515712],[24.4474097,36.7515841]]],[[[24.446395,36.7518315],[24.4464978,36.7517775],[24.4462376,36.7518055],[24.446395,36.7518315]]],[[[24.4457762,36.7515155],[24.4458701,36.751423],[24.4457414,36.7514209],[24.4457762,36.7515155]]],[[[24.4457137,36.7512347],[24.4458138,36.7513027],[24.4458379,36.7511716],[24.4457137,36.7512347]]],[[[24.4364127,36.7573413],[24.4365066,36.7574423],[24.4365991,36.7573078],[24.4364127,36.7573413]]],[[[24.436815,36.7566924],[24.4369169,36.7566429],[24.4367855,36.7566279],[24.436815,36.7566924]]],[[[24.4399827,36.7559682],[24.4402321,36.7559682],[24.4400363,36.7558779],[24.4399827,36.7559682]]],[[[24.458844,36.7443245],[24.4587321,36.7445664],[24.4589808,36.7443897],[24.458844,36.7443245]]],[[[24.4647036,36.743044],[24.4649402,36.7431788],[24.4650086,36.7430212],[24.4647036,36.743044]]],[[[24.4616487,36.743283],[24.4617435,36.7434397],[24.4618523,36.7433703],[24.4616487,36.743283]]],[[[24.4628393,36.7435078],[24.4632555,36.74351],[24.4632783,36.7434072],[24.4628393,36.7435078]]],[[[24.4829008,36.7490659],[24.482419,36.7504843],[24.4832343,36.7491778],[24.4829008,36.7490659]]],[[[24.4633923,36.7435215],[24.4635462,36.7435717],[24.463589,36.7435306],[24.4633923,36.7435215]]],[[[24.4650644,36.7429054],[24.4651914,36.7429587],[24.465135,36.7428521],[24.4650644,36.7429054]]],[[[24.5190424,36.7643459],[24.5191274,36.7644021],[24.5191086,36.764338],[24.5190424,36.7643459]]],[[[24.4890996,36.7642407],[24.4891922,36.7642863],[24.489241,36.7642661],[24.4890996,36.7642407]]],[[[24.4839429,36.7642408],[24.4839638,36.7642862],[24.4839912,36.7642686],[24.4839429,36.7642408]]],[[[24.4881616,36.7629388],[24.4881556,36.7630479],[24.4882073,36.7630294],[24.4881616,36.7629388]]],[[[24.4840167,36.7642725],[24.4841814,36.7644157],[24.4841576,36.7641927],[24.4840167,36.7642725]]],[[[24.5213071,36.767391],[24.521415,36.7674458],[24.5214306,36.7673881],[24.5213071,36.767391]]],[[[24.5209834,36.7672998],[24.5214474,36.7672114],[24.5216128,36.767053],[24.5209834,36.7672998]]],[[[24.5097241,36.7681207],[24.5098042,36.7680869],[24.509718,36.7680354],[24.5097241,36.7681207]]],[[[24.5135564,36.7675247],[24.513581,36.7676565],[24.5136584,36.7675261],[24.5135564,36.7675247]]],[[[24.5216365,36.7684446],[24.5218804,36.7683753],[24.5215379,36.7684279],[24.5216365,36.7684446]]],[[[24.5219631,36.7687219],[24.5221723,36.7686193],[24.5219112,36.7686429],[24.5219631,36.7687219]]],[[[24.5216513,36.7663323],[24.521703,36.7664047],[24.5217224,36.7662254],[24.5216513,36.7663323]]],[[[24.5216737,36.7681571],[24.5216615,36.7680925],[24.5215474,36.7681546],[24.5216737,36.7681571]]],[[[24.5121892,36.7675599],[24.5122746,36.7675426],[24.5121875,36.767532],[24.5121892,36.7675599]]],[[[25.282625505390058,37.16165460539003],[25.281044505389957,37.16060410538995],[25.28070620539006,37.161369905390075],[25.282625505390058,37.16165460539003]]],[[[25.278460305390013,37.161337205390055],[25.27814540539009,37.16107580539011],[25.27813950539013,37.16133250539002],[25.278460305390013,37.161337205390055]]],[[[25.26974190539005,37.15658650539007],[25.26664190539003,37.15885300539003],[25.270789305389997,37.159941105389976],[25.26974190539005,37.15658650539007]]],[[[25.15752590539006,37.12068480539],[25.225688405389917,37.1551181053901],[25.237149405390028,37.145271205389975],[25.21131770539,37.12682550539],[25.225326705390046,37.11898780539008],[25.26522500539005,37.12464320538993],[25.270163205390077,37.13809780538992],[25.257076905390022,37.13996840538999],[25.26354920538995,37.15219230538992],[25.293617505390046,37.14383220539014],[25.255505805390044,37.07953920538995],[25.277983005389956,37.04958630539005],[25.24541360539007,37.007883205390044],[25.183126005390136,36.975432805390085],[25.117554505390046,36.992392005389945],[25.098214905390023,37.01674330539004],[25.107295005390085,37.06389600539006],[25.15565580539004,37.088401205390085],[25.130433405390022,37.09406000539008],[25.15752590539006,37.12068480539]]],[[[25.29009280539009,37.150716905390084],[25.289262405390105,37.15198950539002],[25.290534205389974,37.152521505389984],[25.29009280539009,37.150716905390084]]],[[[25.29917860539007,37.153416405389976],[25.294068805390054,37.15231550538999],[25.295626805389986,37.15439300538998],[25.29917860539007,37.153416405389976]]],[[[25.28930870539,37.149935005390034],[25.288999505389995,37.14941680538999],[25.288988005390138,37.149930505390046],[25.28930870539,37.149935005390034]]],[[[25.255254005389986,37.13331380539006],[25.253564005389933,37.13223420539009],[25.255036905389943,37.13396140538998],[25.255254005389986,37.13331380539006]]],[[[25.266153705389968,37.12954630539008],[25.261484305389956,37.13180580539],[25.26559990538999,37.13363610539005],[25.266153705389968,37.12954630539008]]],[[[25.22510670538992,37.13023920539001],[25.223990905389996,37.129965505389976],[25.223978905390084,37.130479205389975],[25.22510670538992,37.13023920539001]]],[[[25.24656610539006,37.130459105390116],[25.24566790538995,37.13147390539007],[25.24675580539008,37.13145030539005],[25.24656610539006,37.130459105390116]]],[[[25.227815505390083,37.13105040539],[25.226847205390072,37.13129270538997],[25.22811800539006,37.13182540539003],[25.227815505390083,37.13105040539]]],[[[25.294877605390013,37.14487780539014],[25.294247605390126,37.144355005390025],[25.29424180538996,37.14461190538998],[25.294877605390013,37.14487780539014]]],[[[25.292464005389945,37.12377930539003],[25.287916505389944,37.12628260539003],[25.29304200539002,37.12661340539006],[25.292464005389945,37.12377930539003]]],[[[25.258444805390013,37.01231410539003],[25.257816205390043,37.011791205390125],[25.25780450538997,37.01230490539001],[25.258444805390013,37.01231410539003]]],[[[25.257275505390112,37.00741640539002],[25.25696110539002,37.00715480539003],[25.25695530539008,37.007411705389984],[25.257275505390112,37.00741640539002]]],[[[25.258353105390086,37.00229470539006],[25.25722610539009,37.002534905390064],[25.257607305390025,37.006907405389995],[25.258353105390086,37.00229470539006]]],[[[25.243767105390077,36.99591460539011],[25.23524200538992,36.99065060538993],[25.23552650539,36.9921960053901],[25.243767105390077,36.99591460539011]]],[[[25.21989430538997,36.989650605389954],[25.219260005390083,36.98938430538999],[25.21925410539012,36.98964110539009],[25.21989430538997,36.989650605389954]]],[[[25.08694830539008,37.04739470539005],[25.05920080538999,36.97072440539006],[25.075573705390013,36.94758300539007],[25.071634905390113,36.93878540539009],[25.015398505390067,36.98486580539003],[25.02238150539,37.01195350539007],[25.08694830539008,37.04739470539005]]],[[[25.12428010538997,36.97122420539],[25.11271520539003,36.97283900539003],[25.112997205390116,36.97438490539008],[25.12428010538997,36.97122420539]]],[[[25.075744905389968,36.95349370539009],[25.07512440539,36.95271300538997],[25.075111605389964,36.95322670539002],[25.075744905389968,36.95349370539009]]],[[[25.07222570538994,36.953436705390004],[25.07191880538994,36.95291790539005],[25.071905805389974,36.95343140539006],[25.07222570538994,36.953436705390004]]],[[[24.66911186539278,36.97131335132508],[24.656167505390044,36.98182570539001],[24.67888110539002,36.992217005390046],[24.65348320538999,36.99824210538992],[24.6630446053901,37.00778820539],[24.636220505390042,37.041056905390064],[24.707901205390044,37.02014910538992],[24.765214205389952,36.94935610539005],[24.70285250539007,36.90114280539001],[24.66911186539278,36.97131335132508]]],[[[24.734444205390105,36.903547705390054],[24.723149405390075,36.90692770538993],[24.735281605390128,36.907673505389994],[24.734444205390105,36.903547705390054]]],[[[24.67098690539001,36.96036940539],[24.670690505389985,36.959593005390104],[24.670347105389965,36.96035670539004],[24.67098690539001,36.96036940539]]],[[[25.014765005390075,36.984598205390114],[25.01413170539007,36.984330805390016],[25.01412490539002,36.98458760539012],[25.014765005390075,36.984598205390114]]],[[[25.021251705389943,36.97520250539003],[25.016565405389997,36.97692240539004],[25.02106550538997,36.97622680539007],[25.021251705389943,36.97520250539003]]],[[[24.983923605389975,36.97637240539001],[25.016325405390035,36.97383580538991],[25.03371620539008,36.96359350538995],[24.992315605389933,36.949414605390075],[24.975323705389997,36.96261190539013],[24.983923605389975,36.97637240539001]]],[[[24.96620340538999,36.94447520538995],[24.953319005389915,36.947593205390035],[24.968727605389915,36.957875505390064],[24.96620340538999,36.94447520538995]]],[[[25.095778405390035,37.048602505389965],[25.095150505389938,37.04807860539],[25.095144105389977,37.048335405390105],[25.095778405390035,37.048602505389965]]],[[[25.096842105389953,37.04450950539007],[25.094804305389914,37.04267890538995],[25.095373417048165,37.04442413725758],[25.096842105389953,37.04450950539007]]],[[[25.09803970539008,36.99649390539008],[25.09613820538999,36.99569290539006],[25.096439105390004,36.9964682053901],[25.09803970539008,36.99649390539008]]],[[[25.098756605390065,36.993423005390014],[25.097789905390016,36.993664405390064],[25.099063905389926,36.99394160538992],[25.098756605390065,36.993423005390014]]],[[[25.10206620539003,36.98910910539013],[25.100779505389937,36.98934530538992],[25.10269370539004,36.9896328053901],[25.10206620539003,36.98910910539013]]],[[[25.11302970538992,36.979522805390104],[25.106999705390024,36.97737180539008],[25.107679505390138,36.98226310538996],[25.11302970538992,36.979522805390104]]],[[[25.117715405390015,36.97779910538992],[25.113881205390044,36.97748120539012],[25.11417580539012,36.97851360539005],[25.117715405390015,36.97779910538992]]],[[[25.08032550539008,37.05180560538997],[25.082552005389914,37.05719670538997],[25.08857320539005,37.050276505390116],[25.08032550539008,37.05180560538997]]],[[[25.086240305390106,37.05833790539009],[25.08355140539004,37.063303905390114],[25.091894605390053,37.06292470539],[25.086240305390106,37.05833790539009]]],[[[25.09342680538998,37.052931605390086],[25.092004005390038,37.05213790539011],[25.09181860538996,37.05316250538999],[25.09342680538998,37.052931605390086]]],[[[25.094783805390023,37.075557705390054],[25.094149405390112,37.07529060538997],[25.094123705390075,37.07631780539003],[25.094783805390023,37.075557705390054]]],[[[25.09348280539001,37.07630740539008],[25.093162205389945,37.076302305390016],[25.09379030539003,37.07682610539001],[25.09348280539001,37.07630740539008]]],[[[25.09376460539005,37.07785330539008],[25.093136505390135,37.07732940539012],[25.093123705389928,37.07784290539013],[25.09376460539005,37.07785330539008]]],[[[25.307300405390095,36.7925681053901],[25.30711170539007,36.79263810538998],[25.30719030539001,36.79266470539005],[25.307300405390095,36.7925681053901]]],[[[25.284973205389974,36.78968220539002],[25.28415010539004,36.78979420539008],[25.284996505389927,36.79001180538995],[25.284973205389974,36.78968220539002]]],[[[25.25605960539002,36.746668805390016],[25.255263405390053,36.74642680539006],[25.255433605390124,36.74702520539],[25.25605960539002,36.746668805390016]]],[[[25.256931905390104,36.73761790539004],[25.25673620539004,36.73763750539007],[25.25684450538995,36.737746705390066],[25.256931905390104,36.73761790539004]]],[[[25.255153905390046,36.73641630538992],[25.254781105390123,36.73681460539001],[25.255588805389948,36.73655320539007],[25.255153905390046,36.73641630538992]]],[[[25.245641205390086,36.72083470539002],[25.24485700539003,36.72058590539001],[25.245771505389996,36.72123010539002],[25.245641205390086,36.72083470539002]]],[[[25.059448405390015,36.635983905390106],[25.099091505390106,36.69596370539006],[25.13756640538992,36.71429700538994],[25.18370380538994,36.71295510538994],[25.131070005389915,36.65973540538994],[25.059448405390015,36.635983905390106]]],[[[25.255802305390034,36.71691170538992],[25.255634605390014,36.71669050538992],[25.255536805390136,36.71678010539006],[25.255802305390034,36.71691170538992]]],[[[25.170636505390007,36.69081070539005],[25.17005730539006,36.69080250539008],[25.170559605390054,36.69105730539002],[25.170636505390007,36.69081070539005]]],[[[25.31113260539007,36.68423170538995],[25.309777005390004,36.68378910539013],[25.309923805390042,36.68434940538992],[25.31113260539007,36.68423170538995]]],[[[25.056957405389994,36.633631505389985],[25.053936605389993,36.63332510539004],[25.05152170539003,36.63431320539007],[25.056957405389994,36.633631505389985]]],[[[25.009113505389962,36.62256590538993],[25.019264205390016,36.636863705390056],[25.030494005389926,36.63396730539006],[25.021110105389937,36.62700400538995],[25.009113505389962,36.62256590538993]]],[[[24.861669105390035,36.6663129053901],[24.961294605390094,36.601935605390054],[24.952254605389953,36.59745520539008],[24.948528505390016,36.593794805390075],[24.949677605390093,36.59253020539006],[24.91097000538997,36.598536605389995],[24.894291205390005,36.630810905390035],[24.860366405390096,36.631289205389976],[24.859594305389976,36.636155905390126],[24.837285105390094,36.65887150539004],[24.861669105390035,36.6663129053901]]],[[[24.989926205390134,36.61641560538999],[24.990616005389995,36.61649340539003],[24.99104920539014,36.61582540539001],[24.989926205390134,36.61641560538999]]],[[[24.99079030539002,36.61571370539002],[24.989541905390126,36.61380560539004],[24.988966205390113,36.61324740539004],[24.99079030539002,36.61571370539002]]],[[[24.986112905389916,36.61071660539005],[24.987842205389995,36.61310770539001],[24.988523405390026,36.61233760539005],[24.986112905389916,36.61071660539005]]],[[[24.957856105389965,36.609713005390006],[24.95664740538996,36.60798220538993],[24.956213305390122,36.60847590538992],[24.957856105389965,36.609713005390006]]],[[[24.950273705390032,36.59408170539001],[24.94996880539003,36.59356270539007],[24.949955205389927,36.59407620539008],[24.950273705390032,36.59408170539001]]],[[[24.907979305389972,36.603108005390084],[24.907667805389963,36.60284560539003],[24.907660805389924,36.60310230538994],[24.907979305389972,36.603108005390084]]],[[[24.858029805390004,36.635100405390006],[24.857399805390116,36.63483220539001],[24.85737850538993,36.63560240538999],[24.858029805390004,36.635100405390006]]],[[[25.047519905390004,36.634085605390055],[25.049303205389947,36.633399205389935],[25.047258905390095,36.633946005390044],[25.047519905390004,36.634085605390055]]],[[[25.085075005390138,36.684720005390034],[25.085879805389936,36.68500410539008],[25.085941305390065,36.68391890538999],[25.085075005390138,36.684720005390034]]]]}},{"type":"Feature","properties":{"Id":588,"Name":"Karia","Diocese":"Asiane"},"geometry":{"type":"GeometryCollection","geometries":[{"type":"MultiPolygon","coordinates":[[[[27.403820200000034,36.7423609],[27.410542561233314,36.74021394682099],[27.414049,36.73760850000003],[27.403820200000034,36.7423609]]],[[[27.468375600000044,36.76899370000003],[27.46919760000004,36.7696909],[27.469717300000028,36.7686839],[27.468375600000044,36.76899370000003]]],[[[27.4623563,36.77118220000005],[27.460130099999986,36.7752236],[27.4648356,36.771086699999984],[27.4623563,36.77118220000005]]],[[[27.4589294,36.77486750000008],[27.4590725,36.77488289999999],[27.459006700000042,36.77478069999999],[27.4589294,36.77486750000008]]],[[[27.45833760000002,36.77498829999998],[27.458933200000043,36.77521759999998],[27.4587785,36.77484579999999],[27.45833760000002,36.77498829999998]]],[[[27.305022399999984,36.95055690000007],[27.3061349,36.95183520000002],[27.3062224,36.95120840000002],[27.305022399999984,36.95055690000007]]],[[[27.460406,36.9633302000001],[27.43213640000001,36.99577749999998],[27.492866800000037,36.96755150000003],[27.460406,36.9633302000001]]],[[[27.2330412,36.981592900000024],[27.2327168,36.981433400000014],[27.232783400000066,36.9821777],[27.2330412,36.981592900000024]]],[[[27.230315600000015,36.9829621],[27.231567,36.98674490000002],[27.232688700000047,36.983206700000025],[27.230315600000015,36.9829621]]],[[[27.211251,36.98588],[27.210289,36.985367],[27.21029,36.985881],[27.211251,36.98588]]],[[[27.2238435,36.991611],[27.224499800000043,36.9915004],[27.224717,36.990993],[27.2238435,36.991611]]],[[[27.38705331393938,37.00073393385862],[27.37902730000004,36.994899500000066],[27.383946576547295,37.00197036152816],[27.38705331393938,37.00073393385862]]],[[[27.205836,36.99655],[27.2052,36.998222],[27.206636,36.996678],[27.205836,36.99655]]],[[[27.3844642,37.0039402],[27.3833397,37.00323640000005],[27.38262850000001,37.00407130000007],[27.3844642,37.0039402]]],[[[27.216431,37.005652],[27.223984,37.008338800000054],[27.207759,36.996933],[27.216431,37.005652]]],[[[27.212268,37.005917],[27.210824,37.005149],[27.210666,37.00592],[27.212268,37.005917]]],[[[27.3600272,37.010363600000055],[27.359161800000038,37.00639680000004],[27.356366,37.009254],[27.3600272,37.010363600000055]]],[[[27.24223230000004,37.030172],[27.241549740776932,37.02920340359129],[27.241461600000036,37.02926910000003],[27.24223230000004,37.030172]]],[[[27.203406,37.046395],[27.200532,37.050383],[27.204379,37.050633],[27.203406,37.046395]]],[[[27.233137923832135,37.05255363586258],[27.232841689715432,37.05328837289318],[27.233733246921783,37.05338740586577],[27.233137923832135,37.05255363586258]]],[[[27.209593,37.081838],[27.208332,37.089419],[27.214103,37.089152],[27.209593,37.081838]]],[[[27.252593,37.08723659999997],[27.2526751,37.08732530000008],[27.25270250000002,37.087231500000016],[27.252593,37.08723659999997]]],[[[27.236222,37.086412],[27.236876,37.090393],[27.241358,37.088072],[27.236222,37.086412]]],[[[27.2508009,37.08908240000009],[27.2513508,37.088919699999984],[27.251385600000035,37.088755699999986],[27.2508009,37.08908240000009]]],[[[27.29703909999999,37.12779040000004],[27.298328800000043,37.12825820000001],[27.297020800000034,37.12763990000008],[27.29703909999999,37.12779040000004]]],[[[27.25754,37.131712],[27.256418,37.132228],[27.256261,37.133256],[27.25754,37.131712]]],[[[27.284698600000027,37.13352890000007],[27.284331900000016,37.133509],[27.284606900000018,37.13378810000006],[27.284698600000027,37.13352890000007]]],[[[27.38464460000002,37.1355906],[27.384868435849697,37.134292670634274],[27.383884,37.1346115],[27.38464460000002,37.1355906]]],[[[27.385552900000015,37.137097399999966],[27.389884113242957,37.14029481769217],[27.39436814254076,37.139515361735356],[27.385552900000015,37.137097399999966]]],[[[27.27985185050289,37.14318408859636],[27.27832170559474,37.142483306890654],[27.278381125526693,37.142985382634194],[27.27985185050289,37.14318408859636]]],[[[27.384657633264297,37.15582723499061],[27.38357930000002,37.156047800000046],[27.383765,37.156547],[27.384657633264297,37.15582723499061]]],[[[27.3649125,37.17400749999998],[27.377883500000024,37.166846500000055],[27.3789734,37.16419109999997],[27.368861,37.162062599999985],[27.3649125,37.17400749999998]]],[[[27.35499710097623,37.17654641599982],[27.3597252,37.17431359999997],[27.354379567862708,37.172868127583314],[27.35499710097623,37.17654641599982]]],[[[27.365975960136392,37.28420575386817],[27.368684460136432,37.282578555912494],[27.363350560136336,37.280689458285906],[27.365975960136392,37.28420575386817]]],[[[27.3323781601363,37.32275350541315],[27.326944160136478,37.330732495378214],[27.333696160136483,37.329942496371885],[27.3323781601363,37.32275350541315]]],[[[27.39962818838447,37.410049398190786],[27.399694738708238,37.41109151686204],[27.400179605352534,37.410170224286915],[27.39962818838447,37.410049398190786]]],[[[27.411491731207494,37.411508142499635],[27.40813494740693,37.411234054671],[27.411426610063415,37.41333428830508],[27.411491731207494,37.411508142499635]]],[[[27.21569248074453,37.42023719883978],[27.216969634146533,37.4194377366173],[27.215410722092738,37.419859821471015],[27.21569248074453,37.42023719883978]]],[[[27.74768,36.559675],[27.74706300000014,36.561734],[27.748962,36.560566],[27.74768,36.559675]]],[[[27.746496,36.56906],[27.749042,36.568787],[27.746479,36.567262],[27.746496,36.56906]]],[[[27.751943,36.572366],[27.755474,36.57517],[27.750654,36.570833],[27.751943,36.572366]]],[[[27.759655,36.579254],[27.764787,36.582818],[27.765085,36.580761],[27.759655,36.579254]]],[[[27.877815,36.577158],[27.877168,36.54813],[27.828994,36.53948300000013],[27.847401,36.563247],[27.796148,36.565527],[27.814704,36.588653],[27.768608,36.582665],[27.766706,36.583576],[27.771548,36.589968],[27.774369,36.601255],[27.765314,36.603882],[27.785377,36.602724],[27.793591,36.62682],[27.82531,36.642148],[27.837731,36.640905],[27.815695,36.622303],[27.8365648,36.6155325],[27.873011,36.631403],[27.855779,36.615342],[27.878907,36.617229],[27.877937,36.587948],[27.859551,36.581915],[27.877815,36.577158]]],[[[27.770598,36.590488],[27.771232,36.590227],[27.770595,36.590231],[27.770598,36.590488]]],[[[27.762427900000013,36.60123620000003],[27.7629979,36.601102100000084],[27.762831,36.60090110000007],[27.762427900000013,36.60123620000003]]],[[[27.7760878,36.6078898],[27.7764018,36.6086046],[27.7766102,36.6078536],[27.7760878,36.6078898]]],[[[27.791712,36.630173],[27.793327,36.632217],[27.793778,36.629645],[27.791712,36.630173]]],[[[27.809408,36.645854],[27.81166,36.647766],[27.812276,36.645706],[27.809408,36.645854]]],[[[27.821898,36.651036],[27.816497,36.652871],[27.820355,36.655928],[27.821898,36.651036]]],[[[27.507878800000036,36.65951820000003],[27.511410300000026,36.65759870000002],[27.5096076,36.65464390000003],[27.507878800000036,36.65951820000003]]],[[[27.696449600000047,36.71834230000001],[27.696012700000026,36.718194199999985],[27.696088300000042,36.71842320000006],[27.696449600000047,36.71834230000001]]],[[[27.69129077089277,36.723478609729355],[27.690145184023656,36.722189180975555],[27.689859968350536,36.723355098177436],[27.69129077089277,36.723478609729355]]],[[[27.713496100000082,36.72533459999996],[27.71390780000002,36.7260551],[27.7141934,36.726034900000045],[27.713496100000082,36.72533459999996]]],[[[27.759119,36.751907],[27.764883,36.753669],[27.759111,36.751136],[27.759119,36.751907]]],[[[27.7902586,36.7518644],[27.791331,36.7532301],[27.7917714,36.7530594],[27.7902586,36.7518644]]],[[[27.773199,36.755156],[27.776397,36.755649],[27.773807,36.752069],[27.773199,36.755156]]],[[[27.7920839,36.7548177],[27.7917075,36.7539471],[27.7912245,36.7540836],[27.7920839,36.7548177]]],[[[27.786281,36.7543],[27.785323,36.754306],[27.786287,36.754814],[27.786281,36.7543]]],[[[27.806158,36.7601978],[27.8069088,36.75911],[27.80516,36.7583428],[27.806158,36.7601978]]],[[[27.481691200000014,36.957149],[27.4815261,36.957545],[27.4820216,36.95750620000005],[27.481691200000014,36.957149]]],[[[27.59560770000004,36.97029060000005],[27.5895573,36.98010740000003],[27.602401600000025,36.96700810000003],[27.59560770000004,36.97029060000005]]],[[[27.579612299999987,36.977201],[27.57873130000003,36.97870640000003],[27.5817911,36.97850350000003],[27.579612299999987,36.977201]]],[[[27.656022,36.979502],[27.656331,36.978215],[27.654745794552447,36.97999640171367],[27.656022,36.979502]]],[[[27.58256550000005,36.9838535],[27.58231590000001,36.98424550000007],[27.5827568,36.9841392],[27.58256550000005,36.9838535]]],[[[27.487920860824854,37.09774493600476],[27.4895708542555,37.09689174601891],[27.487377,37.097079],[27.487920860824854,37.09774493600476]]],[[[27.475038500000025,37.1215348],[27.468888600000017,37.119534800000054],[27.4747973,37.123823],[27.475038500000025,37.1215348]]],[[[27.532498700000037,37.12507110000003],[27.5321126,37.12425640000005],[27.53171490000001,37.125141200000066],[27.532498700000037,37.12507110000003]]],[[[27.48021340000003,37.12496989999997],[27.47803840000004,37.12885],[27.4815717,37.130524299999976],[27.48021340000003,37.12496989999997]]],[[[27.494897500000018,37.15719180000002],[27.53257070000005,37.16526289999999],[27.53664630000003,37.16130370000005],[27.528524300000015,37.141465],[27.490068,37.141512],[27.494897500000018,37.15719180000002]]],[[[27.538938814357678,37.16705032115324],[27.538332312401003,37.1675843514705],[27.53937852185372,37.16732495300644],[27.538938814357678,37.16705032115324]]],[[[27.52126377272126,37.197078607062025],[27.520769,37.196229],[27.52024701997071,37.19691975945407],[27.52126377272126,37.197078607062025]]],[[[27.551562578890728,37.19866004648322],[27.550564324034738,37.20211510074672],[27.551685128546563,37.19986272353911],[27.551562578890728,37.19866004648322]]],[[[27.53914638558569,37.2484276570847],[27.538754214035116,37.24747220371727],[27.53855218626662,37.24807764092058],[27.53914638558569,37.2484276570847]]],[[[27.563865077257745,37.24557072087194],[27.548891254417985,37.25083988643288],[27.547512726836022,37.253082027811494],[27.563865077257745,37.24557072087194]]],[[[27.561179,37.254232],[27.559091,37.254242],[27.559020372143184,37.255367731936815],[27.561179,37.254232]]],[[[27.50947207159283,37.27360563441584],[27.508473816736835,37.273180081148695],[27.50950772355198,37.273879878580004],[27.50947207159283,37.27360563441584]]],[[[27.870096,36.513755],[27.867271,36.51724300000012],[27.872193,36.516309],[27.870096,36.513755]]],[[[27.869471299999987,36.519901199999936],[27.870382500000062,36.5205393],[27.870738900000106,36.519954100000064],[27.869471299999987,36.519901199999936]]],[[[27.875591,36.521165],[27.876233,36.521674],[27.87623,36.521417],[27.875591,36.521165]]],[[[27.870054,36.52196210000011],[27.869929700000114,36.52199220000011],[27.870131100000037,36.52196470000001],[27.870054,36.52196210000011]]],[[[27.848857,36.521615],[27.849832,36.523407000000134],[27.850607,36.521603],[27.848857,36.521615]]],[[[27.853006000000107,36.522613],[27.868917,36.522113],[27.860901,36.516904000000125],[27.853006000000107,36.522613]]],[[[28.03603570000007,36.558797800000036],[28.035429900000054,36.5548907000001],[28.035091400000113,36.559119800000076],[28.03603570000007,36.558797800000036]]],[[[28.0380282000001,36.56176770000013],[28.0373432,36.5632349],[28.040856,36.5631644],[28.0380282000001,36.56176770000013]]],[[[28.040767,36.566597],[28.041733,36.56736],[28.041726,36.566846],[28.040767,36.566597]]],[[[27.9751697,36.6114929],[27.9752678,36.6118728],[27.9760058,36.6116028],[27.9751697,36.6114929]]],[[[27.99773,36.612954],[27.996445,36.612194],[27.996452,36.612707],[27.99773,36.612954]]],[[[28.0264389,36.6140609],[28.0263922,36.6135094],[28.0262663,36.6135585],[28.0264389,36.6140609]]],[[[28.050105,36.62111],[28.050098,36.620596],[28.049473,36.621501],[28.050105,36.62111]]],[[[27.8744915,36.6211727],[27.8741829,36.6212227],[27.8746232,36.6212357],[27.8744915,36.6211727]]],[[[27.8727751,36.6240175],[27.8725255,36.6253085],[27.8731966,36.6251795],[27.8727751,36.6240175]]],[[[27.8661011,36.6509789],[27.8666774,36.6512434],[27.8671723,36.6512675],[27.8661011,36.6509789]]],[[[27.8315944,36.6473513],[27.8600617,36.6680645],[27.866396,36.652776],[27.8520049,36.6461569],[27.8315944,36.6473513]]],[[[28.045951,36.655702],[28.027839,36.660484],[28.036101,36.670175],[28.045951,36.655702]]],[[[28.011984,36.667299],[28.014101,36.670621],[28.014047,36.666511],[28.011984,36.667299]]],[[[28.040069,36.668856],[28.042194,36.672691],[28.041825,36.668968],[28.040069,36.668856]]],[[[28.0438348,36.6837498],[28.044238,36.682307],[28.0428488,36.6823921],[28.0438348,36.6837498]]],[[[27.987715,36.702186],[27.989482,36.7032],[27.989624,36.701785],[27.987715,36.702186]]],[[[27.994819,36.708807],[27.998023,36.709808],[27.99576,36.707515],[27.994819,36.708807]]],[[[28.003806,36.712842],[28.000386,36.719808],[28.005089,36.713345],[28.003806,36.712842]]],[[[28.013265,36.716359],[28.01704,36.724291],[28.027892,36.724326],[28.028875,36.726244],[28.033658,36.725946],[28.013265,36.716359]]],[[[27.9130173,36.7486926],[27.9128571,36.7485142],[27.9128897,36.7487615],[27.9130173,36.7486926]]],[[[27.9127197,36.7500465],[27.9129516,36.7499982],[27.9127244,36.7499648],[27.9127197,36.7500465]]],[[[27.9127846,36.7507933],[27.9135869,36.751425],[27.9130165,36.7507004],[27.9127846,36.7507933]]],[[[27.9110932,36.7517139],[27.9110386,36.7517881],[27.9111217,36.75175],[27.9110932,36.7517139]]],[[[27.958745,36.758687],[27.957468,36.758697],[27.958754,36.759458],[27.958745,36.758687]]],[[[28.0366148,36.7604146],[28.0340885,36.7606455],[28.03369,36.7618443],[28.0366148,36.7604146]]],[[[28.014727514194426,36.79799139386901],[28.014311574671083,36.79840058637727],[28.014466066494013,36.798514779245224],[28.014727514194426,36.79799139386901]]],[[[27.8259258,36.813808899999984],[27.82611380000003,36.81362820000001],[27.826261600000038,36.813492699999976],[27.825968800000016,36.813583100000024],[27.8259258,36.813808899999984]]],[[[28.02554073539631,36.868844680829625],[28.019456134369324,36.86667698108491],[28.018327155663112,36.86820768772447],[28.02554073539631,36.868844680829625]]],[[[28.03378822194455,36.870185201208784],[28.0370475346745,36.870238569603416],[28.032076927905752,36.86806507660021],[28.03378822194455,36.870185201208784]]],[[[28.042107012411098,36.87283765093501],[28.04207107928826,36.87642024041624],[28.045330465978505,36.8760014603565],[28.042107012411098,36.87283765093501]]],[[[28.04918986829404,36.87803770621766],[28.050021747340722,36.87806622474033],[28.048179729451732,36.87733424595478],[28.04918986829404,36.87803770621766]]],[[[28.034216045454276,36.885404637252655],[28.034691404909502,36.88301877998558],[28.033880245795718,36.88502476312279],[28.034216045454276,36.885404637252655]]],[[[28.122775,36.599252],[28.128778000000125,36.595727],[28.122427,36.5972],[28.122775,36.599252]]],[[[28.053507,36.613501],[28.056452,36.619127],[28.057373,36.61655],[28.053507,36.613501]]],[[[28.053491,36.624035],[28.052244,36.626101],[28.053052,36.626865],[28.053491,36.624035]]],[[[28.060514,36.636432],[28.060576,36.640928],[28.068966,36.648304],[28.060514,36.636432]]],[[[28.056826,36.646485],[28.050494,36.649753],[28.060518,36.648379],[28.056826,36.646485]]],[[[28.145536,36.651702],[28.14743,36.6504],[28.145995,36.650414],[28.145536,36.651702]]],[[[28.065529,36.653344],[28.064581,36.653995],[28.065693,36.653728],[28.065529,36.653344]]],[[[28.0975291,36.7075742],[28.0972438,36.7074742],[28.0972379,36.7076886],[28.0975291,36.7075742]]],[[[28.24324669999993,36.71271050000013],[28.248152500000117,36.714433900000074],[28.24865570000003,36.7140614],[28.24324669999993,36.71271050000013]]],[[[28.060281,36.7270643],[28.0461036,36.7342213],[28.064656,36.7346393],[28.060281,36.7270643]]],[[[28.0806023,36.7475875],[28.0813966,36.7459742],[28.0805612,36.7457438],[28.0806023,36.7475875]]],[[[28.0574244,36.7616632],[28.0574182,36.7594231],[28.0560917,36.7605699],[28.0574244,36.7616632]]],[[[28.1239379,36.7629018],[28.1259884,36.7605945],[28.1234733,36.7626838],[28.1239379,36.7629018]]],[[[28.273657400000104,36.76368409999992],[28.2735189,36.76422910000008],[28.273819900000035,36.76429180000014],[28.273657400000104,36.76368409999992]]],[[[28.441594899999927,36.770918],[28.436435,36.77765340000008],[28.442851599999983,36.77931360000014],[28.441594899999927,36.770918]]],[[[28.2587461,36.79909290000012],[28.2597998,36.79794830000009],[28.2580656,36.799146],[28.2587461,36.79909290000012]]],[[[28.2498468,36.79955710000013],[28.2511374,36.799507100000085],[28.249499700000058,36.799109300000055],[28.2498468,36.79955710000013]]],[[[28.121173,36.8018876],[28.1225559,36.8021346],[28.1214429,36.8018066],[28.121173,36.8018876]]],[[[28.1227003,36.8025826],[28.1220835,36.8022585],[28.1227119,36.802669],[28.1227003,36.8025826]]],[[[28.1200037,36.8029998],[28.1200712,36.8023285],[28.1196809,36.8028339],[28.1200037,36.8029998]]],[[[28.120538,36.8023727],[28.1207654,36.8046814],[28.1215633,36.8031073],[28.1208425,36.8046938],[28.12144,36.8040888],[28.1229327,36.8039044],[28.120538,36.8023727]]],[[[28.1247638,36.8052192],[28.1231933,36.8036767],[28.1211333,36.8020825],[28.1247638,36.8052192]]],[[[28.258865699999944,36.81014579999999],[28.25820740000006,36.799339700000075],[28.243673800000124,36.80856759999995],[28.258865699999944,36.81014579999999]]],[[[28.057039200000027,36.80736150000005],[28.055878522449664,36.806783290987006],[28.055479543656233,36.807020511862774],[28.057039200000027,36.80736150000005]]],[[[28.285334,36.819343900000035],[28.283155400000112,36.821152],[28.288662400000135,36.8202955000001],[28.285334,36.819343900000035]]],[[[28.384923800000024,36.8411777],[28.386169,36.841821],[28.38616400000012,36.841564],[28.384923800000024,36.8411777]]],[[[28.444781200000136,36.86240660000004],[28.444907500000113,36.865217],[28.446176,36.862942],[28.444781200000136,36.86240660000004]]],[[[28.131486473981134,36.93363808419137],[28.13183132516414,36.93416986806266],[28.132018675732926,36.93369721163641],[28.131486473981134,36.93363808419137]]],[[[28.156145745721272,36.93733320317565],[28.155836762075356,36.93335310613449],[28.153607,36.935248],[28.156145745721272,36.93733320317565]]],[[[28.154274687870796,36.943993284485124],[28.15430372783225,36.945530218255],[28.15663031911126,36.9447445029277],[28.154274687870796,36.943993284485124]]],[[[28.200549,36.959445],[28.189839,36.960324],[28.199173,36.963569],[28.200549,36.959445]]],[[[28.205574600000038,36.995960400000044],[28.204835600000024,36.99063990000001],[28.2007719,36.991331400000036],[28.205574600000038,36.995960400000044]]],[[[28.210666200000016,36.996849500000046],[28.210966500000037,36.99740030000005],[28.211187,36.99694460000006],[28.210666200000016,36.996849500000046]]],[[[28.209530700000037,36.998949600000024],[28.205703300000014,36.99762590000005],[28.205025300000013,36.9989448],[28.209530700000037,36.998949600000024]]],[[[28.2387215,37.001613699999986],[28.241322400000048,37.0031302],[28.242284100000017,37.001645],[28.2387215,37.001613699999986]]],[[[28.583819,36.816873],[28.549909,36.830678],[28.54887439999999,36.81446969999996],[28.528449900000112,36.806598300000076],[28.540086,36.78700600000013],[28.517357000000118,36.800528],[28.50216300000011,36.791344],[28.48893,36.800759],[28.499177,36.818356],[28.463581,36.811607],[28.451671,36.823827],[28.451377500000035,36.847258500000066],[28.46966570000012,36.8618995],[28.44684180000013,36.88046090000012],[28.432865100000072,36.85889950000012],[28.407808,36.854025],[28.403573000000108,36.867177],[28.378916000000117,36.84730000000013],[28.387404100000083,36.83394620000013],[28.42680036837794,36.83551931854208],[28.406272000000115,36.787636],[28.310332700168658,36.81771095648202],[28.3014088,36.80330220000002],[28.313454700000136,36.794672500000104],[28.285888500000112,36.79100740000007],[28.26590170000003,36.8139857000001],[28.315781900000104,36.826396800000055],[28.268465400000025,36.85257560000002],[28.23319170000002,36.80453030000007],[28.25636689999999,36.791557],[28.248729,36.772953],[28.26781560000012,36.7659157],[28.26884649999994,36.747726399999976],[28.292795200000114,36.7484141],[28.303485700000067,36.730407499999956],[28.2900733,36.7201607],[28.276636,36.73666650000001],[28.256209100000092,36.73185170000011],[28.225195,36.688675],[28.163242,36.684159],[28.16329,36.666174000000126],[28.143627,36.651978],[28.095495,36.585376],[28.066002,36.595149],[28.034985,36.562922],[28.0100796,36.5765095],[28.0183124,36.5653487],[27.978963299999975,36.55358849999999],[27.963394,36.606813],[28.064544,36.604925],[28.095552,36.64575],[28.0819,36.661161],[28.054382,36.654343],[28.07301,36.6755],[28.0481185,36.6747442],[28.0415491,36.6936544],[28.024594,36.668219],[27.964195,36.683881],[28.017467,36.70823],[28.04388,36.702992],[28.0623307,36.7232885],[28.097349,36.7269893],[28.0852882,36.7180349],[28.0977107,36.7049156],[28.1135805,36.7279539],[28.1287865,36.7248953],[28.084389,36.747589],[28.1125327,36.7747211],[28.1314985,36.7530228],[28.128309,36.8053544],[28.1254059,36.8024656],[28.1254765,36.8060609],[28.102418,36.802786],[28.090479,36.794418],[28.080594,36.795665],[28.078233,36.775391],[28.0508387,36.7596376],[28.0392634,36.7729505],[28.0445449,36.7828991],[28.0492959,36.7838676],[28.050583,36.7864484],[28.050377,36.7872894],[28.0413153,36.7830015],[28.031006,36.766304],[28.015905,36.75924],[27.965029,36.750543],[27.967859,36.759898],[27.955263,36.761155],[27.930453,36.742598],[27.919428,36.755015],[27.8941804,36.7563704],[27.897875,36.741178],[27.8760369,36.7576619],[27.858299,36.741855],[27.8065,36.764312],[27.72534079808905,36.76067795217245],[27.68650710000005,36.72562310000007],[27.696085294617582,36.71148114319062],[27.6756889,36.70075780000004],[27.678775086585734,36.657712189378046],[27.57397360000005,36.68514240000006],[27.5605065,36.672253199999986],[27.516258695299793,36.678061834804936],[27.477161400000014,36.647346299999974],[27.468306299999988,36.66174469999998],[27.40509769999999,36.662786399999966],[27.402223700000018,36.680413700000045],[27.36344019984944,36.6847286293693],[27.36338870000003,36.7099966],[27.39648460000003,36.7006565],[27.421975,36.71385432186728],[27.42792478827743,36.74852232336261],[27.449049762467947,36.745673206455855],[27.464898246705427,36.76273585543321],[27.5036576,36.749447500000066],[27.609112798234076,36.76364981881526],[27.640881070627273,36.81119864375716],[27.69727058600411,36.78567653151719],[27.771939,36.788691],[27.8166,36.813314],[28.032349356904234,36.78715502306383],[28.060063,36.800988],[28.06441446358129,36.82432767170353],[28.016985471606755,36.82762840305077],[28.002526,36.835142],[28.028053221087497,36.83708517066706],[28.03228016207882,36.83899493260716],[27.9999188607593,36.85308942718775],[28.059074,36.868306],[28.046242639671604,36.869709842063884],[28.059766616173015,36.884235481452954],[28.014833263667207,36.9056576569676],[28.035403578612826,36.90632845024631],[28.044047666264873,36.91061943466384],[28.020986,36.925416],[28.072256685859188,36.92837531756819],[28.042641791798278,36.93485397859514],[28.073884791993397,36.94258585314479],[28.09249511466567,36.93053176588211],[28.123868838711044,36.93809310260676],[28.170881888833453,36.907615195668214],[28.160578472641276,36.93350509456404],[28.171112,36.939444],[28.15809471948775,36.94496984785619],[28.202340000501547,36.94876514374538],[28.200817650526663,36.96916649589761],[28.21612422498518,36.97766388628937],[28.19668202326616,36.98260997496943],[28.22056,36.999702],[28.260439610199185,36.984242778182036],[28.245223096879094,37.0032455187501],[28.326713,37.02605],[28.328332100000043,37.0503716],[28.163675266543475,37.02906262576788],[28.10147114359726,37.03483534152402],[28.11556042513561,37.01605663655028],[28.098774269420204,37.01212392793374],[28.088382,37.029375],[27.977682420118374,37.032173345199496],[27.946712751610022,37.01626205366886],[27.893032785127943,37.028644115576256],[27.798293831262722,36.99499502662323],[27.78795590000003,37.00616290000005],[27.75850605929739,36.99021993294468],[27.75637350085563,37.0009218327142],[27.68539577508267,37.003773578381534],[27.64825831764265,36.998449220067265],[27.637848486384303,36.977949566493464],[27.585190001919763,36.99538351129632],[27.56146420000003,36.98861280000003],[27.575601100000046,36.98420120000004],[27.565366,36.97483],[27.518247506636687,36.99513673060238],[27.482429171685023,36.98642296050365],[27.42423170000004,37.036170300000016],[27.41181130000005,37.01701560000002],[27.395842446914465,37.02929874313643],[27.376063543928144,36.998829490075664],[27.381947,37.02662140000003],[27.332346307681888,37.01543651112391],[27.340344230516198,36.99819295812377],[27.3002120085082,36.97291369465419],[27.303372900000017,36.957167800000015],[27.2637715410245,36.96451673648986],[27.24918217098906,37.03177489200306],[27.2300973918269,37.040253698643426],[27.236908542179496,37.05171083632492],[27.225491200000025,37.058444],[27.239418,37.083195],[27.251631198526884,37.0815546118837],[27.29315529999998,37.1116337],[27.25447054492848,37.11190724721176],[27.253080118521982,37.12879335405257],[27.264049037951402,37.12033181959321],[27.27338985124674,37.140437076940245],[27.289589,37.121876],[27.3130025,37.11572460000002],[27.32284624896909,37.15899764005766],[27.343582224877263,37.15054022413892],[27.347108595564222,37.13048049427934],[27.36608761891405,37.15641309324674],[27.39004005388961,37.14458971214132],[27.376089181852127,37.13273653550239],[27.38647,37.120572],[27.43006961512322,37.128336190054476],[27.457368212608024,37.08250120228305],[27.47268826480921,37.08124204288028],[27.490727,37.094496],[27.488491292171187,37.1008539050614],[27.53136886623934,37.11838562960502],[27.537239404305232,37.12847831387298],[27.58103189411844,37.13565048262047],[27.572213976223896,37.13953472878597],[27.55670162555533,37.133675799311156],[27.549693822032282,37.13599154636766],[27.562825626983056,37.1532795688891],[27.542936,37.152585],[27.546375,37.184425],[27.525973385216215,37.1942150995783],[27.55453622870611,37.19307138484036],[27.570446233249797,37.2113151862217],[27.593351062289045,37.193811269540284],[27.575423246746084,37.17773702547686],[27.615561648426986,37.18744501822544],[27.575360715370444,37.215084972704965],[27.612199,37.258660200000065],[27.640090412389476,37.2552047460206],[27.59473650481206,37.28762658421079],[27.58076357679374,37.27128583068531],[27.55637,37.277632],[27.540584347937788,37.25436822398785],[27.55187318245053,37.244755919017386],[27.533953083537305,37.25077366940327],[27.52274922905668,37.22710599036195],[27.504976508358823,37.22926437312658],[27.498182284531044,37.23780346934046],[27.522375722168974,37.25077148002667],[27.514154556979722,37.251199104748295],[27.519075,37.277031],[27.4759829979717,37.269889054653],[27.47636328553585,37.25554114679245],[27.45706369165344,37.25093448208869],[27.497908939262768,37.321393335477225],[27.47374880853207,37.34568797446925],[27.47073027599136,37.32024114169996],[27.443159427587872,37.30300081209529],[27.388433670304266,37.322906234510235],[27.382741240827823,37.35613634879127],[27.4326855,37.3831805],[27.416227740561226,37.41604515808442],[27.376297546321624,37.405299267865644],[27.359665002869452,37.37289916789963],[27.318322707161414,37.369372796361375],[27.330071260136382,37.34294658001317],[27.283982740115334,37.35657228838835],[27.249816560136434,37.33644698819014],[27.21315910133034,37.34717775572148],[27.222234240113252,37.3552766017173],[27.191825960136416,37.353878666257344],[27.212120967703182,37.376792515992584],[27.20923906013636,37.39815531050889],[27.23033625333779,37.40581529320089],[27.218465160136443,37.419868383149286],[27.22098008281717,37.50478057247242],[27.27456400868293,37.53261752151945],[27.23300913529397,37.582810316181906],[27.369979135293363,37.581920316182504],[27.38317913529471,37.56794031618307],[27.467542731593028,37.62332712978366],[27.49228912605372,37.72611984523559],[27.527326689364543,37.77547581514892],[28.010059840922338,37.79655189100805],[28.107141849960158,37.85556252395264],[28.219452409435405,37.84414111112466],[28.284173748794046,37.884116056022606],[28.350798656957295,37.87650178080406],[28.890460413079552,37.960258808209176],[28.90561997111422,38.023653323626775],[29.00916403926243,38.020994105540865],[28.99706066271756,37.95806296227778],[29.065809041540206,37.882048502697046],[29.088651867196063,37.823513761953734],[29.192176465195644,37.80339799689881],[29.2516629903414,37.71059901767143],[29.354258645637174,37.69150800740897],[29.418979984995644,37.60822687220491],[29.656599466025227,37.54115502169685],[29.878205344542664,37.52350432691071],[29.839831681427313,37.281769130219004],[29.53077376632524,37.27027975854253],[29.351566283030877,37.24708848605917],[28.949437373045555,37.128115435767654],[28.64276913529426,36.93279031618283],[28.583819,36.816873]]]]},{"type":"LineString","coordinates":[[27.51811092202729,37.265725],[27.51811092202731,37.265725]]}]}},{"type":"Feature","properties":{"Id":618,"Name":"Bithynia","Diocese":"Pontike"},"geometry":{"type":"MultiPolygon","coordinates":[[[[29.095855543262587,40.95128585673752],[29.02018827705727,40.98026190413091],[29.00702977326843,41.02341923474509],[29.052028443262788,41.048113756737514],[29.065949958130698,41.10175629156298],[29.096521421396623,41.118341811617704],[29.072117359357257,41.14221277555436],[29.073800914765556,41.164826333348394],[29.16547654326268,41.22442925673737],[29.197597643262654,41.22028725673752],[29.256379843262614,41.23530375673742],[29.26787712789513,41.227709230504594],[29.357306743262647,41.21074695673752],[29.389483583732506,41.21543812766068],[29.57540237098707,41.17098927684607],[29.613701734039882,41.181060998395346],[29.63727753447736,41.17024141616389],[29.67905674326271,41.16183025673759],[29.767656743262602,41.16063125673735],[29.845995987283203,41.13826149419667],[29.98106729678993,41.13440962316424],[30.15350869276987,41.138183106031356],[30.192002743262762,41.14656225673753],[30.19249004326265,41.16143425673758],[30.221747343262678,41.15937345673743],[30.224602743262775,41.18675425673747],[30.25378786236378,41.19029849031519],[30.26844821695722,41.20940476345407],[30.3280464239474,41.20104455229374],[30.43091784326266,41.15990625673741],[30.6515357131412,41.12714086516958],[30.713035546610037,41.10426153938517],[30.634629918116843,41.05681827479941],[30.61083530805854,41.00328040216823],[30.533502825369055,40.937845224507896],[30.55729743542736,40.86646139433299],[31.437698007584572,40.64041259877911],[31.520979142788633,40.533336853516744],[31.30087899974933,40.22995557527338],[31.273253060894717,39.82106195679262],[30.500523099251325,39.949552851107455],[30.063297139430006,40.11730485201849],[29.924098670588933,39.96382961714244],[29.75991586118664,39.99773693647552],[29.60287143480184,39.883522808195664],[29.536448384247308,39.71607498171659],[29.369886113839186,39.760689875575906],[29.35204015629546,39.805304769435224],[29.15573462331446,39.78151015937692],[29.066504835595822,39.885611578382],[28.96311725489261,39.887277201085965],[28.867938814659396,39.92725214598403],[28.767049668012135,40.01481631099858],[28.58621063156903,39.91963787076537],[28.44153940241455,39.984359210123955],[28.56146423710834,40.09476620079437],[28.42440728317257,40.24134099875363],[28.49578913529473,40.37825031618195],[28.537229972878716,40.386769940137526],[28.594230729074788,40.37051559775339],[28.638586743262664,40.36275825673739],[28.662292695874847,40.36117839068315],[28.796832743262623,40.39404125673747],[28.878874559835747,40.38165988418702],[28.925634843262703,40.35592095673752],[28.98512404326277,40.35622185673751],[29.058049843262665,40.36407235673742],[29.089154943262773,40.41584785673746],[29.154838443262737,40.424670556737404],[29.082150743262684,40.4778262567375],[29.02604725820718,40.47925043574346],[28.973462836894505,40.45684932025794],[28.899775979697157,40.47290175601682],[28.853519818870897,40.50636755712512],[28.780909543262624,40.518174956737475],[28.79256970817559,40.55086248099458],[28.816946141039857,40.5647597054447],[28.930324743262656,40.599843256737444],[28.996381109191553,40.645778006204246],[29.280761943262622,40.65993675673739],[29.342672743262607,40.67338895673763],[29.382004243262646,40.70145275673767],[29.45973773817896,40.695893626890005],[29.51629775425435,40.73794615694316],[29.507535131402552,40.717190366504305],[29.557288843262747,40.68640995673739],[29.812753534285488,40.73036835630404],[29.9055957432627,40.713927256737456],[29.94122234326277,40.72978795673745],[29.942853475189313,40.75170861047622],[29.92623334326259,40.75977545673751],[29.779214432757623,40.74191065503242],[29.73254874326269,40.772064256737664],[29.61742644326261,40.78366065673742],[29.57168494326262,40.766523756737335],[29.490381587394502,40.780628766877115],[29.390793781523392,40.75330296255654],[29.352567122774758,40.75906869592029],[29.34955634878205,40.7831303705394],[29.33319209953566,40.790454668200404],[29.34814215440272,40.800036221066875],[29.329732943262577,40.81658095673757],[29.257171643262733,40.80267445673741],[29.287413993664654,40.85463590002366],[29.143968417903846,40.90174339055842],[29.095855543262587,40.95128585673752]]],[[[29.60746061264792,41.1812437683609],[29.607648684867662,41.18139097918348],[29.607662640416446,41.18133321080541],[29.60746061264792,41.1812437683609]]],[[[29.608494519463065,41.18114538153086],[29.609674889635972,41.18168646737887],[29.60996813377428,41.181279545353384],[29.608494519463065,41.18114538153086]]],[[[29.035480216650623,40.97044629346523],[29.03264936851737,40.96927654477772],[29.032889507619572,40.9698989394918],[29.035480216650623,40.97044629346523]]],[[[29.26407859800731,40.854964885996175],[29.263527778851113,40.859574128948594],[29.267416431669275,40.858168070498806],[29.26407859800731,40.854964885996175]]],[[[28.634037329855918,40.36534371267638],[28.63428451677256,40.36556827054988],[28.63451268931111,40.36548134501018],[28.634037329855918,40.36534371267638]]],[[[28.636708849994303,40.364278863542644],[28.636119404269767,40.36463381512294],[28.636908500965482,40.36454688837822],[28.636708849994303,40.364278863542644]]],[[[29.200627629630564,41.222739270304594],[29.19977198261111,41.22393345384185],[29.20180652107957,41.2234543528865],[29.200627629630564,41.222739270304594]]],[[[29.32912364326263,41.216815556737316],[29.329413343262612,41.216670256737395],[29.329295343262615,41.216613756737495],[29.32912364326263,41.216815556737316]]],[[[29.61113834326278,41.18080065673767],[29.61095624326263,41.18164245673752],[29.61150264326275,41.18083925673744],[29.61113834326278,41.18080065673767]]],[[[29.6446337220471,41.17059029960188],[29.64509719751594,41.17188741403843],[29.645382413189054,41.17098390945531],[29.6446337220471,41.17059029960188]]],[[[29.873762043262676,41.143039156737615],[29.87240324326274,41.14311945673743],[29.873611043262645,41.14330005673738],[29.873762043262676,41.143039156737615]]],[[[29.874827843262633,41.1421362567374],[29.874348243262755,41.14283185673746],[29.87562714326266,41.14251755673754],[29.874827843262633,41.1421362567374]]],[[[29.872092443262815,41.14242385673747],[29.871524043262657,41.142892056737466],[29.87245654326271,41.14251755673754],[29.872092443262815,41.14242385673747]]],[[[29.961577559125402,41.14014494493785],[29.962385670199318,41.140553057337],[29.962509263657655,41.140037546516034],[29.961577559125402,41.14014494493785]]],[[[29.963260331596967,41.13908527281631],[29.963450475379044,41.13915687282332],[29.963868791699635,41.13903515276496],[29.963260331596967,41.13908527281631]]],[[[29.983006763367303,41.136135284580845],[29.983957482277763,41.13659354388452],[29.984385305787487,41.1362641703336],[29.983006763367303,41.136135284580845]]]]}},{"type":"Feature","properties":{"Id":635,"Name":"Honorias","Diocese":"Pontike"},"geometry":{"type":"MultiPolygon","coordinates":[[[[31.925517257042372,41.16439668119938],[32.27053910288777,41.11680746108277],[32.54715144481554,41.10788448231091],[32.51740818224266,40.843169445412286],[32.02664434979016,40.634966607402134],[31.869005058153903,40.643889586174],[31.520979142788633,40.533336853516744],[31.437698007584572,40.64041259877911],[30.55729743542736,40.86646139433299],[30.533502825369055,40.937845224507896],[30.61083530805854,41.00328040216823],[30.634629918116843,41.05681827479941],[30.713035546610037,41.10426153938517],[30.757139113691636,41.085938121233774],[31.00787,41.07241051347503],[31.308921100000127,41.121191213474965],[31.409457600000078,41.21308121347498],[31.40611760931925,41.26173470659085],[31.420699100000032,41.27475381347512],[31.392527700000123,41.292832613474985],[31.40088550000008,41.3158186134748],[31.616766,41.379762513474965],[31.846550100000037,41.49995591347505],[32.0022431,41.549178013475114],[32.032481157381234,41.58129068012428],[32.1412295,41.601500413474916],[32.200958754412696,41.6537053741547],[32.1634633576254,41.5510590946468],[32.0415159810766,41.45588065441359],[31.892799668212206,41.26254944768988],[31.925517257042372,41.16439668119938]]],[[[32.14616060000017,41.60667581347501],[32.145281,41.607147513474956],[32.14613400000011,41.60698801347491],[32.14616060000017,41.60667581347501]]]]}},{"type":"Feature","properties":{"Id":642,"Name":"Paphlagonia","Diocese":"Pontike"},"geometry":{"type":"MultiPolygon","coordinates":[[[[32.200958754412696,41.6537053741547],[32.28417200000014,41.72000681347504],[32.34062470000012,41.72291251347503],[32.383050900000065,41.75358971347496],[32.416204,41.73905551347504],[32.430396,41.7619735134748],[32.51043,41.805556213475064],[32.783549,41.859827513474976],[32.8618509,41.85886261347497],[32.972036600000024,41.89122741347517],[33.028336,41.927510413474714],[33.16509590000009,41.954204713474894],[33.338602,42.01906751347496],[33.78215055679342,41.97316509680728],[34.098011200000045,41.97903370000003],[34.30019070000013,41.9406639],[34.4901481000001,41.9765532000001],[34.511404700000064,41.95722079999993],[34.62029853295425,41.94183729273439],[34.792963226079266,41.95585227503861],[34.806181980488134,41.760065000746465],[34.668173242149976,41.531636744186756],[34.734798150313225,41.16995867130055],[34.896601498709686,41.01291424491575],[35.16786005337434,40.80828059841434],[34.896601498709686,40.47991497960993],[34.825217668534776,40.23245103500358],[34.5682358799051,40.432325759493324],[33.66879961970125,40.513227433691554],[33.20718418457017,40.48943282363325],[32.883577487777245,40.5560577317965],[32.61231893311259,40.66075401605303],[32.51740818224266,40.843169445412286],[32.54715144481554,41.10788448231091],[32.2850598131447,41.11633905107453],[31.925517257042372,41.16439668119938],[31.892799668212206,41.26254944768988],[32.0415159810766,41.45588065441359],[32.1634633576254,41.5510590946468],[32.200958754412696,41.6537053741547]]],[[[33.20824740000002,41.97639821347506],[33.208226,41.97691671347512],[33.20841479999996,41.97688161347504],[33.20824740000002,41.97639821347506]]],[[[33.20223930000007,41.974468013474784],[33.20165990000009,41.97469931347494],[33.202089100000066,41.974882713475054],[33.20223930000007,41.974468013474784]]],[[[33.2007265,41.97388571347502],[33.200351,41.974005413475076],[33.2007802,41.97411701347493],[33.2007265,41.97388571347502]]],[[[33.18093180000015,41.966658713475056],[33.180599200000174,41.96671461347507],[33.1812065000001,41.966815113475086],[33.18093180000015,41.966658713475056]]],[[[33.07073420000004,41.93677381347495],[33.070326500000036,41.937125013475026],[33.0708007,41.93707231347495],[33.07073420000004,41.93677381347495]]]]}},{"type":"Feature","properties":{"Id":649,"Name":"Galatia I","Diocese":"Pontike"},"geometry":{"type":"Polygon","coordinates":[[[32.51740818224266,40.843169445412286],[32.61231893311259,40.66075401605303],[32.883577487777245,40.5560577317965],[33.20718418457017,40.48943282363325],[33.66879961970125,40.513227433691554],[34.5682358799051,40.432325759493324],[34.825217668534776,40.23245103500358],[35.1291938120296,39.943346522795764],[34.68661406494516,39.72562584076229],[34.37966359519305,39.66494958511362],[34.24189280295559,39.50790515872848],[33.72114776182951,39.218800646520435],[33.264291248710094,39.093878943714344],[33.05370894969411,39.179539539924235],[32.52189941489104,39.52932030778129],[32.24707166871764,39.6399652445524],[31.643878303739655,39.78987128791971],[31.273253060894717,39.82106195679262],[31.30087899974933,40.22995557527338],[31.520979142788633,40.533336853516744],[31.869005058153903,40.643889586174],[32.02664434979016,40.634966607402134],[32.51740818224266,40.843169445412286]]]}},{"type":"Feature","properties":{"Id":657,"Name":"Galatia Saloutaria","Diocese":"Pontike"},"geometry":{"type":"Polygon","coordinates":[[[31.273253060894717,39.82106195679262],[31.643878303739655,39.78987128791971],[32.24707166871764,39.6399652445524],[32.52189941489104,39.52932030778129],[33.05370894969411,39.179539539924235],[33.264291248710094,39.093878943714344],[33.249104440501014,38.692155965346956],[33.10127397862385,38.702715284052374],[32.5719628778769,38.6027779218075],[31.87240134216279,38.592070347281265],[31.536897340340715,38.60634711331625],[31.23577655005289,38.734243142379626],[31.100147272720562,38.84131888764199],[31.050178591598126,38.96088680318496],[31.02697884679128,39.13042339985037],[31.106660389182025,39.43123510498498],[31.273253060894717,39.82106195679262]]]}},{"type":"Feature","properties":{"Id":672,"Name":"Kappadokia I","Diocese":"Pontike"},"geometry":{"type":"Polygon","coordinates":[[[33.53642696133613,39.168291052635595],[33.72114776182951,39.218800646520435],[34.24189280295559,39.50790515872848],[34.37966359519305,39.66494958511362],[34.68661406494516,39.72562584076229],[35.1291938120296,39.943346522795764],[35.31435553596668,40.083149771309024],[35.952051085529206,40.10218545935567],[36.104336589902346,39.864239358772636],[36.19951503013556,39.43593637772335],[35.866390489319315,39.083776148860466],[35.628444388736284,38.78872298413751],[35.35242691205997,38.388973535158016],[34.80181963531078,38.55220456015758],[34.18078031278907,38.699731142519056],[34.03087426942176,38.842498802868874],[33.83337900593784,38.96147185316039],[33.64778104748308,38.97574861919537],[33.53642696133613,39.168291052635595]]]}},{"type":"Feature","properties":{"Id":672,"Name":"Kappadokia II","Diocese":"Pontike"},"geometry":{"type":"Polygon","coordinates":[[[33.249104440501014,38.692155965346956],[33.264291248710094,39.093878943714344],[33.53642696133613,39.168291052635595],[33.64778104748308,38.97574861919537],[33.83337900593784,38.96147185316039],[34.03087426942176,38.842498802868874],[34.18078031278907,38.699731142519056],[34.80181963531078,38.55220456015758],[35.35242691205997,38.388973535158016],[35.16172104397924,38.131039962126465],[35.00467661759444,37.53141578865723],[33.46278588581663,37.01745221139788],[33.2618875965174,37.14297859473061],[33.561699683252016,37.45349825599146],[33.547422917217034,37.592696724832535],[33.625945130409434,37.95318506721583],[33.57954564079574,38.18875170679303],[33.40108606535847,38.6813001349999],[33.249104440501014,38.692155965346956]]]}},{"type":"Feature","properties":{"Id":681,"Name":"Helenopontos","Diocese":"Pontike"},"geometry":{"type":"MultiPolygon","coordinates":[[[[35.1291938120296,39.943346522795764],[34.825217668534776,40.23245103500358],[34.896601498709686,40.47991497960993],[35.16786005337434,40.80828059841434],[34.896601498709686,41.01291424491575],[34.734798150313225,41.16995867130055],[34.668173242149976,41.531636744186756],[34.806181980488134,41.760065000746465],[34.79691439123362,41.9546315115611],[34.90926823070195,42.02547299612773],[34.94901778834841,42.073902526787485],[34.944436,42.09804509999996],[35.01625262969638,42.093073518831105],[35.051406,42.060326],[35.046233550537835,42.04033493993097],[35.07170110000006,42.028819],[35.12719380000003,42.0236700000001],[35.18576652605573,42.04112184610417],[35.210155,42.019648000000196],[35.12200372405954,42.01388759453187],[35.08925904945457,41.923623044477615],[35.131889,41.85583100000012],[35.20732920000001,41.80206230000003],[35.192801845993166,41.79395103823416],[35.20788096698426,41.76732926859892],[35.26528297124634,41.73733427433779],[35.2754320000001,41.71613800000011],[35.41852310000006,41.68191170000017],[35.47067429748315,41.6467645014272],[35.56813616460538,41.63193695469201],[35.7499528826829,41.66587117183861],[35.9599780314731,41.73470193825279],[36.01961077397205,41.68708805583005],[36.03341451483786,41.697359080130965],[36.06403605069933,41.68124654537011],[36.114771200000106,41.62491080000004],[36.1326120000001,41.552348000000144],[36.12140050000004,41.48136240000009],[36.23876070000008,41.35611289999996],[36.32980016981867,41.32120936909453],[36.33751208865835,41.293725991934544],[36.38578470000003,41.255648799999946],[36.445842943309835,41.244955243829615],[36.55406000000015,41.280892],[36.61152942961492,41.3524806366736],[36.708043521880825,41.14728042503174],[36.636659691705916,40.91528297696328],[36.666402954278794,40.56431247860331],[36.428456853695764,40.433442123282646],[36.3451757184917,40.225239285272494],[35.952051085529206,40.10218545935567],[35.31435553596668,40.083149771309024],[35.1291938120296,39.943346522795764]]],[[[35.04885753473069,42.04773416276534],[35.04957971229195,42.04852726580532],[35.04991283272132,42.04853898809243],[35.04885753473069,42.04773416276534]]]]}},{"type":"Feature","properties":{"Id":689,"Name":"Pontos Polemoniakos","Diocese":"Pontike"},"geometry":{"type":"MultiPolygon","coordinates":[[[[40.223697157994934,40.74872070655516],[39.93221318478072,40.60595304620534],[39.7656509143726,40.55836382608874],[39.28975871320671,40.320417725505706],[39.028018002565375,40.421544818253494],[38.70084211426371,40.45723673334095],[38.35582026841831,40.39775020819519],[37.987003812514615,40.13600949755386],[37.73121175438786,39.98729318468946],[37.48731700129025,40.03488240480607],[37.19583302807604,40.15980410761216],[36.708043521880825,40.237136590301645],[36.3451757184917,40.225239285272494],[36.428456853695764,40.433442123282646],[36.666402954278794,40.56431247860331],[36.636659691705916,40.91528297696328],[36.708043521880825,41.14728042503174],[36.61152942961492,41.3524806366736],[36.65136141056335,41.38077560945717],[36.8787588117066,41.33599950605013],[37.014927746001895,41.27276117201426],[37.02617950430728,41.196500356961394],[37.05404,41.174659],[37.141736,41.149154],[37.293178419223736,41.14522446613256],[37.291957,41.12476560000007],[37.39689340638268,41.10316837755286],[37.420529,41.079894],[37.479158100000014,41.06251939999996],[37.50966522942644,41.02794946274623],[37.54013660000002,41.021698700000044],[37.599146000000125,41.04035900000016],[37.68278512106093,41.13651776045704],[37.70294320000008,41.11446619999999],[37.788087890065185,41.11158404615867],[37.7724477000001,41.0723341],[37.783893,41.05208400000014],[37.80921970000007,41.02531510000006],[37.86541300000011,41.015048],[37.88152330000012,40.986174400000024],[38.00015300000017,40.98074],[38.18991470000007,40.938998300000044],[38.283007500000124,40.94562190000002],[38.36018850000015,40.90897729999993],[38.38993479191529,40.92453459701896],[38.4308053,40.91225250000015],[38.53339450000014,40.91800509999998],[38.641829000000186,40.97373600000013],[38.673454,40.94892700000011],[38.71435120000011,40.950583100000095],[38.79248300000013,41.001063],[38.871447800000084,41.01116680000003],[38.93363809999993,41.04341660000004],[39.05321740000005,41.0368066],[39.16272981719707,41.07883100656538],[39.24410160779101,41.049469156684964],[39.29034400000011,41.051700800000155],[39.41883640000017,41.107377800000094],[39.48735481682119,41.09138212735799],[39.56529361130104,41.02596940610017],[39.64648180000002,40.996055000000126],[39.72261447079725,41.01263110333528],[39.82945790000012,40.985143],[39.87519108915565,40.95437693588575],[40.036416,40.9589043],[40.07762291316608,40.924601401363425],[40.123186116949974,40.91251068647138],[40.23242810000002,40.92884750000002],[40.38258340254938,41.02457968287661],[40.50632689472183,41.03933149830534],[40.223697157994934,40.74872070655516]]],[[[37.599444599999984,41.041372600000024],[37.59875850000008,41.0414716],[37.5995393,41.0415294],[37.599444599999984,41.041372600000024]]],[[[37.593999500000116,41.03914490000008],[37.59406930000011,41.0396766],[37.594155900000125,41.03965480000014],[37.593999500000116,41.03914490000008]]],[[[37.7289235000001,41.11685810000005],[37.728064300000064,41.11776090000004],[37.729122600000025,41.11810530000004],[37.7289235000001,41.11685810000005]]]]}},{"type":"Feature","properties":{"Id":695,"Name":"Armenia I","Diocese":"Pontike"},"geometry":{"type":"Polygon","coordinates":[[[35.952051085529206,40.10218545935567],[36.3451757184917,40.225239285272494],[36.708043521880825,40.237136590301645],[37.19583302807604,40.15980410761216],[37.48731700129025,40.03488240480607],[37.73121175438786,39.98729318468946],[37.987003812514615,40.13600949755386],[38.35582026841831,40.39775020819519],[38.70084211426371,40.45723673334095],[39.028018002565375,40.421544818253494],[39.28975871320671,40.320417725505706],[39.7656509143726,40.55836382608874],[39.93221318478072,40.60595304620534],[40.230036463965575,40.754947017951224],[40.51275913529366,41.03263031618167],[40.54184271692578,41.02721334530657],[40.618250490079376,41.05534167365513],[40.7193388855095,40.822951958401006],[40.9156444184905,40.59095451033255],[41.19404135617265,40.5160014886489],[41.3475165910487,40.430340892439006],[41.42246961273236,40.30184999812417],[41.35287037831182,40.08056012458195],[41.167272419857056,39.92351569819715],[40.9745360783848,39.855701059530986],[40.806784077473765,39.848562676513495],[40.67115480014144,39.81287076142604],[40.51054118224789,39.67367229258497],[40.303528074740655,39.541612206761386],[40.09651496723342,39.541612206761386],[39.93947054084862,39.573734930340095],[39.81811802955127,39.64154956900626],[39.6789195607102,39.64868795202375],[39.643227645622744,39.71293339918117],[39.443352921133,39.698656633146186],[39.3648307079406,39.645118760515004],[39.159602196187734,39.59515007939257],[39.009696152820425,39.620134419953786],[38.68489972552459,39.47736675960397],[38.49216338405233,39.45238241904275],[38.38508763878997,39.42025969546404],[38.38508763878997,39.345306673780385],[38.49573257556108,39.2917688011492],[38.43862551142115,39.25607688606175],[37.153716568272785,39.188262247395585],[36.703998438170856,39.181123864378094],[35.9616066043518,39.063340544589494],[35.866390489319315,39.083776148860466],[36.19951503013556,39.43593637772335],[36.104336589902346,39.864239358772636],[35.952051085529206,40.10218545935567]]]}},{"type":"Feature","properties":{"Id":701,"Name":"Armenia II","Diocese":"Pontike"},"geometry":{"type":"Polygon","coordinates":[[[35.866390489319315,39.083776148860466],[35.9616066043518,39.063340544589494],[36.703998438170856,39.181123864378094],[37.153716568272785,39.188262247395585],[38.43862551142115,39.25607688606175],[38.49573257556108,39.2917688011492],[38.6989960491,39.20225347811038],[38.766096849464304,39.193687418489276],[38.83319764982872,39.03949834531147],[38.786084321913336,38.84961735704627],[38.60191404006201,38.71969878612799],[38.484844558575276,38.7011389902824],[38.42345446462491,38.61547839407251],[38.439158907263334,38.50269194239627],[38.60048636345857,38.45272326127383],[38.66330413401255,38.40703760996183],[38.75610311323993,38.39133316732341],[38.780373615499286,38.348502869218464],[38.87888330114072,38.33850913299398],[38.88887703736526,38.258559243197965],[39.001663489041505,38.22715035792112],[38.92442618479225,38.130924954845284],[38.00714396704467,37.93105023035554],[36.51165272488049,37.838251251128156],[35.94772046649871,37.72760631435705],[35.61293030297816,37.69548359077834],[35.00467661759444,37.53141578865723],[35.16172104397924,38.131039962126465],[35.628444388736284,38.78872298413751],[35.866390489319315,39.083776148860466]]]}},{"type":"Feature","properties":{"Id":709,"Name":"Kilikia I","Diocese":"Anatolike"},"geometry":{"type":"Polygon","coordinates":[[[34.804799445988934,36.80591081704245],[34.65478997419699,36.808736987471065],[34.562059,36.768094],[34.432367166804895,36.66798508517115],[34.27078360000007,36.579767699999984],[34.16731350741797,36.46648112155408],[34.11656483986392,36.447239898826744],[34.110517157741654,36.42611918603786],[34.08110783986388,36.41288190940655],[34.07940115764758,36.349010785072984],[34.00127377450927,36.55957649581504],[33.96558185942185,36.72732849672612],[34.076226796192934,37.027140583460756],[34.245860554183025,37.278477100853486],[35.00467661759444,37.53141578865721],[35.612930302978185,37.69548359077839],[35.94772046649874,37.72760631435703],[35.52174935723487,37.25913803152914],[35.42181199499002,36.991448668373316],[35.40396603744628,36.79871232690099],[35.508468039561386,36.59846570772698],[35.41316870000008,36.588371600000016],[35.339809498026405,36.538650514492026],[35.33344772582067,36.55824562275951],[35.351616959803366,36.596462852904835],[35.31788377885957,36.634532675949224],[35.155828284179655,36.689789932070454],[34.988412626040116,36.76932054578433],[34.91765423075985,36.771114865861215],[34.804799445988934,36.80591081704245]],[[35.3083373540228,36.66328613921852],[35.30992502820156,36.65891793289385],[35.309755932708605,36.66280575215494],[35.3083373540228,36.66328613921852]]]}},{"type":"Feature","properties":{"Id":718,"Name":"Kilikia II","Diocese":"Anatolike"},"geometry":{"type":"Polygon","coordinates":[[[36.58465458853931,37.234391637068654],[36.477578843276945,36.470584654197125],[35.895991839863804,36.15868498741358],[35.79051718153628,36.28091656373899],[35.77980971343578,36.319266989271114],[35.81775527832111,36.35849498747481],[35.85475283986384,36.37028992250992],[35.90229365131248,36.43867091602451],[35.98291583986379,36.47451289042241],[36.03821423986381,36.53416437202187],[36.14559640000004,36.58929120000003],[36.19062723500518,36.59448295580231],[36.215323199999986,36.6597098],[36.19338357004875,36.706450989230085],[36.204125300000015,36.786431500000084],[36.11941667094277,36.88074001254779],[36.005752,36.93045549999997],[35.792505,36.766885],[35.666729,36.766948],[35.593133470031795,36.71577000937847],[35.56274176862871,36.71328544426228],[35.57649588909861,36.68880574943676],[35.574713291141535,36.626361029464285],[35.55795687034457,36.60489886766139],[35.54702360287427,36.619684552644635],[35.5427722123147,36.59723423026159],[35.50846803956137,36.59846570772696],[35.40396603744625,36.79871232690101],[35.42181199498998,36.991448668373266],[35.52174935723485,37.259138031529176],[35.94772046649871,37.72760631435705],[36.51165272488049,37.838251251128156],[36.58465458853931,37.234391637068654]]]}},{"type":"Feature","properties":{"Id":728,"Name":"Kypros","Diocese":"Anatolike"},"geometry":{"type":"MultiPolygon","coordinates":[[[[32.91960867484171,35.398255695446466],[33.063747,35.3552077],[33.097222,35.353807],[33.113105290003666,35.36844427306488],[33.170622300000026,35.35127629999997],[33.19639360000002,35.358914799999965],[33.24196380000004,35.34468190000003],[33.2918934,35.350561600000084],[33.30204670000003,35.34198340000003],[33.3482159,35.334868299999975],[33.48071110000004,35.332186100000015],[33.647479287246874,35.35689184987693],[33.77159583986381,35.41407421319443],[33.84999473986381,35.41278551358168],[33.977584839863816,35.44586020363952],[34.12600673120162,35.50514136571864],[34.16938616158124,35.5455536873072],[34.17280894923846,35.55951560158976],[34.23274869687397,35.55707564921253],[34.31274683986383,35.587603160941136],[34.347013455972075,35.62027056836869],[34.49082963986387,35.65865543948168],[34.55443883986387,35.690972129709024],[34.58862653986386,35.695182528435275],[34.56471406784465,35.645267508808736],[34.43751963986383,35.60183875664463],[34.41011046242489,35.55779593399302],[34.286205251441295,35.48078597078518],[34.13433083986384,35.41596721262559],[34.080957839863885,35.36814722698689],[34.07028913529382,35.332030316181545],[33.96636683986388,35.32157824095624],[33.9066752398638,35.25734626019778],[33.91022983986385,35.16628628742363],[33.98801683986383,35.07645671422156],[34.02497660317664,35.051420443236836],[34.05458083986385,35.0162738321418],[34.05995743986381,35.01189853344359],[34.06384913529445,35.01296031618216],[34.085375339863845,34.956146250018826],[33.97075553986383,34.98810154052137],[33.899405139863866,34.97139554548745],[33.86513474563218,34.943163312833896],[33.77615333986383,34.98040054281086],[33.6866973,34.975256299999984],[33.644437630687,34.941615447315606],[33.62414590000003,34.84886],[33.63133791249942,34.894143698244555],[33.60363913529358,34.910070316182214],[33.61806913529432,34.875440316181994],[33.60276663366554,34.81583207330293],[33.5513766,34.81915780000002],[33.49589913529377,34.77751031618209],[33.326092,34.71911],[33.1183117663009,34.705720234211185],[32.9441948922161,34.62290691296736],[32.875024700000026,34.66675089999996],[32.85149827334891,34.67048355327088],[32.70319325370838,34.64044507713733],[32.5550405,34.697957400000035],[32.49435609999998,34.70285450000008],[32.39980410000001,34.75490880000006],[32.38782909551963,34.841133350072155],[32.34757759999999,34.85693130000004],[32.316033,34.8993971],[32.32529740000003,34.92600050000004],[32.301522400000046,34.95608510000007],[32.313779200000056,34.995944],[32.2714683,35.0485961],[32.27623552014608,35.09941455143498],[32.281301,35.099962],[32.28220629843198,35.1042480386188],[32.287929852124314,35.10537543950194],[32.304838,35.083344599999975],[32.3584917,35.047873300000056],[32.402566,35.03952410000002],[32.47672470000004,35.072803],[32.5514204,35.17575230000004],[32.65175512417679,35.19565274743447],[32.73828013242245,35.180011074379706],[32.824557,35.140836],[32.85285580000004,35.14848],[32.90056160000006,35.178635],[32.93343120000002,35.25765539999997],[32.93943930000003,35.30754150000007],[32.91960867484171,35.398255695446466]]],[[[34.184712639863896,35.563590868184846],[34.18486100529721,35.563718835359055],[34.18487043986381,35.56371786814658],[34.184712639863896,35.563590868184846]]],[[[34.59685457116314,35.698506972828994],[34.59684250246909,35.698483907368974],[34.596845439863856,35.698502227430794],[34.59685457116314,35.698506972828994]]],[[[34.596703339863836,35.69837242747011],[34.59676116444124,35.698328455667244],[34.59670593986379,35.698337427480645],[34.596703339863836,35.69837242747011]]],[[[34.596594239863826,35.69819522752368],[34.596646766291386,35.6981098200851],[34.5965688398638,35.69811282754863],[34.596594239863826,35.69819522752368]]],[[[33.034090376545564,34.56907039732186],[32.93428434330833,34.56654603633048],[32.93845216576265,34.599683435030684],[32.99616080362784,34.60320494469564],[33.034090376545564,34.56907039732186]]],[[[32.31082,34.898781],[32.31268850000002,34.899955],[32.3131005,34.8994235],[32.31082,34.898781]]],[[[32.322457,34.887153],[32.321826,34.888049],[32.3237,34.887674],[32.322457,34.887153]]],[[[32.63423940000002,34.663034],[32.6347752,34.66329960000004],[32.634672399999985,34.66288339999996],[32.63423940000002,34.663034]]],[[[32.857729,34.667676],[32.856798,34.666904],[32.856485,34.667674],[32.857729,34.667676]]],[[[32.3072183,35.0833922],[32.30774590000002,35.08416350000002],[32.30798889999998,35.08376570000003],[32.3072183,35.0833922]]],[[[32.333732,35.074049],[32.334659,35.075339],[32.334511,35.07431],[32.333732,35.074049]]],[[[32.34805380000001,35.05850520000005],[32.3478202,35.0588142],[32.34806140000001,35.058859],[32.34805380000001,35.05850520000005]]],[[[32.35276170000003,35.055192200000036],[32.3525916,35.055595],[32.352916700000016,35.05563480000007],[32.35276170000003,35.055192200000036]]],[[[33.2080915,35.35720830000001],[33.2078289,35.35752110000003],[33.2080542,35.357508],[33.2080915,35.35720830000001]]],[[[33.22117,35.35355340000003],[33.22132330000002,35.35375860000002],[33.22147080000001,35.35359020000007],[33.22117,35.35355340000003]]],[[[33.235514100000046,35.347986100000085],[33.2349807,35.3482422],[33.23546740000002,35.34823729999999],[33.235514100000046,35.347986100000085]]],[[[33.251881,35.34678790000007],[33.25154809999999,35.3471048],[33.25199030000001,35.34720920000002],[33.251881,35.34678790000007]]],[[[33.2512003,35.346922],[33.25134560000002,35.34687380000005],[33.251230300000024,35.3468016],[33.2512003,35.346922]]],[[[33.32757650000004,35.3412188],[33.3275041,35.34123629999995],[33.327514400000034,35.34125990000002],[33.32757650000004,35.3412188]]],[[[33.324969,35.34114840000002],[33.32497440000003,35.341196500000095],[33.32500120000001,35.341192099999965],[33.324969,35.34114840000002]]],[[[33.32774280000005,35.34112910000004],[33.3278041,35.34118120000005],[33.327796100000015,35.34113520000004],[33.32774280000005,35.34112910000004]]],[[[33.324837600000016,35.341074],[33.324816100000014,35.34114840000002],[33.32487020000003,35.34114],[33.324837600000016,35.341074]]],[[[33.62225,35.357349],[33.62226125467422,35.35773446289632],[33.62256482512768,35.35745352931355],[33.62225,35.357349]]],[[[34.5928033398638,35.69691522791101],[34.59297333986385,35.69751082773072],[34.59324993986382,35.6971769278318],[34.5928033398638,35.69691522791101]]],[[[34.58899163986385,35.694822628544216],[34.5911498398638,35.69674282796317],[34.59177683986384,35.696562928017556],[34.58899163986385,35.694822628544216]]],[[[34.17162033986385,35.55744587003805],[34.17076503986384,35.55740487005026],[34.1707706398638,35.5577826699365],[34.17162033986385,35.55744587003805]]],[[[34.4020776398638,35.63677984609258],[34.40193273986385,35.63702834601752],[34.40230563986389,35.63705014601092],[34.4020776398638,35.63677984609258]]],[[[34.05606843986383,35.015502432371356],[34.05607853986381,35.015557232355036],[34.05615213986388,35.01558053234814],[34.05606843986383,35.015502432371356]]],[[[34.060152150540006,35.01405873512096],[34.05934403946609,35.01419986522342],[34.05937374943206,35.01425826381511],[34.060152150540006,35.01405873512096]]],[[[34.06941143986384,35.00089873671564],[34.06992323986384,35.001196236627216],[34.06942583986387,35.000554436818135],[34.06941143986384,35.00089873671564]]],[[[33.96853213986382,34.986189641089794],[33.968480639863884,34.98526144136575],[33.967141739863834,34.98559894126534],[33.96853213986382,34.986189641089794]]]]}},{"type":"Feature","properties":{"Id":744,"Name":"Isauria","Diocese":"Anatolike"},"geometry":{"type":"MultiPolygon","coordinates":[[[[34.245860554183025,37.27847710085342],[34.07622679619294,37.02714058346072],[33.96558185942183,36.7273284967261],[34.001273774509286,36.559576495815065],[34.07945868458838,36.35119114170834],[34.07279467541186,36.31890702326915],[34.04603861480048,36.293336261075915],[34.00857137673842,36.30869939436516],[33.990721629194425,36.297972895609206],[33.976294469728096,36.27446521363827],[34.01670438907404,36.301496576894564],[34.018767837053105,36.29994591592107],[33.96308913529322,36.233840316182864],[33.936031523869936,36.28772388050241],[33.86955913529306,36.31721031618139],[33.83209417898335,36.28507999088855],[33.84046353986386,36.2753686516646],[33.81486983986383,36.273682952181886],[33.8089471583943,36.24078298358435],[33.695489,36.17138],[33.68722450000005,36.15944250000004],[33.69954942221413,36.14570782310918],[33.689783,36.135055],[33.64720930000004,36.194207099999986],[33.59256913529458,36.176470316182474],[33.560799,36.125836],[33.538948,36.126194],[33.5435229,36.142846],[33.46087685320045,36.1598511530844],[33.39352525655557,36.124961131682916],[33.35203913529392,36.15466031618212],[33.303327,36.13139],[33.14303284009129,36.13776017214908],[33.081227,36.06995],[33.051407305094735,36.09534685545796],[32.94761390000004,36.1034215],[32.867838879119454,36.07031014299406],[32.79969720000002,36.017653100000025],[32.68268541948426,36.0424293037431],[32.56447950000003,36.10045780000004],[32.52849112903609,36.09456326983005],[32.37989634293896,36.174111586440205],[32.35158471835212,36.20805598195128],[32.29681967134797,36.23580355670385],[32.275091500000016,36.28881189999998],[32.214784039046535,36.3382725591701],[32.20554876371932,36.39519849504592],[32.13529556311255,36.47190778333959],[32.09865834055472,36.8105976354787],[32.155438228806304,37.02162608343326],[32.26608316557741,37.12513263718688],[32.523064954207086,37.21079323339677],[32.814483177742716,37.21610468138704],[33.2618875965174,37.14297859473061],[33.46278588581663,37.01745221139788],[34.245860554183025,37.27847710085342]]],[[[33.77496178546819,36.199920304674954],[33.77650788546824,36.184460860709095],[33.75782418546817,36.18181397030106],[33.77496178546819,36.199920304674954]]],[[[33.3779372727119,36.11408954210492],[33.37758730161863,36.11388064625504],[33.377461263681475,36.11408583067536],[33.3779372727119,36.11408954210492]]],[[[32.4237302,36.149617100000064],[32.423129500000016,36.14971010000006],[32.42325289999999,36.150215],[32.4237302,36.149617100000064]]],[[[32.428374,36.146341],[32.42824860000001,36.146843800000056],[32.4287331,36.1466869],[32.428374,36.146341]]],[[[32.46939,36.124303],[32.468752,36.124943],[32.469545,36.12469],[32.46939,36.124303]]],[[[33.5344488,36.12180429999997],[33.530016400000015,36.1229216],[33.532653900000035,36.125113100000064],[33.5344488,36.12180429999997]]],[[[33.532099500000015,36.126578500000036],[33.530176,36.126313900000014],[33.5298904,36.12892590000006],[33.532099500000015,36.126578500000036]]],[[[33.691904,36.16036419999999],[33.6973441,36.160469],[33.6978168,36.159755100000055],[33.691904,36.16036419999999]]],[[[33.36526320000005,36.1388907],[33.36520490000003,36.13802360000005],[33.36427130000001,36.138476],[33.36526320000005,36.1388907]]],[[[33.810752839863866,36.243777961353146],[33.80998503167076,36.24374520271171],[33.810303211867186,36.24456254633311],[33.810752839863866,36.243777961353146]]],[[[33.82583395308473,36.26715056787975],[33.828783553084726,36.2674086670581],[33.82643425308473,36.264745775533676],[33.82583395308473,36.26715056787975]]]]}},{"type":"Feature","properties":{"Id":768,"Name":"Syria I","Diocese":"Anatolike"},"geometry":{"type":"MultiPolygon","coordinates":[[[[35.73399144059941,35.56043498061066],[35.74491253986383,35.578402463717076],[35.7218770250922,35.579217537276605],[35.72023703497167,35.58642759142514],[35.75791693986381,35.592373659501426],[35.78512523986387,35.63296744724438],[35.76821983986386,35.66995993606402],[35.799137139863824,35.68550793136204],[35.84449618133551,35.741920427252],[35.822623039863835,35.8249825891021],[35.799841839863795,35.85327828051126],[35.8442739398638,35.850460181367104],[35.87687283986384,35.86864607584296],[35.92250683986381,35.95538704946127],[35.98174883986385,36.01017803276852],[35.89616457693385,36.158584701186854],[36.477578843276945,36.470584654197125],[37.23691838810993,36.25986057896267],[37.50103855975709,36.09805723056621],[37.71994897229348,35.895803045070636],[37.448690417628825,35.79348622181993],[37.20598539503413,35.83631651992488],[37.03466420261435,35.91959765512894],[36.282754524771974,35.84821382495403],[36.16378147448046,35.729240774662514],[36.137607403416325,35.37232162378797],[35.9458029647436,35.232773257819495],[35.920262153673875,35.279082069978976],[35.91403316221244,35.419624426351675],[35.810856392454326,35.49994721923407],[35.763737339863816,35.505696785632544],[35.776855119020176,35.53817059570057],[35.73399144059941,35.56043498061066]]],[[[35.88703527875009,35.903568822358814],[35.886577193431926,35.904424713475876],[35.887225422532204,35.90383835241308],[35.88703527875009,35.903568822358814]]],[[[35.7975544398638,35.68570473130237],[35.79731158849199,35.68609597817606],[35.79757078785819,35.68608996433514],[35.7975544398638,35.68570473130237]]]]}},{"type":"Feature","properties":{"Id":776,"Name":"Syria II","Diocese":"Anatolike"},"geometry":{"type":"Polygon","coordinates":[[[35.9458029647436,35.232773257819495],[36.137607403416325,35.37232162378797],[36.16378147448046,35.729240774662514],[36.282754524771974,35.84821382495403],[37.03466420261435,35.91959765512894],[37.20598539503413,35.83631651992488],[37.448690417628825,35.79348622181993],[37.71994897229348,35.895803045070636],[37.809373082660954,35.69763756673666],[38.02066921997863,35.54915919997279],[39.16566585598423,35.398777264404316],[40.29600501219386,35.27694886090592],[39.861991324730525,34.95714930172227],[38.65322513376873,34.27828907675911],[38.24990649328049,34.492440567283836],[37.80018836317856,34.61736227008993],[37.45397678683025,34.66019256819487],[37.095273040201334,34.681607717247346],[36.32789686582106,34.62450065310742],[36.174421630945005,34.96357384643824],[35.87626935657477,34.96746132795106],[35.89842633986387,35.00941133418353],[35.887952539863846,35.10650590526393],[35.92708483986382,35.15617149044395],[35.92674011465015,35.17778102131755],[35.952600139863804,35.191882779776876],[35.9458029647436,35.232773257819495]]]}},{"type":"Feature","properties":{"Id":785,"Name":"Euphratesia","Diocese":"Anatolike"},"geometry":{"type":"Polygon","coordinates":[[[36.51165272488049,37.838251251128156],[38.00714396704467,37.93105023035554],[38.92442618479225,38.130924954845284],[39.001663489041505,38.22715035792112],[39.08597968978319,38.18569122422042],[39.10917943459003,38.10716901102819],[39.10739483883566,38.04649275537952],[39.228747350133006,38.025077606327045],[39.235885733150496,37.96975513794149],[38.922175898533965,37.792085225513176],[38.89324334831093,37.698496583276835],[38.92001228462652,37.66102007243501],[38.87361279501283,37.54323675264641],[38.74155270918925,37.528959986611426],[38.67016887901434,37.55215973141827],[38.588077474313195,37.52360619934831],[38.48814011206832,37.43259181587547],[38.352510834735995,37.42902262436672],[38.281127004561085,37.357638794191814],[38.04020657772077,37.391546113524896],[37.89208513010783,37.32016228334999],[37.89030053435346,37.22557870836823],[37.9331308324584,37.161333261210814],[37.9331308324584,37.08816483528153],[37.954545981510876,37.025703983878486],[38.05150901749846,36.93409473515402],[38.0705447055451,36.83415737290915],[38.03723225146348,36.734220010664274],[38.156205301754994,36.68663079054767],[38.27517835204651,36.69138971255933],[38.29897296210481,36.596211272326116],[38.237106975953225,36.46772037801128],[38.22283020991824,36.32971163967312],[38.165723145778315,36.19170290133496],[38.10385715962673,36.09176553909009],[38.21331236589492,35.98706925483356],[38.394151402338025,35.901408658623666],[38.67016887901434,35.887131892588684],[38.81769546137582,35.968033566786914],[38.98425773178394,35.93948003471695],[39.11750754811044,35.896649736612005],[39.76472094169628,35.815748062413775],[39.81231016181289,35.72532854419222],[39.80755123980123,35.62063225993569],[39.855140459917834,35.61587333792403],[39.96935458819769,35.5587662737841],[40.026461652337616,35.439793223492586],[40.173988234699095,35.39696292538764],[40.29600501219386,35.27694886090592],[39.21947524735373,35.392977666816535],[38.02066921997863,35.54915919997279],[37.809373082660954,35.69763756673666],[37.71994897229348,35.895803045070636],[37.50103855975709,36.09805723056621],[37.23691838810993,36.25986057896267],[36.477578843276945,36.470584654197125],[36.58465458853931,37.234391637068654],[36.51165272488049,37.838251251128156]]]}},{"type":"Feature","properties":{"Id":798,"Name":"Osroene","Diocese":"Anatolike"},"geometry":{"type":"Polygon","coordinates":[[[38.74155270918925,37.528959986611426],[38.87361279501283,37.54323675264641],[39.93987306633534,37.283946886841306],[40.029102854053974,37.20899386515765],[40.075502343667665,37.080502970842815],[40.15759374836881,37.01982671519414],[40.154024556860065,36.937735310493],[40.20666378989546,36.8035778040703],[40.67821981644465,36.57010858509204],[40.71867065354377,36.508242598940456],[40.6663225114155,36.43685876876589],[40.63301005733388,36.429720385748396],[40.6425279013572,36.39164900965511],[40.58304137621144,36.2179483562295],[40.63301005733388,36.184635902147875],[40.63776897934554,36.113252071972965],[40.71867065354377,36.08707800090883],[40.702014426502956,35.99903794369311],[40.75436256863122,35.958587106593995],[40.74722418561373,35.92527465251237],[40.611594908281404,35.85151136133163],[40.611594908281404,35.801542680209195],[40.459309403908264,35.38989592620055],[40.395063956750846,35.36610131614225],[40.29600501219386,35.27694886090592],[40.173988234699095,35.39696292538764],[40.026461652337616,35.439793223492586],[39.96935458819769,35.5587662737841],[39.855140459917834,35.61587333792403],[39.80755123980123,35.62063225993569],[39.81231016181289,35.72532854419222],[39.76472094169628,35.815748062413775],[39.11750754811044,35.896649736612005],[38.98425773178394,35.93948003471695],[38.81769546137582,35.968033566786914],[38.67016887901434,35.887131892588684],[38.394151402338025,35.901408658623666],[38.21331236589492,35.98706925483356],[38.10385715962673,36.09176553909009],[38.165723145778315,36.19170290133496],[38.22283020991824,36.32971163967312],[38.237106975953225,36.46772037801128],[38.29897296210481,36.596211272326116],[38.27517835204651,36.69138971255933],[38.156205301754994,36.68663079054767],[38.03723225146348,36.734220010664274],[38.0705447055451,36.83415737290915],[38.05150901749846,36.93409473515402],[37.954545981510876,37.025703983878486],[37.9331308324584,37.08816483528153],[37.9331308324584,37.161333261210814],[37.89030053435346,37.22557870836823],[37.89208513010783,37.32016228334999],[38.04020657772077,37.391546113524896],[38.281127004561085,37.357638794191814],[38.352510834735995,37.42902262436672],[38.48814011206832,37.43259181587547],[38.588077474313195,37.52360619934831],[38.67016887901434,37.55215973141827],[38.74155270918925,37.528959986611426]]]}},{"type":"Feature","properties":{"Id":807,"Name":"Mesopotamia","Diocese":"Anatolike"},"geometry":{"type":"Polygon","coordinates":[[[40.67821981644465,36.57010858509204],[40.20666378989546,36.8035778040703],[40.154024556860065,36.937735310493],[40.15759374836881,37.01982671519414],[40.075502343667665,37.080502970842815],[40.029102854053974,37.20899386515765],[39.93987306633534,37.283946886841306],[38.87361279501283,37.54323675264641],[38.92001228462652,37.66102007243501],[38.89324334831093,37.698496583276835],[38.921796880380896,37.79129556250422],[39.235885733150496,37.96975513794149],[39.228747350133006,38.025077606327045],[39.10739483883566,38.04649275537952],[39.10917943459003,38.10716901102819],[39.08597968978319,38.18569122422042],[38.88887703736526,38.258559243197965],[38.87888330114072,38.33850913299398],[38.780373615499286,38.348502869218464],[38.75610311323993,38.39133316732341],[38.66330413401255,38.40703760996183],[39.1832044664813,38.60097855356821],[39.4580322126547,38.551009872445775],[39.6935988522319,38.426088169639684],[39.85778166163419,38.401103829078465],[40.0076877050015,38.41894978662219],[40.154024556860065,38.35113514795603],[40.179008897421284,38.24762859420241],[40.146886173842574,38.18695233855374],[40.22897757854372,38.165537189501265],[40.18257808893003,37.95495489048545],[40.37174523889354,37.91569378388925],[40.428852303033466,37.929970549924235],[40.62158864450572,37.90141701785427],[40.73223358127683,37.937108932941726],[40.89641639067912,37.90855540087176],[40.964231029345285,37.65871199525958],[41.042753242537685,37.465975653787325],[41.13555222176507,37.394591823612416],[41.074875966116394,37.269670120806325],[41.03204566801145,36.95915045954547],[40.9892153699065,36.930596927475506],[40.9892153699065,36.89490501238805],[40.93924668878407,36.852074714283106],[40.93567749727532,36.766414118073214],[40.82146336899547,36.73786058600325],[40.78577145390801,36.70930705393329],[40.735802772785576,36.71287624544203],[40.703680049206866,36.65933837281085],[40.62158864450572,36.65933837281085],[40.67821981644465,36.57010858509204]]]}},{"type":"Feature","properties":{"Id":819,"Name":"Phoinike","Diocese":"Anatolike"},"geometry":{"type":"MultiPolygon","coordinates":[[[[35.87626935657477,34.96746132795106],[36.174421630945005,34.96357384643824],[36.39041125509675,34.48272641772758],[36.340442573974315,34.286420884746576],[35.72297244296135,33.75104215843476],[35.70869567692637,33.5583058169625],[35.851463337276186,33.41196896510394],[35.87287848632866,33.14071041043928],[35.50882095243662,33.02649628215943],[35.31251541945562,32.83019074917843],[34.930770712463456,32.69797406239502],[34.946622300000044,32.727607200000016],[34.954269135294055,32.82103031618141],[34.981309135293316,32.83642031618183],[35.03196504742096,32.8089388952563],[35.063399135293025,32.85114031618264],[35.08340913529332,32.906530316182454],[35.0774514,32.91995110000007],[35.0679736679456,32.91932214594283],[35.106182952733725,33.101237951062046],[35.191404200000015,33.178985799999985],[35.21429913529363,33.24911031618302],[35.20127106492087,33.26668357612208],[35.244875,33.33367910000002],[35.28087632563576,33.45023713678546],[35.35483330000002,33.51620519999999],[35.39792180000003,33.61251560000005],[35.3978938,33.64702820000004],[35.4155886,33.655244],[35.41618532240619,33.688389156021],[35.43650450000002,33.69861930000002],[35.47839173986383,33.79247089069552],[35.48319213715908,33.86088078116858],[35.46786958625567,33.892747921089864],[35.57230003986383,33.90461345830602],[35.613987639863865,33.98486953506812],[35.64349783986385,33.9978356313092],[35.62246276536542,34.02660413026918],[35.65089799518913,34.09507140759956],[35.62749138078364,34.14427508106859],[35.632220551377046,34.191794718322804],[35.659959930937255,34.24045114997822],[35.65261543986385,34.27512445062236],[35.680367183210514,34.31187237133058],[35.72035434972443,34.31516119945202],[35.73631134299276,34.375641237075996],[35.81991838762281,34.4099472602981],[35.80669783986386,34.45486789801238],[35.9023476398638,34.46645059461392],[35.986190439863826,34.52857057637038],[35.98725442305346,34.60503000177064],[35.93238773986379,34.73616531519455],[35.927070339863846,34.78386230109339],[35.864190792419166,34.907216762953865],[35.87986967236428,34.920100063491],[35.87626935657477,34.96746132795106]]],[[[35.198028861620905,33.26782998449039],[35.200099894706455,33.26718893433198],[35.19930129082164,33.26758241718407],[35.198028861620905,33.26782998449039]]],[[[35.19899292931016,33.27298925576125],[35.19257796522744,33.267204682507156],[35.19238481074798,33.27571399918734],[35.19899292931016,33.27298925576125]]],[[[34.93070459383723,32.6979557098273],[34.93064913529406,32.697940316182155],[34.93065212694372,32.697955906451284],[34.93070459383723,32.6979557098273]]],[[[35.072152,32.91847140000007],[35.07223779999999,32.91867859999996],[35.07232040000005,32.918602],[35.072152,32.91847140000007]]],[[[35.86224573986384,34.85448168018455],[35.86057733986388,34.858628678955576],[35.86122583986378,34.858236779071746],[35.86224573986384,34.85448168018455]]],[[[35.855889239863835,34.858582178969336],[35.85616853986388,34.85837017903215],[35.855779039863855,34.85841697901833],[35.855889239863835,34.858582178969336]]],[[[35.80321973986384,34.46864309397051],[35.80301423986388,34.46908949383949],[35.80350283986384,34.46879649392563],[35.80321973986384,34.46864309397051]]],[[[35.80423933986384,34.46753949429448],[35.80366053986385,34.467832394208486],[35.803471039863844,34.46807989413587],[35.80423933986384,34.46753949429448]]],[[[35.80421143986384,34.465789294808005],[35.804925439863844,34.4659852947505],[35.8047237398638,34.46560759486135],[35.80421143986384,34.465789294808005]]],[[[35.80549983986385,34.46443949520415],[35.805208039863814,34.4652491949665],[35.80562323986382,34.464624895149704],[35.80549983986385,34.46443949520415]]],[[[35.805514539863864,34.46040469638798],[35.805514539863864,34.460721896294935],[35.80564453986385,34.460467196369635],[35.805514539863864,34.46040469638798]]],[[[35.80642773986384,34.457621297204646],[35.80749203986382,34.45744579725615],[35.80633013986382,34.457409197266855],[35.80642773986384,34.457621297204646]]],[[[35.81121953986382,34.45743149726036],[35.81138313986381,34.45774559716819],[35.81171843986388,34.45755979722268],[35.81121953986382,34.45743149726036]]],[[[35.812107339863836,34.457502297239536],[35.81219053986383,34.45762839720257],[35.81231123986384,34.457659297193466],[35.812107339863836,34.457502297239536]]],[[[35.808632939863834,34.45721819732295],[35.81014003986384,34.45649449753532],[35.80842713986385,34.45684999743092],[35.808632939863834,34.45721819732295]]]]}},{"type":"Feature","properties":{"Id":825,"Name":"Phoinike Libanesia","Diocese":"Anatolike"},"geometry":{"type":"Polygon","coordinates":[[[36.32789686582106,34.62450065310742],[37.095273040201334,34.681607717247346],[37.45397678683025,34.66019256819487],[37.80018836317856,34.61736227008993],[38.24990649328049,34.492440567283836],[38.65322513376873,34.27828907675911],[37.74990242058857,33.16732468178941],[37.05747926789195,33.22800093743808],[36.85046616038471,33.33864587420919],[36.40431722179153,33.320799916665464],[35.87287848632866,33.14071041043928],[35.851463337276186,33.41196896510394],[35.70869567692637,33.5583058169625],[35.72297244296135,33.75104215843476],[36.340442573974315,34.286420884746576],[36.39041125509675,34.48272641772758],[36.32789686582106,34.62450065310742]]]}},{"type":"Feature","properties":{"Id":832,"Name":"Palaistine I","Diocese":"Anatolike"},"geometry":{"type":"MultiPolygon","coordinates":[[[[34.9150442,32.6090002],[34.91385870000005,32.609253299999985],[34.9139499,32.61034230000004],[34.9150442,32.6090002]]],[[[34.91475990000003,32.61083030000005],[34.91416980000002,32.611472],[34.91519440000008,32.612136200000016],[34.91475990000003,32.61083030000005]]],[[[34.91630580000003,32.6124851],[34.920366399999985,32.622206500000054],[34.93064913529406,32.697940316182155],[34.999871030186284,32.717154259156416],[34.99290026849985,32.59645232880712],[35.01273172467518,32.452132870363585],[35.34069815218538,32.171520250849426],[35.544142068183874,32.14653591028821],[35.49774257857018,32.05730612256957],[35.5227269191314,31.757494035834952],[35.37639006727284,31.479097098152806],[35.247899172958,31.48266628966155],[35.10513151260818,31.35774458685546],[34.983779001310836,31.289929948189297],[34.72679721268116,31.254238033101842],[33.959452520714706,30.904449511661994],[33.84047947042319,31.059114477040964],[33.828719135293625,31.150330316182647],[34.02629463304862,31.213496929189926],[34.19849359570698,31.30831716362287],[34.41352244528201,31.503183635231782],[34.5634983534083,31.688726184629978],[34.70488451617848,31.93654670141279],[34.77734360000003,32.10550409999998],[34.847345,32.32458720000002],[34.911178400000026,32.572559199999986],[34.91702490000004,32.604115],[34.91630580000003,32.6124851]]],[[[34.926978225231935,32.67881329996007],[34.92701026549555,32.67898024347855],[34.927004237790065,32.67883691426902],[34.926978225231935,32.67881329996007]]],[[[34.90315949596802,32.555314092440646],[34.90320416496342,32.5554865759533],[34.903323,32.55538639999999],[34.90315949596802,32.555314092440646]]],[[[34.903492375683946,32.55659946414376],[34.90355580613509,32.5568443925762],[34.903585100000015,32.55666570000007],[34.903492375683946,32.55659946414376]]],[[[34.9152266,32.607274],[34.9144648,32.608128100000044],[34.915409,32.607513500000046],[34.9152266,32.607274]]],[[[34.91422880000005,32.60553870000008],[34.9148833,32.606053900000056],[34.914942300000064,32.6057827],[34.91422880000005,32.60553870000008]]],[[[34.75090050000002,32.057178600000064],[34.751029300000035,32.05757420000003],[34.7514155,32.0570559],[34.75090050000002,32.057178600000064]]],[[[34.7502032,32.056256],[34.749919099999985,32.05651060000002],[34.750369499999984,32.05659239999998],[34.7502032,32.056256]]]]}},{"type":"Feature","properties":{"Id":854,"Name":"Palaistine III","Diocese":"Anatolike"},"geometry":{"type":"Polygon","coordinates":[[[34.999871030186284,32.717154259156416],[35.31251541945562,32.83019074917843],[35.50882095243662,33.02649628215943],[35.906948880644734,33.15225590022004],[36.023206884024376,32.97478662873414],[36.025586345030206,32.8700903444776],[36.104108558222606,32.720184301110294],[36.258773523601576,32.54172472567302],[36.20642538147331,32.30615808609582],[35.98989442994275,32.163390425746],[35.77336347841219,32.13483689367604],[35.34069815218538,32.171520250849426],[35.01273172467518,32.452132870363585],[34.99290026849985,32.59645232880712],[34.999871030186284,32.717154259156416]]]}},{"type":"Feature","properties":{"Id":866,"Name":"Palaistine III","Diocese":"Anatolike"},"geometry":{"type":"MultiPolygon","coordinates":[[[[32.59192196541776,29.900645822109198],[32.59201817400957,29.903732439659763],[32.59214143672781,29.89975718049943],[32.59192196541776,29.900645822109198]]],[[[32.59285247558354,29.90545095974458],[32.62992471793865,29.981813506651292],[32.800655010875346,30.856860291545388],[32.92676644418435,30.87827544059786],[33.07667248755166,30.842583525510406],[33.45976570949034,30.80689161042295],[33.92851952763891,30.856860291545388],[33.959452520714706,30.904449511661994],[34.72679721268116,31.254238033101842],[34.983779001310836,31.289929948189297],[35.10513151260818,31.35774458685546],[35.247899172958,31.48266628966155],[35.89411103554346,31.474199405974957],[36.30907929503326,31.398750631522148],[36.579742984446455,31.32736680134724],[35.44144849694072,29.72420494866924],[34.94865761078064,29.331049644510045],[34.9639549,29.3974193],[34.9795875,29.4084043],[34.9675096,29.4465524],[35.0012883,29.5173921],[34.9882638,29.540373],[34.9586222,29.5543015],[34.9137187,29.4984373],[34.8590723,29.4721683],[34.7783467,29.3402254],[34.742562,29.3126883],[34.7342284,29.1986322],[34.6917336,29.1616752],[34.6639573,29.0452605],[34.6853597,29.0106771],[34.682020301049924,28.977025887601876],[34.6392927,28.9493251],[34.648384,28.8650563],[34.6208881,28.8360792],[34.62149878238887,28.722847774683427],[34.5749032,28.6515933],[34.5754667,28.6238198],[34.5518687,28.6109296],[34.5190916,28.5530114],[34.509433915880386,28.47305484673182],[34.4884818,28.4782648],[34.4730682,28.4605554],[34.4416207,28.3591768],[34.4096749,28.3202129],[34.4106088,28.2333706],[34.4495347,28.1725962],[34.4274733,28.0829329],[34.4407734,28.0555127],[34.4323768,27.986534],[34.384415,27.9512977],[34.3664286,27.9158128],[34.3282952,27.9117815],[34.3166324,27.8483045],[34.2944323,27.8621661],[34.2885064,27.8483877],[34.2856196,27.8572018],[34.2728637,27.8536115],[34.2578495,27.7884504],[34.2054783,27.7887154],[34.2234029,27.7622499],[34.255746,27.7656543],[34.24976164133232,27.725648457821368],[34.1870114,27.7842235],[34.09377081630243,27.789220206447137],[33.9857466,27.8836909],[33.9524501,27.8864062],[33.9136679,27.9365435],[33.8796024,27.9306039],[33.763639135293374,28.019950316181905],[33.7599366,28.0484064],[33.7086678229887,28.073002436936473],[33.6667309,28.1630824],[33.6283721,28.1804407],[33.6230555,28.2274726],[33.5931451,28.2441348],[33.5672957,28.2933811],[33.4046069,28.3892318],[33.3644991,28.4549164],[33.3067759,28.4889938],[33.2590485,28.5424147],[33.2709076,28.5501389],[33.2599475,28.5801237],[33.2345908,28.5790518],[33.2542956,28.5495441],[33.2417202,28.5551387],[33.219435,28.6180392],[33.2074944,28.6189763],[33.2064712,28.6201442],[33.2227398,28.6288668],[33.1983451,28.6706988],[33.2311282,28.7685732],[33.17356046877277,28.872710734705954],[33.1886853,28.9196998],[33.170371,28.9448108],[33.1812271,29.000234],[33.0978066,29.0473723],[33.0036253,29.1575521],[32.9759137,29.1677415],[32.9513446,29.2030715],[32.9191120851645,29.211410319491247],[32.8689716,29.2896345],[32.830404,29.3148702],[32.8187321,29.4034793],[32.749266640525356,29.44416547789444],[32.7347942,29.4780924],[32.7321278,29.4697123],[32.72651237555868,29.468177599563614],[32.7267936,29.5502512],[32.7108872,29.5845037],[32.68196382348531,29.602746972857965],[32.6959806,29.7308321],[32.61203519090398,29.81920716359025],[32.6346482,29.8668475],[32.59285247558354,29.90545095974458]]],[[[34.2436372,27.7307085],[34.2419759,27.725656],[34.2425504,27.7313663],[34.2436372,27.7307085]]],[[[34.8608931,29.4626226],[34.8591109,29.4630455],[34.8605692,29.4644549],[34.8608931,29.4626226]]],[[[34.9876039,29.5359447],[34.9872802,29.53553],[34.9864406,29.5359548],[34.9876039,29.5359447]]]]}},{"type":"Feature","properties":{"Id":877,"Name":"Arabia","Diocese":"Anatolike"},"geometry":{"type":"Polygon","coordinates":[[[35.37639006727284,31.479097098152806],[35.5227269191314,31.757494035834952],[35.49774257857018,32.05730612256957],[35.544142068183874,32.14653591028821],[35.77336347841219,32.13483689367604],[35.98989442994275,32.163390425746],[36.20642538147331,32.30615808609582],[36.258773523601576,32.54172472567302],[36.104108558222606,32.720184301110294],[36.025586345030206,32.8700903444776],[36.023206884024376,32.97478662873414],[35.906948880644734,33.15225590022004],[36.40431722179153,33.320799916665464],[36.85046616038471,33.33864587420919],[37.05747926789195,33.22800093743808],[37.74990242058857,33.16732468178941],[36.579742984446455,31.32736680134724],[36.30907929503326,31.398750631522148],[35.89411103554346,31.474199405974957],[35.37639006727284,31.479097098152806]]]}}]}